track	panel	chr	hap	sample	ancestry	n_sites	n_correct	concordance	n_pred	n_fp	n_fn
NAT	NAT_HGDP	20	1	sim_001	NAT	848	815	0.9610849056603774	861	46	33
NAT	NAT_HGDP	20	1	sim_001	EUR	3758	3457	0.9199042043640234	3496	39	301
NAT	NAT_HGDP	20	1	sim_001	AFR	4875	4869	0.9987692307692307	5124	255	6
NAT	NAT_HGDP	20	2	sim_001	NAT	296	239	0.8074324324324325	239	0	57
NAT	NAT_HGDP	20	2	sim_001	EUR	6754	6664	0.9866745632217945	6808	144	90
NAT	NAT_HGDP	20	2	sim_001	AFR	2431	2344	0.9642122583299054	2434	90	87
NAT	NAT_HGDP	20	3	sim_002	NAT	856	856	1	914	58	0
NAT	NAT_HGDP	20	3	sim_002	EUR	5017	4959	0.9884393063583815	5016	57	58
NAT	NAT_HGDP	20	3	sim_002	AFR	3608	3551	0.9842017738359202	3551	0	57
NAT	NAT_HGDP	20	4	sim_002	NAT	1577	1577	1	1607	30	0
NAT	NAT_HGDP	20	4	sim_002	EUR	3685	3563	0.9668928086838534	3563	0	122
NAT	NAT_HGDP	20	4	sim_002	AFR	4219	4219	1	4311	92	0
NAT	NAT_HGDP	20	5	sim_003	NAT	4041	2743	0.6787923781242267	2806	63	1298
NAT	NAT_HGDP	20	5	sim_003	EUR	4102	4012	0.9780594831789371	5459	1447	90
NAT	NAT_HGDP	20	5	sim_003	AFR	1338	1186	0.8863976083707026	1216	30	152
NAT	NAT_HGDP	20	6	sim_003	EUR	5416	5095	0.9407311669128509	5223	128	321
NAT	NAT_HGDP	20	6	sim_003	AFR	4065	3937	0.9685116851168512	4258	321	128
NAT	NAT_HGDP	20	7	sim_004	NAT	1471	1456	0.9898028552005439	1580	124	15
NAT	NAT_HGDP	20	7	sim_004	EUR	7529	7360	0.9775534599548413	7375	15	169
NAT	NAT_HGDP	20	7	sim_004	AFR	481	481	1	526	45	0
NAT	NAT_HGDP	20	8	sim_004	NAT	2350	1307	0.5561702127659575	1307	0	1043
NAT	NAT_HGDP	20	8	sim_004	EUR	7131	7007	0.9826111344832422	8005	998	124
NAT	NAT_HGDP	20	9	sim_005	NAT	169	97	0.5739644970414202	97	0	72
NAT	NAT_HGDP	20	9	sim_005	EUR	8611	8485	0.9853675531297178	8561	76	126
NAT	NAT_HGDP	20	9	sim_005	AFR	701	697	0.9942938659058488	823	126	4
NAT	NAT_HGDP	20	10	sim_005	NAT	1982	1935	0.9762865792129163	2100	165	47
NAT	NAT_HGDP	20	10	sim_005	EUR	5651	5326	0.942488055211467	5474	148	325
NAT	NAT_HGDP	20	10	sim_005	AFR	1848	1627	0.8804112554112554	1907	280	221
NAT	NAT_HGDP	20	11	sim_006	EUR	7075	6463	0.9134982332155477	6463	0	612
NAT	NAT_HGDP	20	11	sim_006	AFR	2406	2354	0.9783873649210307	2518	164	52
NAT	NAT_HGDP	20	12	sim_006	NAT	2321	2246	0.967686342093925	2274	28	75
NAT	NAT_HGDP	20	12	sim_006	EUR	6543	6513	0.9954149472718936	6588	75	30
NAT	NAT_HGDP	20	12	sim_006	AFR	617	617	1	619	2	0
NAT	NAT_HGDP	20	13	sim_007	NAT	6990	6895	0.9864091559370529	6931	36	95
NAT	NAT_HGDP	20	13	sim_007	EUR	1068	986	0.9232209737827716	1081	95	82
NAT	NAT_HGDP	20	13	sim_007	AFR	1423	1423	1	1469	46	0
NAT	NAT_HGDP	20	14	sim_007	EUR	9053	9043	0.9988953937921131	9063	20	10
NAT	NAT_HGDP	20	14	sim_007	AFR	428	408	0.9532710280373832	418	10	20
NAT	NAT_HGDP	20	15	sim_008	NAT	738	621	0.8414634146341463	636	15	117
NAT	NAT_HGDP	20	15	sim_008	EUR	7770	7755	0.9980694980694981	8050	295	15
NAT	NAT_HGDP	20	15	sim_008	AFR	973	795	0.817060637204522	795	0	178
NAT	NAT_HGDP	20	16	sim_008	EUR	7561	7319	0.9679936516333818	7435	116	242
NAT	NAT_HGDP	20	16	sim_008	AFR	1920	1804	0.9395833333333333	1968	164	116
NAT	NAT_HGDP	20	17	sim_009	NAT	209	133	0.6363636363636364	230	97	76
NAT	NAT_HGDP	20	17	sim_009	EUR	1534	1472	0.9595827900912647	1637	165	62
NAT	NAT_HGDP	20	17	sim_009	AFR	7738	7573	0.9786766606358233	7614	41	165
NAT	NAT_HGDP	20	18	sim_009	NAT	2921	1959	0.670660732625813	1981	22	962
NAT	NAT_HGDP	20	18	sim_009	EUR	5431	5409	0.9959491806297183	6359	950	22
NAT	NAT_HGDP	20	18	sim_009	AFR	1129	1129	1	1141	12	0
NAT	NAT_HGDP	20	19	sim_010	NAT	934	898	0.961456102783726	916	18	36
NAT	NAT_HGDP	20	19	sim_010	EUR	6724	6634	0.9866151100535395	6758	124	90
NAT	NAT_HGDP	20	19	sim_010	AFR	1823	1735	0.9517279210093252	1807	72	88
NAT	NAT_HGDP	20	20	sim_010	NAT	2357	2313	0.9813322019516334	2368	55	44
NAT	NAT_HGDP	20	20	sim_010	EUR	6481	6407	0.9885820089492362	6442	35	74
NAT	NAT_HGDP	20	20	sim_010	AFR	643	642	0.9984447900466563	671	29	1
NAT	NAT_HGDP	20	21	sim_011	NAT	3396	3395	0.9997055359246172	3491	96	1
NAT	NAT_HGDP	20	21	sim_011	EUR	5520	5427	0.9831521739130434	5430	3	93
NAT	NAT_HGDP	20	21	sim_011	AFR	565	560	0.9911504424778761	560	0	5
NAT	NAT_HGDP	20	22	sim_011	NAT	1070	1057	0.9878504672897196	1402	345	13
NAT	NAT_HGDP	20	22	sim_011	EUR	6029	5705	0.9462597445679217	5720	15	324
NAT	NAT_HGDP	20	22	sim_011	AFR	2382	2359	0.9903442485306465	2359	0	23
NAT	NAT_HGDP	20	23	sim_012	NAT	1030	999	0.9699029126213592	1043	44	31
NAT	NAT_HGDP	20	23	sim_012	EUR	5945	5547	0.9330529857022708	5547	0	398
NAT	NAT_HGDP	20	23	sim_012	AFR	2506	2462	0.9824421388667198	2891	429	44
NAT	NAT_HGDP	20	24	sim_012	NAT	1579	1450	0.9183027232425586	1456	6	129
NAT	NAT_HGDP	20	24	sim_012	EUR	6622	6464	0.9761401389308366	6662	198	158
NAT	NAT_HGDP	20	24	sim_012	AFR	1280	1211	0.94609375	1363	152	69
NAT	NAT_HGDP	20	25	sim_013	NAT	1895	1832	0.9667546174142481	1880	48	63
NAT	NAT_HGDP	20	25	sim_013	EUR	4536	4471	0.9856701940035273	4656	185	65
NAT	NAT_HGDP	20	25	sim_013	AFR	3050	2909	0.9537704918032787	2945	36	141
NAT	NAT_HGDP	20	26	sim_013	EUR	6834	6757	0.988732806555458	6801	44	77
NAT	NAT_HGDP	20	26	sim_013	AFR	2647	2603	0.9833774083868531	2680	77	44
NAT	NAT_HGDP	20	27	sim_014	NAT	118	0	0	0	0	118
NAT	NAT_HGDP	20	27	sim_014	EUR	9363	9363	1	9481	118	0
NAT	NAT_HGDP	20	28	sim_014	NAT	342	340	0.9941520467836257	368	28	2
NAT	NAT_HGDP	20	28	sim_014	EUR	7580	7287	0.9613456464379947	7379	92	293
NAT	NAT_HGDP	20	28	sim_014	AFR	1559	1468	0.9416292495189224	1734	266	91
NAT	NAT_HGDP	20	29	sim_015	EUR	5017	4864	0.969503687462627	5184	320	153
NAT	NAT_HGDP	20	29	sim_015	AFR	4464	4144	0.9283154121863799	4297	153	320
NAT	NAT_HGDP	20	30	sim_015	NAT	718	718	1	768	50	0
NAT	NAT_HGDP	20	30	sim_015	EUR	5652	5601	0.9909766454352441	5644	43	51
NAT	NAT_HGDP	20	30	sim_015	AFR	3111	3018	0.970106075216972	3069	51	93
NAT	NAT_HGDP	20	31	sim_016	NAT	165	0	0	0	0	165
NAT	NAT_HGDP	20	31	sim_016	EUR	5481	5458	0.9958036854588579	5714	256	23
NAT	NAT_HGDP	20	31	sim_016	AFR	3835	3744	0.976271186440678	3767	23	91
NAT	NAT_HGDP	20	32	sim_016	NAT	111	0	0	115	115	111
NAT	NAT_HGDP	20	32	sim_016	EUR	8136	7762	0.954031465093412	7889	127	374
NAT	NAT_HGDP	20	32	sim_016	AFR	1234	1218	0.9870340356564019	1477	259	16
NAT	NAT_HGDP	20	33	sim_017	NAT	419	354	0.8448687350835322	379	25	65
NAT	NAT_HGDP	20	33	sim_017	EUR	4708	4630	0.9834324553950722	4740	110	78
NAT	NAT_HGDP	20	33	sim_017	AFR	4354	4298	0.9871382636655949	4362	64	56
NAT	NAT_HGDP	20	34	sim_017	NAT	1617	1545	0.9554730983302412	1700	155	72
NAT	NAT_HGDP	20	34	sim_017	EUR	7225	6854	0.9486505190311418	6854	0	371
NAT	NAT_HGDP	20	34	sim_017	AFR	639	639	1	927	288	0
NAT	NAT_HGDP	20	35	sim_018	NAT	239	225	0.9414225941422594	353	128	14
NAT	NAT_HGDP	20	35	sim_018	EUR	6909	6792	0.9830655666521928	6814	22	117
NAT	NAT_HGDP	20	35	sim_018	AFR	2333	2313	0.9914273467638234	2314	1	20
NAT	NAT_HGDP	20	36	sim_018	NAT	260	0	0	128	128	260
NAT	NAT_HGDP	20	36	sim_018	EUR	3751	3597	0.9589442815249267	3758	161	154
NAT	NAT_HGDP	20	36	sim_018	AFR	5470	5401	0.9873857404021937	5595	194	69
NAT	NAT_HGDP	20	37	sim_019	NAT	751	653	0.8695073235685752	671	18	98
NAT	NAT_HGDP	20	37	sim_019	EUR	5603	5551	0.9907192575406032	5681	130	52
NAT	NAT_HGDP	20	37	sim_019	AFR	3127	3095	0.9897665494083786	3129	34	32
NAT	NAT_HGDP	20	38	sim_019	NAT	1697	1014	0.5975250441956393	1014	0	683
NAT	NAT_HGDP	20	38	sim_019	EUR	2571	2571	1	2806	235	0
NAT	NAT_HGDP	20	38	sim_019	AFR	5213	5208	0.9990408593899865	5661	453	5
NAT	NAT_HGDP	20	39	sim_020	NAT	3298	3298	1	3303	5	0
NAT	NAT_HGDP	20	39	sim_020	EUR	4194	4189	0.9988078206962328	4332	143	5
NAT	NAT_HGDP	20	39	sim_020	AFR	1989	1846	0.9281045751633987	1846	0	143
NAT	NAT_HGDP	20	40	sim_020	NAT	2617	2533	0.9679021780664884	2533	0	84
NAT	NAT_HGDP	20	40	sim_020	EUR	4685	4675	0.9978655282817502	4740	65	10
NAT	NAT_HGDP	20	40	sim_020	AFR	2179	2174	0.9977053694355209	2208	34	5
NAT	NAT_HGDP	20	41	sim_021	NAT	3031	3031	1	3281	250	0
NAT	NAT_HGDP	20	41	sim_021	EUR	5284	4999	0.9460635881907645	4999	0	285
NAT	NAT_HGDP	20	41	sim_021	AFR	1166	1151	0.9871355060034306	1201	50	15
NAT	NAT_HGDP	20	42	sim_021	NAT	1550	1493	0.9632258064516129	1537	44	57
NAT	NAT_HGDP	20	42	sim_021	EUR	7510	7445	0.9913448735019973	7502	57	65
NAT	NAT_HGDP	20	42	sim_021	AFR	421	421	1	442	21	0
NAT	NAT_HGDP	20	43	sim_022	NAT	1622	1615	0.9956843403205918	1643	28	7
NAT	NAT_HGDP	20	43	sim_022	EUR	6676	6676	1	6791	115	0
NAT	NAT_HGDP	20	43	sim_022	AFR	1183	1040	0.8791208791208791	1047	7	143
NAT	NAT_HGDP	20	44	sim_022	EUR	7994	7941	0.9933700275206405	7951	10	53
NAT	NAT_HGDP	20	44	sim_022	AFR	1487	1477	0.9932750504371217	1530	53	10
NAT	NAT_HGDP	20	45	sim_023	NAT	550	0	0	0	0	550
NAT	NAT_HGDP	20	45	sim_023	EUR	5996	5989	0.9988325550366911	6605	616	7
NAT	NAT_HGDP	20	45	sim_023	AFR	2935	2838	0.9669505962521294	2876	38	97
NAT	NAT_HGDP	20	46	sim_023	NAT	111	67	0.6036036036036037	67	0	44
NAT	NAT_HGDP	20	46	sim_023	EUR	776	774	0.9974226804123711	869	95	2
NAT	NAT_HGDP	20	46	sim_023	AFR	8594	8543	0.9940656271817547	8545	2	51
NAT	NAT_HGDP	20	47	sim_024	NAT	293	199	0.6791808873720137	199	0	94
NAT	NAT_HGDP	20	47	sim_024	EUR	7673	7673	1	7767	94	0
NAT	NAT_HGDP	20	47	sim_024	AFR	1515	1515	1	1515	0	0
NAT	NAT_HGDP	20	48	sim_024	NAT	1195	1161	0.9715481171548117	1161	0	34
NAT	NAT_HGDP	20	48	sim_024	EUR	7421	7401	0.9973049454251448	7451	50	20
NAT	NAT_HGDP	20	48	sim_024	AFR	865	820	0.9479768786127167	869	49	45
NAT	NAT_HGDP	20	49	sim_025	NAT	225	0	0	0	0	225
NAT	NAT_HGDP	20	49	sim_025	EUR	6285	6274	0.9982498011137629	6654	380	11
NAT	NAT_HGDP	20	49	sim_025	AFR	2971	2816	0.9478290138000673	2827	11	155
NAT	NAT_HGDP	20	50	sim_025	NAT	2938	2626	0.8938053097345132	2726	100	312
NAT	NAT_HGDP	20	50	sim_025	EUR	6157	5872	0.9537112229982134	6330	458	285
NAT	NAT_HGDP	20	50	sim_025	AFR	386	220	0.5699481865284974	425	205	166
NAT	NAT_HGDP	20	51	sim_026	NAT	202	202	1	267	65	0
NAT	NAT_HGDP	20	51	sim_026	EUR	5652	5559	0.9835456475583864	5852	293	93
NAT	NAT_HGDP	20	51	sim_026	AFR	3627	3334	0.9192169837331128	3362	28	293
NAT	NAT_HGDP	20	52	sim_026	NAT	1927	1131	0.5869226777374157	1180	49	796
NAT	NAT_HGDP	20	52	sim_026	EUR	7446	7131	0.9576954069298953	8035	904	315
NAT	NAT_HGDP	20	52	sim_026	AFR	108	0	0	266	266	108
NAT	NAT_HGDP	20	53	sim_027	NAT	403	296	0.7344913151364765	471	175	107
NAT	NAT_HGDP	20	53	sim_027	EUR	5585	5440	0.9740376007162042	5752	312	145
NAT	NAT_HGDP	20	53	sim_027	AFR	3493	3258	0.9327225880332093	3258	0	235
NAT	NAT_HGDP	20	54	sim_027	NAT	876	876	1	876	0	0
NAT	NAT_HGDP	20	54	sim_027	EUR	6612	6524	0.9866908650937689	6552	28	88
NAT	NAT_HGDP	20	54	sim_027	AFR	1993	1965	0.9859508278976418	2053	88	28
NAT	NAT_HGDP	20	55	sim_028	NAT	9	0	0	0	0	9
NAT	NAT_HGDP	20	55	sim_028	EUR	7652	7652	1	7890	238	0
NAT	NAT_HGDP	20	55	sim_028	AFR	1820	1591	0.8741758241758242	1591	0	229
NAT	NAT_HGDP	20	56	sim_028	EUR	9067	9057	0.9988970993713466	9064	7	10
NAT	NAT_HGDP	20	56	sim_028	AFR	414	407	0.9830917874396136	417	10	7
NAT	NAT_HGDP	20	57	sim_029	NAT	2315	2192	0.9468682505399568	2269	77	123
NAT	NAT_HGDP	20	57	sim_029	EUR	4919	4909	0.9979670664769262	5068	159	10
NAT	NAT_HGDP	20	57	sim_029	AFR	2247	2113	0.9403649310191367	2144	31	134
NAT	NAT_HGDP	20	58	sim_029	NAT	4	0	0	0	0	4
NAT	NAT_HGDP	20	58	sim_029	EUR	2953	2886	0.977311208940061	2925	39	67
NAT	NAT_HGDP	20	58	sim_029	AFR	6524	6489	0.9946351931330472	6556	67	35
NAT	NAT_HGDP	20	59	sim_030	NAT	4546	4443	0.9773427188737351	4485	42	103
NAT	NAT_HGDP	20	59	sim_030	EUR	1362	1277	0.9375917767988252	1282	5	85
NAT	NAT_HGDP	20	59	sim_030	AFR	3573	3555	0.9949622166246851	3714	159	18
NAT	NAT_HGDP	20	60	sim_030	NAT	1307	1304	0.9977046671767407	1406	102	3
NAT	NAT_HGDP	20	60	sim_030	EUR	5713	5575	0.9758445650271311	5745	170	138
NAT	NAT_HGDP	20	60	sim_030	AFR	2461	2272	0.9232019504266559	2330	58	189
NATMXB	NAT_HGDP	20	1	sim_001	NAT	957	957	1	987	30	0
NATMXB	NAT_HGDP	20	1	sim_001	EUR	2139	1972	0.9219261337073399	2128	156	167
NATMXB	NAT_HGDP	20	1	sim_001	AFR	6385	6199	0.9708692247454973	6366	167	186
NATMXB	NAT_HGDP	20	2	sim_001	NAT	3219	2756	0.8561665113389252	2756	0	463
NATMXB	NAT_HGDP	20	2	sim_001	EUR	2515	2446	0.9725646123260437	2594	148	69
NATMXB	NAT_HGDP	20	2	sim_001	AFR	3747	3739	0.9978649586335735	4131	392	8
NATMXB	NAT_HGDP	20	3	sim_002	NAT	345	169	0.48985507246376814	325	156	176
NATMXB	NAT_HGDP	20	3	sim_002	EUR	7242	7041	0.972245236122618	7262	221	201
NATMXB	NAT_HGDP	20	3	sim_002	AFR	1894	1849	0.9762407602956705	1894	45	45
NATMXB	NAT_HGDP	20	4	sim_002	NAT	2534	1921	0.7580899763220206	2035	114	613
NATMXB	NAT_HGDP	20	4	sim_002	EUR	5670	5562	0.9809523809523809	6351	789	108
NATMXB	NAT_HGDP	20	4	sim_002	AFR	1277	1095	0.8574784651527017	1095	0	182
NATMXB	NAT_HGDP	20	5	sim_003	NAT	184	0	0	0	0	184
NATMXB	NAT_HGDP	20	5	sim_003	EUR	8752	8579	0.9802330895795247	8763	184	173
NATMXB	NAT_HGDP	20	5	sim_003	AFR	545	545	1	718	173	0
NATMXB	NAT_HGDP	20	6	sim_003	NAT	3906	3888	0.9953917050691244	3894	6	18
NATMXB	NAT_HGDP	20	6	sim_003	EUR	2998	2992	0.9979986657771848	2992	0	6
NATMXB	NAT_HGDP	20	6	sim_003	AFR	2577	2577	1	2595	18	0
NATMXB	NAT_HGDP	20	7	sim_004	EUR	6299	6281	0.99714240355612	6537	256	18
NATMXB	NAT_HGDP	20	7	sim_004	AFR	3182	2926	0.9195474544311754	2944	18	256
NATMXB	NAT_HGDP	20	8	sim_004	NAT	467	467	1	525	58	0
NATMXB	NAT_HGDP	20	8	sim_004	EUR	9014	8835	0.9801420013312625	8835	0	179
NATMXB	NAT_HGDP	20	9	sim_005	NAT	551	439	0.7967332123411979	439	0	112
NATMXB	NAT_HGDP	20	9	sim_005	EUR	7941	7941	1	8058	117	0
NATMXB	NAT_HGDP	20	9	sim_005	AFR	989	984	0.9949443882709808	984	0	5
NATMXB	NAT_HGDP	20	10	sim_005	NAT	2100	2088	0.9942857142857143	2125	37	12
NATMXB	NAT_HGDP	20	10	sim_005	EUR	2688	2688	1	2709	21	0
NATMXB	NAT_HGDP	20	10	sim_005	AFR	4693	4635	0.9876411676965694	4647	12	58
NATMXB	NAT_HGDP	20	11	sim_006	EUR	7224	7170	0.9925249169435216	7170	0	54
NATMXB	NAT_HGDP	20	11	sim_006	AFR	2257	2257	1	2311	54	0
NATMXB	NAT_HGDP	20	12	sim_006	NAT	725	660	0.9103448275862069	713	53	65
NATMXB	NAT_HGDP	20	12	sim_006	EUR	2227	1970	0.8845981140547822	1976	6	257
NATMXB	NAT_HGDP	20	12	sim_006	AFR	6529	6523	0.9990810231275846	6792	269	6
NATMXB	NAT_HGDP	20	13	sim_007	EUR	5749	5657	0.9839972169072883	5684	27	92
NATMXB	NAT_HGDP	20	13	sim_007	AFR	3732	3705	0.9927652733118971	3797	92	27
NATMXB	NAT_HGDP	20	14	sim_007	NAT	2081	2063	0.9913503123498318	2068	5	18
NATMXB	NAT_HGDP	20	14	sim_007	EUR	5353	5339	0.9973846441247899	5356	17	14
NATMXB	NAT_HGDP	20	14	sim_007	AFR	2047	2047	1	2057	10	0
NATMXB	NAT_HGDP	20	15	sim_008	NAT	479	453	0.9457202505219207	521	68	26
NATMXB	NAT_HGDP	20	15	sim_008	EUR	3817	3663	0.9596541786743515	3951	288	154
NATMXB	NAT_HGDP	20	15	sim_008	AFR	5185	4914	0.9477338476374156	5009	95	271
NATMXB	NAT_HGDP	20	16	sim_008	EUR	3832	3489	0.910490605427975	3606	117	343
NATMXB	NAT_HGDP	20	16	sim_008	AFR	5649	5532	0.9792883696229421	5875	343	117
NATMXB	NAT_HGDP	20	17	sim_009	NAT	1551	1532	0.9877498388136686	1669	137	19
NATMXB	NAT_HGDP	20	17	sim_009	EUR	7000	6839	0.977	6858	19	161
NATMXB	NAT_HGDP	20	17	sim_009	AFR	930	917	0.986021505376344	954	37	13
NATMXB	NAT_HGDP	20	18	sim_009	NAT	1638	1143	0.6978021978021978	1277	134	495
NATMXB	NAT_HGDP	20	18	sim_009	EUR	2670	2543	0.952434456928839	2996	453	127
NATMXB	NAT_HGDP	20	18	sim_009	AFR	5173	5039	0.9740962690895032	5208	169	134
NATMXB	NAT_HGDP	20	19	sim_010	EUR	6578	6470	0.9835816357555488	6496	26	108
NATMXB	NAT_HGDP	20	19	sim_010	AFR	2903	2877	0.9910437478470547	2985	108	26
NATMXB	NAT_HGDP	20	20	sim_010	EUR	3265	3204	0.9813169984686064	3607	403	61
NATMXB	NAT_HGDP	20	20	sim_010	AFR	6216	5813	0.9351673101673101	5874	61	403
NATMXB	NAT_HGDP	20	21	sim_011	NAT	1368	1317	0.9627192982456141	1321	4	51
NATMXB	NAT_HGDP	20	21	sim_011	EUR	1312	1306	0.9954268292682927	1412	106	6
NATMXB	NAT_HGDP	20	21	sim_011	AFR	6801	6742	0.9913248051757094	6748	6	59
NATMXB	NAT_HGDP	20	22	sim_011	NAT	249	89	0.357429718875502	294	205	160
NATMXB	NAT_HGDP	20	22	sim_011	EUR	5996	5715	0.9531354236157439	5967	252	281
NATMXB	NAT_HGDP	20	22	sim_011	AFR	3236	3124	0.965389369592089	3220	96	112
NATMXB	NAT_HGDP	20	23	sim_012	NAT	492	368	0.7479674796747967	368	0	124
NATMXB	NAT_HGDP	20	23	sim_012	EUR	6052	6020	0.9947124917382684	6122	102	32
NATMXB	NAT_HGDP	20	23	sim_012	AFR	2937	2922	0.9948927477017364	2991	69	15
NATMXB	NAT_HGDP	20	24	sim_012	NAT	1333	1172	0.8792198049512379	1172	0	161
NATMXB	NAT_HGDP	20	24	sim_012	EUR	6770	6513	0.9620384047267356	6674	161	257
NATMXB	NAT_HGDP	20	24	sim_012	AFR	1378	1378	1	1635	257	0
NATMXB	NAT_HGDP	20	25	sim_013	NAT	1872	1829	0.9770299145299145	1928	99	43
NATMXB	NAT_HGDP	20	25	sim_013	EUR	2404	2286	0.9509151414309485	2591	305	118
NATMXB	NAT_HGDP	20	25	sim_013	AFR	5205	4900	0.9414024975984631	4962	62	305
NATMXB	NAT_HGDP	20	26	sim_013	NAT	355	300	0.8450704225352113	367	67	55
NATMXB	NAT_HGDP	20	26	sim_013	EUR	7052	6953	0.9859614293817357	7117	164	99
NATMXB	NAT_HGDP	20	26	sim_013	AFR	2074	1936	0.9334619093539055	1997	61	138
NATMXB	NAT_HGDP	20	27	sim_014	EUR	8876	8876	1	8876	0	0
NATMXB	NAT_HGDP	20	27	sim_014	AFR	605	605	1	605	0	0
NATMXB	NAT_HGDP	20	28	sim_014	NAT	3440	3252	0.9453488372093023	3469	217	188
NATMXB	NAT_HGDP	20	28	sim_014	EUR	4748	4539	0.9559814658803707	4692	153	209
NATMXB	NAT_HGDP	20	28	sim_014	AFR	1293	1255	0.9706109822119103	1320	65	38
NATMXB	NAT_HGDP	20	29	sim_015	NAT	3618	3609	0.9975124378109452	3609	0	9
NATMXB	NAT_HGDP	20	29	sim_015	EUR	3518	3406	0.9681637293916998	3415	9	112
NATMXB	NAT_HGDP	20	29	sim_015	AFR	2345	2345	1	2457	112	0
NATMXB	NAT_HGDP	20	30	sim_015	NAT	2118	2077	0.9806421152030217	2101	24	41
NATMXB	NAT_HGDP	20	30	sim_015	EUR	2831	2458	0.86824443659484285	2653	195	373
NATMXB	NAT_HGDP	20	30	sim_015	AFR	4532	4355	0.9609443954104149	4727	372	177
NATMXB	NAT_HGDP	20	31	sim_016	NAT	116	116	1	192	76	0
NATMXB	NAT_HGDP	20	31	sim_016	EUR	5889	5724	0.9719816607233825	5733	9	165
NATMXB	NAT_HGDP	20	31	sim_016	AFR	3476	3467	0.9974108170310702	3556	89	9
NATMXB	NAT_HGDP	20	32	sim_016	EUR	6104	6036	0.9888597640891219	6141	105	68
NATMXB	NAT_HGDP	20	32	sim_016	AFR	3377	3272	0.9689073141841872	3340	68	105
NATMXB	NAT_HGDP	20	33	sim_017	NAT	2337	958	0.4099272571673085	961	3	1379
NATMXB	NAT_HGDP	20	33	sim_017	EUR	5557	5387	0.9694079539319777	6803	1416	170
NATMXB	NAT_HGDP	20	33	sim_017	AFR	1587	1550	0.9766855702583491	1717	167	37
NATMXB	NAT_HGDP	20	34	sim_017	NAT	1745	1744	0.9994269340974212	1745	1	1
NATMXB	NAT_HGDP	20	34	sim_017	EUR	6540	6530	0.9984709480122325	6593	63	10
NATMXB	NAT_HGDP	20	34	sim_017	AFR	1196	1133	0.947324414715719	1143	10	63
NATMXB	NAT_HGDP	20	35	sim_018	NAT	3193	3191	0.9993736298152208	3486	295	2
NATMXB	NAT_HGDP	20	35	sim_018	EUR	3168	2935	0.9264520202020202	3063	128	233
NATMXB	NAT_HGDP	20	35	sim_018	AFR	3120	2913	0.9336538461538462	2932	19	207
NATMXB	NAT_HGDP	20	36	sim_018	NAT	4969	4929	0.9919500905614812	4930	1	40
NATMXB	NAT_HGDP	20	36	sim_018	EUR	2953	2933	0.993227226549272	2983	50	20
NATMXB	NAT_HGDP	20	36	sim_018	AFR	1559	1549	0.9935856318152662	1568	19	10
NATMXB	NAT_HGDP	20	37	sim_019	NAT	489	348	0.7116564417177914	361	13	141
NATMXB	NAT_HGDP	20	37	sim_019	EUR	7366	7353	0.9982351344013033	7711	358	13
NATMXB	NAT_HGDP	20	37	sim_019	AFR	1626	1340	0.8241082410824109	1409	69	286
NATMXB	NAT_HGDP	20	38	sim_019	EUR	4147	3917	0.9445382204002893	3978	61	230
NATMXB	NAT_HGDP	20	38	sim_019	AFR	5334	5209	0.9765654293213348	5236	27	125
NATMXB	NAT_HGDP	20	39	sim_020	NAT	676	676	1	801	125	0
NATMXB	NAT_HGDP	20	39	sim_020	EUR	6261	6074	0.9701325666826386	6074	0	187
NATMXB	NAT_HGDP	20	39	sim_020	AFR	2544	2498	0.9819182389937107	2606	108	46
NATMXB	NAT_HGDP	20	40	sim_020	EUR	7884	7871	0.9983510908168443	8020	149	13
NATMXB	NAT_HGDP	20	40	sim_020	AFR	1597	1448	0.9067000626174077	1461	13	149
NATMXB	NAT_HGDP	20	41	sim_021	EUR	6696	6552	0.978494623655914	6604	52	144
NATMXB	NAT_HGDP	20	41	sim_021	AFR	2785	2725	0.9784560143626571	2795	70	60
NATMXB	NAT_HGDP	20	42	sim_021	NAT	1571	1563	0.9949077021005729	1563	0	8
NATMXB	NAT_HGDP	20	42	sim_021	EUR	5718	5715	0.9994753410283316	5775	60	3
NATMXB	NAT_HGDP	20	42	sim_021	AFR	2192	2140	0.9762773722627737	2143	3	52
NATMXB	NAT_HGDP	20	43	sim_022	NAT	897	535	0.5964325529542921	535	0	362
NATMXB	NAT_HGDP	20	43	sim_022	EUR	7181	7056	0.9825929536276284	7457	401	125
NATMXB	NAT_HGDP	20	43	sim_022	AFR	1403	1348	0.9607982893799002	1489	141	55
NATMXB	NAT_HGDP	20	44	sim_022	NAT	1974	1943	0.9842958459979737	1959	16	31
NATMXB	NAT_HGDP	20	44	sim_022	EUR	6743	6743	1	6814	71	0
NATMXB	NAT_HGDP	20	44	sim_022	AFR	764	708	0.9267015706806283	708	0	56
NATMXB	NAT_HGDP	20	45	sim_023	NAT	2040	2038	0.9990196078431373	2385	347	2
NATMXB	NAT_HGDP	20	45	sim_023	EUR	5731	5274	0.9202582446344443	5336	62	457
NATMXB	NAT_HGDP	20	45	sim_023	AFR	1710	1638	0.9578947368421052	1760	122	72
NATMXB	NAT_HGDP	20	46	sim_023	NAT	1895	1851	0.9767810026385224	1852	1	44
NATMXB	NAT_HGDP	20	46	sim_023	EUR	2957	2941	0.9945891105850524	2985	44	16
NATMXB	NAT_HGDP	20	46	sim_023	AFR	4629	4628	0.9997839706200043	4644	16	1
NATMXB	NAT_HGDP	20	47	sim_024	NAT	2690	2054	0.7635687732342007	2177	123	636
NATMXB	NAT_HGDP	20	47	sim_024	EUR	6437	6396	0.9936305732484076	7032	636	41
NATMXB	NAT_HGDP	20	47	sim_024	AFR	354	261	0.7372881355932204	272	11	93
NATMXB	NAT_HGDP	20	48	sim_024	NAT	3199	3196	0.9990622069396686	3196	0	3
NATMXB	NAT_HGDP	20	48	sim_024	EUR	6148	5906	0.9606376057254392	5969	63	242
NATMXB	NAT_HGDP	20	48	sim_024	AFR	134	74	0.5522388059701493	316	242	60
NATMXB	NAT_HGDP	20	49	sim_025	EUR	8322	8318	0.9995193463109829	8318	0	4
NATMXB	NAT_HGDP	20	49	sim_025	AFR	1159	1159	1	1163	4	0
NATMXB	NAT_HGDP	20	50	sim_025	NAT	1148	1120	0.975609756097561	1128	8	28
NATMXB	NAT_HGDP	20	50	sim_025	EUR	8085	8085	1	8117	32	0
NATMXB	NAT_HGDP	20	50	sim_025	AFR	248	208	0.8387096774193549	236	28	40
NATMXB	NAT_HGDP	20	51	sim_026	NAT	420	420	1	420	0	0
NATMXB	NAT_HGDP	20	51	sim_026	EUR	8286	8286	1	8294	8	0
NATMXB	NAT_HGDP	20	51	sim_026	AFR	775	767	0.9896774193548387	767	0	8
NATMXB	NAT_HGDP	20	52	sim_026	NAT	3399	3330	0.9796999117387467	3494	164	69
NATMXB	NAT_HGDP	20	52	sim_026	EUR	5245	5204	0.9921830314585319	5273	69	41
NATMXB	NAT_HGDP	20	52	sim_026	AFR	837	707	0.8446833930704899	714	7	130
NATMXB	NAT_HGDP	20	53	sim_027	NAT	225	225	1	230	5	0
NATMXB	NAT_HGDP	20	53	sim_027	EUR	6317	6235	0.9870191546620231	6292	57	82
NATMXB	NAT_HGDP	20	53	sim_027	AFR	2939	2882	0.9806056481796529	2959	77	57
NATMXB	NAT_HGDP	20	54	sim_027	NAT	3248	3162	0.9735221674876847	3296	134	86
NATMXB	NAT_HGDP	20	54	sim_027	EUR	3746	3637	0.9709022957821677	3723	86	109
NATMXB	NAT_HGDP	20	54	sim_027	AFR	2487	2459	0.9887414555689585	2462	3	28
NATMXB	NAT_HGDP	20	55	sim_028	NAT	1676	1662	0.9916467780429594	1677	15	14
NATMXB	NAT_HGDP	20	55	sim_028	EUR	7562	7561	0.999867759851891	7609	48	1
NATMXB	NAT_HGDP	20	55	sim_028	AFR	243	195	0.8024691358024691	195	0	48
NATMXB	NAT_HGDP	20	56	sim_028	NAT	3028	1373	0.4534346103038309	1410	37	1655
NATMXB	NAT_HGDP	20	56	sim_028	EUR	4016	3811	0.9489541832669323	4455	644	205
NATMXB	NAT_HGDP	20	56	sim_028	AFR	2437	2397	0.9835863766926549	3616	1219	40
NATMXB	NAT_HGDP	20	57	sim_029	NAT	75	61	0.8133333333333334	70	9	14
NATMXB	NAT_HGDP	20	57	sim_029	EUR	2518	2420	0.9610802223987291	2494	74	98
NATMXB	NAT_HGDP	20	57	sim_029	AFR	6888	6819	0.9899825783972126	6917	98	69
NATMXB	NAT_HGDP	20	58	sim_029	NAT	604	587	0.9718543046357616	606	19	17
NATMXB	NAT_HGDP	20	58	sim_029	EUR	1955	1948	0.9964194373401535	1949	1	7
NATMXB	NAT_HGDP	20	58	sim_029	AFR	6922	6902	0.9971106616584802	6926	24	20
NATMXB	NAT_HGDP	20	59	sim_030	NAT	1357	1331	0.9808400884303611	1532	201	26
NATMXB	NAT_HGDP	20	59	sim_030	EUR	7388	7181	0.9719815917704385	7181	0	207
NATMXB	NAT_HGDP	20	59	sim_030	AFR	736	736	1	768	32	0
NATMXB	NAT_HGDP	20	60	sim_030	NAT	1782	1713	0.9612794612794613	1713	0	69
NATMXB	NAT_HGDP	20	60	sim_030	EUR	6802	6773	0.9957365480740958	6888	115	29
NATMXB	NAT_HGDP	20	60	sim_030	AFR	897	845	0.9420289855072463	880	35	52
NAT	NAT_PEL	20	1	sim_001	NAT	848	842	0.9929245283018868	1095	253	6
NAT	NAT_PEL	20	1	sim_001	EUR	3758	3144	0.8366152208621607	3156	12	614
NAT	NAT_PEL	20	1	sim_001	AFR	4875	4869	0.9987692307692307	5230	361	6
NAT	NAT_PEL	20	2	sim_001	NAT	296	161	0.543918918918919	161	0	135
NAT	NAT_PEL	20	2	sim_001	EUR	6754	6664	0.9866745632217945	6886	222	90
NAT	NAT_PEL	20	2	sim_001	AFR	2431	2344	0.9642122583299054	2434	90	87
NAT	NAT_PEL	20	3	sim_002	NAT	856	856	1	914	58	0
NAT	NAT_PEL	20	3	sim_002	EUR	5017	4959	0.9884393063583815	5016	57	58
NAT	NAT_PEL	20	3	sim_002	AFR	3608	3551	0.9842017738359202	3551	0	57
NAT	NAT_PEL	20	4	sim_002	NAT	1577	1577	1	1607	30	0
NAT	NAT_PEL	20	4	sim_002	EUR	3685	3563	0.9668928086838534	3563	0	122
NAT	NAT_PEL	20	4	sim_002	AFR	4219	4219	1	4311	92	0
NAT	NAT_PEL	20	5	sim_003	NAT	4041	2734	0.6765652066320218	2735	1	1307
NAT	NAT_PEL	20	5	sim_003	EUR	4102	4074	0.9931740614334471	5530	1456	28
NAT	NAT_PEL	20	5	sim_003	AFR	1338	1186	0.8863976083707026	1216	30	152
NAT	NAT_PEL	20	6	sim_003	EUR	5416	4975	0.9185745937961596	5103	128	441
NAT	NAT_PEL	20	6	sim_003	AFR	4065	3937	0.9685116851168512	4378	441	128
NAT	NAT_PEL	20	7	sim_004	NAT	1471	1408	0.9571719918422842	1509	101	63
NAT	NAT_PEL	20	7	sim_004	EUR	7529	7383	0.9806083145172002	7446	63	146
NAT	NAT_PEL	20	7	sim_004	AFR	481	481	1	526	45	0
NAT	NAT_PEL	20	8	sim_004	NAT	2350	1337	0.568936170212766	1337	0	1013
NAT	NAT_PEL	20	8	sim_004	EUR	7131	7007	0.9826111344832422	7975	968	124
NAT	NAT_PEL	20	9	sim_005	NAT	169	97	0.5739644970414202	264	167	72
NAT	NAT_PEL	20	9	sim_005	EUR	8611	8345	0.9691092788294042	8421	76	266
NAT	NAT_PEL	20	9	sim_005	AFR	701	697	0.9942938659058488	796	99	4
NAT	NAT_PEL	20	10	sim_005	NAT	1982	1935	0.9762865792129163	2068	133	47
NAT	NAT_PEL	20	10	sim_005	EUR	5651	5365	0.949389488586091	5539	174	286
NAT	NAT_PEL	20	10	sim_005	AFR	1848	1601	0.8663419913419913	1874	273	247
NAT	NAT_PEL	20	11	sim_006	EUR	7075	6477	0.9154770318021201	6493	16	598
NAT	NAT_PEL	20	11	sim_006	AFR	2406	2390	0.9933499584372403	2715	325	16
NAT	NAT_PEL	20	12	sim_006	NAT	2321	1923	0.8285221887117622	1950	27	398
NAT	NAT_PEL	20	12	sim_006	EUR	6543	6514	0.9955677823628305	6912	398	29
NAT	NAT_PEL	20	12	sim_006	AFR	617	617	1	619	2	0
NAT	NAT_PEL	20	13	sim_007	NAT	6990	6990	1	7030	40	0
NAT	NAT_PEL	20	13	sim_007	EUR	1068	982	0.9194756554307116	982	0	86
NAT	NAT_PEL	20	13	sim_007	AFR	1423	1423	1	1469	46	0
NAT	NAT_PEL	20	14	sim_007	EUR	9053	9017	0.9960234176516072	9017	0	36
NAT	NAT_PEL	20	14	sim_007	AFR	428	428	1	464	36	0
NAT	NAT_PEL	20	15	sim_008	NAT	738	664	0.8997289972899729	664	0	74
NAT	NAT_PEL	20	15	sim_008	EUR	7770	7770	1	7874	104	0
NAT	NAT_PEL	20	15	sim_008	AFR	973	943	0.9691675231243576	943	0	30
NAT	NAT_PEL	20	16	sim_008	EUR	7561	7238	0.9572807829652162	7354	116	323
NAT	NAT_PEL	20	16	sim_008	AFR	1920	1804	0.9395833333333333	1968	164	116
NAT	NAT_PEL	20	17	sim_009	NAT	209	133	0.6363636363636364	230	97	76
NAT	NAT_PEL	20	17	sim_009	EUR	1534	1472	0.9595827900912647	1637	165	62
NAT	NAT_PEL	20	17	sim_009	AFR	7738	7573	0.9786766606358233	7614	41	165
NAT	NAT_PEL	20	18	sim_009	NAT	2921	1580	0.5409106470386854	1580	0	1341
NAT	NAT_PEL	20	18	sim_009	EUR	5431	5431	1	6760	1329	0
NAT	NAT_PEL	20	18	sim_009	AFR	1129	1129	1	1141	12	0
NAT	NAT_PEL	20	19	sim_010	NAT	934	898	0.961456102783726	916	18	36
NAT	NAT_PEL	20	19	sim_010	EUR	6724	6634	0.9866151100535395	6758	124	90
NAT	NAT_PEL	20	19	sim_010	AFR	1823	1735	0.9517279210093252	1807	72	88
NAT	NAT_PEL	20	20	sim_010	NAT	2357	2313	0.9813322019516334	2386	73	44
NAT	NAT_PEL	20	20	sim_010	EUR	6481	6407	0.9885820089492362	6442	35	74
NAT	NAT_PEL	20	20	sim_010	AFR	643	624	0.9704510108864697	653	29	19
NAT	NAT_PEL	20	21	sim_011	NAT	3396	3315	0.976148409893993	3366	51	81
NAT	NAT_PEL	20	21	sim_011	EUR	5520	5469	0.9907608695652174	5516	47	51
NAT	NAT_PEL	20	21	sim_011	AFR	565	563	0.9964601769911504	599	36	2
NAT	NAT_PEL	20	22	sim_011	NAT	1070	1057	0.9878504672897196	1353	296	13
NAT	NAT_PEL	20	22	sim_011	EUR	6029	5754	0.9543871288770941	5769	15	275
NAT	NAT_PEL	20	22	sim_011	AFR	2382	2359	0.9903442485306465	2359	0	23
NAT	NAT_PEL	20	23	sim_012	NAT	1030	956	0.9281553398058252	962	6	74
NAT	NAT_PEL	20	23	sim_012	EUR	5945	5573	0.9374264087468461	5573	0	372
NAT	NAT_PEL	20	23	sim_012	AFR	2506	2500	0.9976057462090981	2946	446	6
NAT	NAT_PEL	20	24	sim_012	NAT	1579	1450	0.9183027232425586	1488	38	129
NAT	NAT_PEL	20	24	sim_012	EUR	6622	6368	0.9616430081546361	6566	198	254
NAT	NAT_PEL	20	24	sim_012	AFR	1280	1211	0.94609375	1427	216	69
NAT	NAT_PEL	20	25	sim_013	NAT	1895	1832	0.9667546174142481	1880	48	63
NAT	NAT_PEL	20	25	sim_013	EUR	4536	4432	0.9770723104056437	4494	62	104
NAT	NAT_PEL	20	25	sim_013	AFR	3050	3032	0.9940983606557378	3107	75	18
NAT	NAT_PEL	20	26	sim_013	EUR	6834	6757	0.988732806555458	6801	44	77
NAT	NAT_PEL	20	26	sim_013	AFR	2647	2603	0.9833774083868531	2680	77	44
NAT	NAT_PEL	20	27	sim_014	NAT	118	0	0	0	0	118
NAT	NAT_PEL	20	27	sim_014	EUR	9363	9363	1	9481	118	0
NAT	NAT_PEL	20	28	sim_014	NAT	342	340	0.9941520467836257	368	28	2
NAT	NAT_PEL	20	28	sim_014	EUR	7580	7287	0.9613456464379947	7360	73	293
NAT	NAT_PEL	20	28	sim_014	AFR	1559	1487	0.9538165490699166	1753	266	72
NAT	NAT_PEL	20	29	sim_015	EUR	5017	4864	0.969503687462627	5184	320	153
NAT	NAT_PEL	20	29	sim_015	AFR	4464	4144	0.9283154121863799	4297	153	320
NAT	NAT_PEL	20	30	sim_015	NAT	718	718	1	788	70	0
NAT	NAT_PEL	20	30	sim_015	EUR	5652	5601	0.9909766454352441	5644	43	51
NAT	NAT_PEL	20	30	sim_015	AFR	3111	2998	0.9636772741883639	3049	51	113
NAT	NAT_PEL	20	31	sim_016	NAT	165	103	0.6242424242424243	294	191	62
NAT	NAT_PEL	20	31	sim_016	EUR	5481	5121	0.9343185550082101	5274	153	360
NAT	NAT_PEL	20	31	sim_016	AFR	3835	3744	0.976271186440678	3913	169	91
NAT	NAT_PEL	20	32	sim_016	NAT	111	89	0.8018018018018018	92	3	22
NAT	NAT_PEL	20	32	sim_016	EUR	8136	7789	0.9573500491642084	7877	88	347
NAT	NAT_PEL	20	32	sim_016	AFR	1234	1168	0.946515397082658	1512	344	66
NAT	NAT_PEL	20	33	sim_017	NAT	419	354	0.8448687350835322	373	19	65
NAT	NAT_PEL	20	33	sim_017	EUR	4708	4656	0.9889549702633815	4760	104	52
NAT	NAT_PEL	20	33	sim_017	AFR	4354	4310	0.9898943500229674	4348	38	44
NAT	NAT_PEL	20	34	sim_017	NAT	1617	1617	1	1891	274	0
NAT	NAT_PEL	20	34	sim_017	EUR	7225	6939	0.9604152249134948	6939	0	286
NAT	NAT_PEL	20	34	sim_017	AFR	639	639	1	651	12	0
NAT	NAT_PEL	20	35	sim_018	NAT	239	225	0.9414225941422594	225	0	14
NAT	NAT_PEL	20	35	sim_018	EUR	6909	6908	0.9998552612534376	6942	34	1
NAT	NAT_PEL	20	35	sim_018	AFR	2333	2313	0.9914273467638234	2314	1	20
NAT	NAT_PEL	20	36	sim_018	NAT	260	0	0	0	0	260
NAT	NAT_PEL	20	36	sim_018	EUR	3751	3712	0.9896027725939749	3811	99	39
NAT	NAT_PEL	20	36	sim_018	AFR	5470	5463	0.9987202925045704	5670	207	7
NAT	NAT_PEL	20	37	sim_019	NAT	751	653	0.8695073235685752	671	18	98
NAT	NAT_PEL	20	37	sim_019	EUR	5603	5551	0.9907192575406032	5681	130	52
NAT	NAT_PEL	20	37	sim_019	AFR	3127	3095	0.9897665494083786	3129	34	32
NAT	NAT_PEL	20	38	sim_019	NAT	1697	1014	0.5975250441956393	1014	0	683
NAT	NAT_PEL	20	38	sim_019	EUR	2571	2571	1	2806	235	0
NAT	NAT_PEL	20	38	sim_019	AFR	5213	5208	0.9990408593899865	5661	453	5
NAT	NAT_PEL	20	39	sim_020	NAT	3298	3298	1	3303	5	0
NAT	NAT_PEL	20	39	sim_020	EUR	4194	4183	0.9973772055317119	4252	69	11
NAT	NAT_PEL	20	39	sim_020	AFR	1989	1920	0.9653092006033183	1926	6	69
NAT	NAT_PEL	20	40	sim_020	NAT	2617	2395	0.915170042032862	2397	2	222
NAT	NAT_PEL	20	40	sim_020	EUR	4685	4673	0.9974386339381003	4876	203	12
NAT	NAT_PEL	20	40	sim_020	AFR	2179	2174	0.9977053694355209	2208	34	5
NAT	NAT_PEL	20	41	sim_021	NAT	3031	2950	0.9732761464863081	3004	54	81
NAT	NAT_PEL	20	41	sim_021	EUR	5284	5206	0.9852384557153672	5287	81	78
NAT	NAT_PEL	20	41	sim_021	AFR	1166	1140	0.9777015437392796	1190	50	26
NAT	NAT_PEL	20	42	sim_021	NAT	1550	1502	0.9690322580645161	1559	57	48
NAT	NAT_PEL	20	42	sim_021	EUR	7510	7432	0.9896138482023968	7480	48	78
NAT	NAT_PEL	20	42	sim_021	AFR	421	421	1	442	21	0
NAT	NAT_PEL	20	43	sim_022	NAT	1622	1615	0.9956843403205918	1643	28	7
NAT	NAT_PEL	20	43	sim_022	EUR	6676	6669	0.9989514679448772	6746	77	7
NAT	NAT_PEL	20	43	sim_022	AFR	1183	1078	0.9112426035502958	1092	14	105
NAT	NAT_PEL	20	44	sim_022	EUR	7994	7941	0.9933700275206405	7951	10	53
NAT	NAT_PEL	20	44	sim_022	AFR	1487	1477	0.9932750504371217	1530	53	10
NAT	NAT_PEL	20	45	sim_023	NAT	550	0	0	0	0	550
NAT	NAT_PEL	20	45	sim_023	EUR	5996	5989	0.9988325550366911	6621	632	7
NAT	NAT_PEL	20	45	sim_023	AFR	2935	2838	0.9669505962521294	2860	22	97
NAT	NAT_PEL	20	46	sim_023	NAT	111	0	0	0	0	111
NAT	NAT_PEL	20	46	sim_023	EUR	776	774	0.9974226804123711	936	162	2
NAT	NAT_PEL	20	46	sim_023	AFR	8594	8543	0.9940656271817547	8545	2	51
NAT	NAT_PEL	20	47	sim_024	NAT	293	292	0.9965870307167235	299	7	1
NAT	NAT_PEL	20	47	sim_024	EUR	7673	7594	0.9897041574351623	7594	0	79
NAT	NAT_PEL	20	47	sim_024	AFR	1515	1515	1	1588	73	0
NAT	NAT_PEL	20	48	sim_024	NAT	1195	1190	0.99581589958159	1199	9	5
NAT	NAT_PEL	20	48	sim_024	EUR	7421	7374	0.9936666217490904	7417	43	47
NAT	NAT_PEL	20	48	sim_024	AFR	865	818	0.945664739884393	865	47	47
NAT	NAT_PEL	20	49	sim_025	NAT	225	225	1	275	50	0
NAT	NAT_PEL	20	49	sim_025	EUR	6285	6217	0.9891805887032618	6308	91	68
NAT	NAT_PEL	20	49	sim_025	AFR	2971	2867	0.9649949511948839	2898	31	104
NAT	NAT_PEL	20	50	sim_025	NAT	2938	2783	0.9472430224642614	3096	313	155
NAT	NAT_PEL	20	50	sim_025	EUR	6157	5805	0.9428292999837583	5960	155	352
NAT	NAT_PEL	20	50	sim_025	AFR	386	220	0.5699481865284974	425	205	166
NAT	NAT_PEL	20	51	sim_026	NAT	202	0	0	0	0	202
NAT	NAT_PEL	20	51	sim_026	EUR	5652	5624	0.9950460014154282	6051	427	28
NAT	NAT_PEL	20	51	sim_026	AFR	3627	3402	0.9379652605459057	3430	28	225
NAT	NAT_PEL	20	52	sim_026	NAT	1927	1131	0.5869226777374157	1203	72	796
NAT	NAT_PEL	20	52	sim_026	EUR	7446	7108	0.9546065001343003	8012	904	338
NAT	NAT_PEL	20	52	sim_026	AFR	108	0	0	266	266	108
NAT	NAT_PEL	20	53	sim_027	NAT	403	296	0.7344913151364765	296	0	107
NAT	NAT_PEL	20	53	sim_027	EUR	5585	5585	1	5907	322	0
NAT	NAT_PEL	20	53	sim_027	AFR	3493	3278	0.9384483252218723	3278	0	215
NAT	NAT_PEL	20	54	sim_027	NAT	876	824	0.9406392694063926	824	0	52
NAT	NAT_PEL	20	54	sim_027	EUR	6612	6524	0.9866908650937689	6604	80	88
NAT	NAT_PEL	20	54	sim_027	AFR	1993	1965	0.9859508278976418	2053	88	28
NAT	NAT_PEL	20	55	sim_028	NAT	9	0	0	0	0	9
NAT	NAT_PEL	20	55	sim_028	EUR	7652	7652	1	7890	238	0
NAT	NAT_PEL	20	55	sim_028	AFR	1820	1591	0.8741758241758242	1591	0	229
NAT	NAT_PEL	20	56	sim_028	EUR	9067	9057	0.9988970993713466	9064	7	10
NAT	NAT_PEL	20	56	sim_028	AFR	414	407	0.9830917874396136	417	10	7
NAT	NAT_PEL	20	57	sim_029	NAT	2315	2185	0.9438444924406048	2195	10	130
NAT	NAT_PEL	20	57	sim_029	EUR	4919	4909	0.9979670664769262	5047	138	10
NAT	NAT_PEL	20	57	sim_029	AFR	2247	2201	0.9795282599020917	2239	38	46
NAT	NAT_PEL	20	58	sim_029	NAT	4	0	0	0	0	4
NAT	NAT_PEL	20	58	sim_029	EUR	2953	2903	0.9830680663731798	2942	39	50
NAT	NAT_PEL	20	58	sim_029	AFR	6524	6489	0.9946351931330472	6539	50	35
NAT	NAT_PEL	20	59	sim_030	NAT	4546	4454	0.979762428508579	4496	42	92
NAT	NAT_PEL	20	59	sim_030	EUR	1362	1312	0.9632892804698973	1317	5	50
NAT	NAT_PEL	20	59	sim_030	AFR	3573	3555	0.9949622166246851	3668	113	18
NAT	NAT_PEL	20	60	sim_030	NAT	1307	1297	0.9923488905891354	1377	80	10
NAT	NAT_PEL	20	60	sim_030	EUR	5713	5575	0.9758445650271311	5745	170	138
NAT	NAT_PEL	20	60	sim_030	AFR	2461	2294	0.9321414059325478	2359	65	167
NATMXB	NAT_PEL	20	1	sim_001	NAT	957	957	1	987	30	0
NATMXB	NAT_PEL	20	1	sim_001	EUR	2139	1965	0.9186535764375876	2081	116	174
NATMXB	NAT_PEL	20	1	sim_001	AFR	6385	6239	0.977133907595928	6413	174	146
NATMXB	NAT_PEL	20	2	sim_001	NAT	3219	2537	0.7881329605467536	2583	46	682
NATMXB	NAT_PEL	20	2	sim_001	EUR	2515	2451	0.9745526838966203	2935	484	64
NATMXB	NAT_PEL	20	2	sim_001	AFR	3747	3622	0.9666399786495863	3963	341	125
NATMXB	NAT_PEL	20	3	sim_002	NAT	345	169	0.48985507246376814	204	35	176
NATMXB	NAT_PEL	20	3	sim_002	EUR	7242	7162	0.9889533278099972	7383	221	80
NATMXB	NAT_PEL	20	3	sim_002	AFR	1894	1849	0.9762407602956705	1894	45	45
NATMXB	NAT_PEL	20	4	sim_002	NAT	2534	1949	0.7691397000789266	2048	99	585
NATMXB	NAT_PEL	20	4	sim_002	EUR	5670	5571	0.9825396825396825	6239	668	99
NATMXB	NAT_PEL	20	4	sim_002	AFR	1277	1101	0.8621769772905247	1194	93	176
NATMXB	NAT_PEL	20	5	sim_003	NAT	184	0	0	0	0	184
NATMXB	NAT_PEL	20	5	sim_003	EUR	8752	8568	0.9789762340036563	8752	184	184
NATMXB	NAT_PEL	20	5	sim_003	AFR	545	545	1	729	184	0
NATMXB	NAT_PEL	20	6	sim_003	NAT	3906	3855	0.9869431643625192	3857	2	51
NATMXB	NAT_PEL	20	6	sim_003	EUR	2998	2996	0.9993328885923949	3029	33	2
NATMXB	NAT_PEL	20	6	sim_003	AFR	2577	2577	1	2595	18	0
NATMXB	NAT_PEL	20	7	sim_004	EUR	6299	6281	0.99714240355612	6537	256	18
NATMXB	NAT_PEL	20	7	sim_004	AFR	3182	2926	0.9195474544311754	2944	18	256
NATMXB	NAT_PEL	20	8	sim_004	NAT	467	467	1	506	39	0
NATMXB	NAT_PEL	20	8	sim_004	EUR	9014	8854	0.98224983359219	8854	0	160
NATMXB	NAT_PEL	20	9	sim_005	NAT	551	439	0.7967332123411979	508	69	112
NATMXB	NAT_PEL	20	9	sim_005	EUR	7941	7872	0.9913109180204005	7989	117	69
NATMXB	NAT_PEL	20	9	sim_005	AFR	989	984	0.9949443882709808	984	0	5
NATMXB	NAT_PEL	20	10	sim_005	NAT	2100	2091	0.9957142857142857	2117	26	9
NATMXB	NAT_PEL	20	10	sim_005	EUR	2688	2688	1	2709	21	0
NATMXB	NAT_PEL	20	10	sim_005	AFR	4693	4646	0.9899850841679096	4655	9	47
NATMXB	NAT_PEL	20	11	sim_006	EUR	7224	7176	0.9933554817275747	7238	62	48
NATMXB	NAT_PEL	20	11	sim_006	AFR	2257	2195	0.9725299069561365	2243	48	62
NATMXB	NAT_PEL	20	12	sim_006	NAT	725	660	0.9103448275862069	825	165	65
NATMXB	NAT_PEL	20	12	sim_006	EUR	2227	1714	0.7696452626852268	1724	10	513
NATMXB	NAT_PEL	20	12	sim_006	AFR	6529	6493	0.9944861387655077	6932	439	36
NATMXB	NAT_PEL	20	13	sim_007	EUR	5749	5713	0.9937380413985041	5752	39	36
NATMXB	NAT_PEL	20	13	sim_007	AFR	3732	3693	0.9895498392282959	3729	36	39
NATMXB	NAT_PEL	20	14	sim_007	NAT	2081	2063	0.9913503123498318	2068	5	18
NATMXB	NAT_PEL	20	14	sim_007	EUR	5353	5339	0.9973846441247899	5356	17	14
NATMXB	NAT_PEL	20	14	sim_007	AFR	2047	2047	1	2057	10	0
NATMXB	NAT_PEL	20	15	sim_008	NAT	479	453	0.9457202505219207	521	68	26
NATMXB	NAT_PEL	20	15	sim_008	EUR	3817	3609	0.9455069426250983	3847	238	208
NATMXB	NAT_PEL	20	15	sim_008	AFR	5185	4964	0.9573770491803278	5113	149	221
NATMXB	NAT_PEL	20	16	sim_008	EUR	3832	3567	0.9308455114822547	3684	117	265
NATMXB	NAT_PEL	20	16	sim_008	AFR	5649	5532	0.9792883696229421	5797	265	117
NATMXB	NAT_PEL	20	17	sim_009	NAT	1551	1532	0.9877498388136686	1657	125	19
NATMXB	NAT_PEL	20	17	sim_009	EUR	7000	6823	0.9747142857142858	6842	19	177
NATMXB	NAT_PEL	20	17	sim_009	AFR	930	929	0.9989247311827957	982	53	1
NATMXB	NAT_PEL	20	18	sim_009	NAT	1638	1150	0.702075702075702	1284	134	488
NATMXB	NAT_PEL	20	18	sim_009	EUR	2670	2516	0.9423220973782771	2980	464	154
NATMXB	NAT_PEL	20	18	sim_009	AFR	5173	5039	0.9740962690895032	5217	178	134
NATMXB	NAT_PEL	20	19	sim_010	EUR	6578	6470	0.9835816357555488	6537	67	108
NATMXB	NAT_PEL	20	19	sim_010	AFR	2903	2836	0.9769204271443335	2944	108	67
NATMXB	NAT_PEL	20	20	sim_010	EUR	3265	3167	0.9699846860643185	3354	187	98
NATMXB	NAT_PEL	20	20	sim_010	AFR	6216	5984	0.9626769626769627	6082	98	232
NATMXB	NAT_PEL	20	21	sim_011	NAT	1368	1336	0.9766081871345029	1340	4	32
NATMXB	NAT_PEL	20	21	sim_011	EUR	1312	1306	0.9954268292682927	1393	87	6
NATMXB	NAT_PEL	20	21	sim_011	AFR	6801	6742	0.9913248051757094	6748	6	59
NATMXB	NAT_PEL	20	22	sim_011	NAT	249	0	0	0	0	249
NATMXB	NAT_PEL	20	22	sim_011	EUR	5996	5920	0.9873248832555037	6184	264	76
NATMXB	NAT_PEL	20	22	sim_011	AFR	3236	3124	0.965389369592089	3297	173	112
NATMXB	NAT_PEL	20	23	sim_012	NAT	492	368	0.7479674796747967	368	0	124
NATMXB	NAT_PEL	20	23	sim_012	EUR	6052	6020	0.9947124917382684	6138	118	32
NATMXB	NAT_PEL	20	23	sim_012	AFR	2937	2922	0.9948927477017364	2975	53	15
NATMXB	NAT_PEL	20	24	sim_012	NAT	1333	1314	0.9857464366091523	1387	73	19
NATMXB	NAT_PEL	20	24	sim_012	EUR	6770	6425	0.94903988183161	6444	19	345
NATMXB	NAT_PEL	20	24	sim_012	AFR	1378	1378	1	1650	272	0
NATMXB	NAT_PEL	20	25	sim_013	NAT	1872	1829	0.9770299145299145	1834	5	43
NATMXB	NAT_PEL	20	25	sim_013	EUR	2404	2383	0.9912645590682196	2690	307	21
NATMXB	NAT_PEL	20	25	sim_013	AFR	5205	4898	0.9410182516810759	4957	59	307
NATMXB	NAT_PEL	20	26	sim_013	NAT	355	320	0.9014084507042254	320	0	35
NATMXB	NAT_PEL	20	26	sim_013	EUR	7052	7020	0.9954622802041974	7164	144	32
NATMXB	NAT_PEL	20	26	sim_013	AFR	2074	1936	0.9334619093539055	1997	61	138
NATMXB	NAT_PEL	20	27	sim_014	EUR	8876	8876	1	8876	0	0
NATMXB	NAT_PEL	20	27	sim_014	AFR	605	605	1	605	0	0
NATMXB	NAT_PEL	20	28	sim_014	NAT	3440	3255	0.9462209302325582	3600	345	185
NATMXB	NAT_PEL	20	28	sim_014	EUR	4748	4411	0.9290227464195451	4561	150	337
NATMXB	NAT_PEL	20	28	sim_014	AFR	1293	1255	0.9706109822119103	1320	65	38
NATMXB	NAT_PEL	20	29	sim_015	NAT	3618	3609	0.9975124378109452	3609	0	9
NATMXB	NAT_PEL	20	29	sim_015	EUR	3518	3406	0.9681637293916998	3415	9	112
NATMXB	NAT_PEL	20	29	sim_015	AFR	2345	2345	1	2457	112	0
NATMXB	NAT_PEL	20	30	sim_015	NAT	2118	2077	0.9806421152030217	2109	32	41
NATMXB	NAT_PEL	20	30	sim_015	EUR	2831	2440	0.861886259272342	2482	42	391
NATMXB	NAT_PEL	20	30	sim_015	AFR	4532	4508	0.9947043248014121	4890	382	24
NATMXB	NAT_PEL	20	31	sim_016	NAT	116	0	0	0	0	116
NATMXB	NAT_PEL	20	31	sim_016	EUR	5889	5880	0.9984717269485481	6008	128	9
NATMXB	NAT_PEL	20	31	sim_016	AFR	3476	3464	0.996547756041427	3473	9	12
NATMXB	NAT_PEL	20	32	sim_016	EUR	6104	6036	0.9888597640891219	6105	69	68
NATMXB	NAT_PEL	20	32	sim_016	AFR	3377	3308	0.9795676636067515	3376	68	69
NATMXB	NAT_PEL	20	33	sim_017	NAT	2337	1194	0.5109114249037228	1197	3	1143
NATMXB	NAT_PEL	20	33	sim_017	EUR	5557	5387	0.9694079539319777	6567	1180	170
NATMXB	NAT_PEL	20	33	sim_017	AFR	1587	1550	0.9766855702583491	1717	167	37
NATMXB	NAT_PEL	20	34	sim_017	NAT	1745	1718	0.9845272206303725	1719	1	27
NATMXB	NAT_PEL	20	34	sim_017	EUR	6540	6530	0.9984709480122325	6619	89	10
NATMXB	NAT_PEL	20	34	sim_017	AFR	1196	1133	0.947324414715719	1143	10	63
NATMXB	NAT_PEL	20	35	sim_018	NAT	3193	3191	0.9993736298152208	3455	264	2
NATMXB	NAT_PEL	20	35	sim_018	EUR	3168	2966	0.9362373737373737	3094	128	202
NATMXB	NAT_PEL	20	35	sim_018	AFR	3120	2913	0.9336538461538462	2932	19	207
NATMXB	NAT_PEL	20	36	sim_018	NAT	4969	4945	0.9951700543368888	4946	1	24
NATMXB	NAT_PEL	20	36	sim_018	EUR	2953	2940	0.9955976972570267	2986	46	13
NATMXB	NAT_PEL	20	36	sim_018	AFR	1559	1537	0.9858883899935856	1549	12	22
NATMXB	NAT_PEL	20	37	sim_019	NAT	489	348	0.7116564417177914	361	13	141
NATMXB	NAT_PEL	20	37	sim_019	EUR	7366	7353	0.9982351344013033	7711	358	13
NATMXB	NAT_PEL	20	37	sim_019	AFR	1626	1340	0.8241082410824109	1409	69	286
NATMXB	NAT_PEL	20	38	sim_019	EUR	4147	4120	0.9934892693513383	4245	125	27
NATMXB	NAT_PEL	20	38	sim_019	AFR	5334	5209	0.9765654293213348	5236	27	125
NATMXB	NAT_PEL	20	39	sim_020	NAT	676	667	0.9866863905325444	722	55	9
NATMXB	NAT_PEL	20	39	sim_020	EUR	6261	6094	0.9733269445775435	6094	0	167
NATMXB	NAT_PEL	20	39	sim_020	AFR	2544	2506	0.985062893081761	2665	159	38
NATMXB	NAT_PEL	20	40	sim_020	EUR	7884	7871	0.9983510908168443	8020	149	13
NATMXB	NAT_PEL	20	40	sim_020	AFR	1597	1448	0.9067000626174077	1461	13	149
NATMXB	NAT_PEL	20	41	sim_021	EUR	6696	6599	0.9855137395459976	6651	52	97
NATMXB	NAT_PEL	20	41	sim_021	AFR	2785	2733	0.9813285457809695	2830	97	52
NATMXB	NAT_PEL	20	42	sim_021	NAT	1571	1563	0.9949077021005729	1563	0	8
NATMXB	NAT_PEL	20	42	sim_021	EUR	5718	5715	0.9994753410283316	5775	60	3
NATMXB	NAT_PEL	20	42	sim_021	AFR	2192	2140	0.9762773722627737	2143	3	52
NATMXB	NAT_PEL	20	43	sim_022	NAT	897	788	0.8784838350055741	870	82	109
NATMXB	NAT_PEL	20	43	sim_022	EUR	7181	6957	0.9688065729007103	7120	163	224
NATMXB	NAT_PEL	20	43	sim_022	AFR	1403	1319	0.940128296507484	1491	172	84
NATMXB	NAT_PEL	20	44	sim_022	NAT	1974	1951	0.9883485309017224	1967	16	23
NATMXB	NAT_PEL	20	44	sim_022	EUR	6743	6672	0.989470562064363	6735	63	71
NATMXB	NAT_PEL	20	44	sim_022	AFR	764	708	0.9267015706806283	779	71	56
NATMXB	NAT_PEL	20	45	sim_023	NAT	2040	1976	0.9686274509803922	1995	19	64
NATMXB	NAT_PEL	20	45	sim_023	EUR	5731	5590	0.9753969638806491	5676	86	141
NATMXB	NAT_PEL	20	45	sim_023	AFR	1710	1650	0.9649122807017544	1810	160	60
NATMXB	NAT_PEL	20	46	sim_023	NAT	1895	1877	0.9905013192612138	1902	25	18
NATMXB	NAT_PEL	20	46	sim_023	EUR	2957	2917	0.9864727764626311	2935	18	40
NATMXB	NAT_PEL	20	46	sim_023	AFR	4629	4628	0.9997839706200043	4644	16	1
NATMXB	NAT_PEL	20	47	sim_024	NAT	2690	2029	0.754275092936803	2131	102	661
NATMXB	NAT_PEL	20	47	sim_024	EUR	6437	6396	0.9936305732484076	7057	661	41
NATMXB	NAT_PEL	20	47	sim_024	AFR	354	282	0.7966101694915254	293	11	72
NATMXB	NAT_PEL	20	48	sim_024	NAT	3199	3196	0.9990622069396686	3196	0	3
NATMXB	NAT_PEL	20	48	sim_024	EUR	6148	5887	0.9575471698113207	5950	63	261
NATMXB	NAT_PEL	20	48	sim_024	AFR	134	74	0.5522388059701493	335	261	60
NATMXB	NAT_PEL	20	49	sim_025	EUR	8322	8322	1	8333	11	0
NATMXB	NAT_PEL	20	49	sim_025	AFR	1159	1148	0.9905090595340811	1148	0	11
NATMXB	NAT_PEL	20	50	sim_025	NAT	1148	1120	0.975609756097561	1128	8	28
NATMXB	NAT_PEL	20	50	sim_025	EUR	8085	8085	1	8085	0	0
NATMXB	NAT_PEL	20	50	sim_025	AFR	248	240	0.967741935483871	268	28	8
NATMXB	NAT_PEL	20	51	sim_026	NAT	420	420	1	420	0	0
NATMXB	NAT_PEL	20	51	sim_026	EUR	8286	8286	1	8294	8	0
NATMXB	NAT_PEL	20	51	sim_026	AFR	775	767	0.9896774193548387	767	0	8
NATMXB	NAT_PEL	20	52	sim_026	NAT	3399	3346	0.9844071785819358	3404	58	53
NATMXB	NAT_PEL	20	52	sim_026	EUR	5245	5180	0.9876072449952336	5197	17	65
NATMXB	NAT_PEL	20	52	sim_026	AFR	837	837	1	880	43	0
NATMXB	NAT_PEL	20	53	sim_027	NAT	225	225	1	230	5	0
NATMXB	NAT_PEL	20	53	sim_027	EUR	6317	6221	0.9848029127750515	6252	31	96
NATMXB	NAT_PEL	20	53	sim_027	AFR	2939	2908	0.9894521946240218	2999	91	31
NATMXB	NAT_PEL	20	54	sim_027	NAT	3248	3162	0.9735221674876847	3296	134	86
NATMXB	NAT_PEL	20	54	sim_027	EUR	3746	3640	0.9717031500266952	3739	99	106
NATMXB	NAT_PEL	20	54	sim_027	AFR	2487	2446	0.983514274225975	2446	0	41
NATMXB	NAT_PEL	20	55	sim_028	NAT	1676	1662	0.9916467780429594	1711	49	14
NATMXB	NAT_PEL	20	55	sim_028	EUR	7562	7561	0.999867759851891	7575	14	1
NATMXB	NAT_PEL	20	55	sim_028	AFR	243	195	0.8024691358024691	195	0	48
NATMXB	NAT_PEL	20	56	sim_028	NAT	3028	1412	0.4663143989431968	1430	18	1616
NATMXB	NAT_PEL	20	56	sim_028	EUR	4016	3830	0.9536852589641435	4435	605	186
NATMXB	NAT_PEL	20	56	sim_028	AFR	2437	2397	0.9835863766926549	3616	1219	40
NATMXB	NAT_PEL	20	57	sim_029	NAT	75	61	0.8133333333333334	70	9	14
NATMXB	NAT_PEL	20	57	sim_029	EUR	2518	2498	0.9920571882446386	2531	33	20
NATMXB	NAT_PEL	20	57	sim_029	AFR	6888	6860	0.9959349593495935	6880	20	28
NATMXB	NAT_PEL	20	58	sim_029	NAT	604	587	0.9718543046357616	628	41	17
NATMXB	NAT_PEL	20	58	sim_029	EUR	1955	1953	0.9989769820971867	1955	2	2
NATMXB	NAT_PEL	20	58	sim_029	AFR	6922	6879	0.9937879225657325	6898	19	43
NATMXB	NAT_PEL	20	59	sim_030	NAT	1357	1331	0.9808400884303611	1502	171	26
NATMXB	NAT_PEL	20	59	sim_030	EUR	7388	7211	0.9760422306442881	7211	0	177
NATMXB	NAT_PEL	20	59	sim_030	AFR	736	736	1	768	32	0
NATMXB	NAT_PEL	20	60	sim_030	NAT	1782	1713	0.9612794612794613	1713	0	69
NATMXB	NAT_PEL	20	60	sim_030	EUR	6802	6796	0.9991179064980888	6911	115	6
NATMXB	NAT_PEL	20	60	sim_030	AFR	897	845	0.9420289855072463	857	12	52
NAT	NAT_PEL_EAS	20	1	sim_001	NAT	848	798	0.9410377358490566	860	62	50
NAT	NAT_PEL_EAS	20	1	sim_001	EUR	3758	3363	0.8948908994145822	3419	56	395
NAT	NAT_PEL_EAS	20	1	sim_001	AFR	4875	4869	0.9987692307692307	5202	333	6
NAT	NAT_PEL_EAS	20	2	sim_001	NAT	296	217	0.7331081081081081	287	70	79
NAT	NAT_PEL_EAS	20	2	sim_001	EUR	6754	6602	0.9774948178856974	6720	118	152
NAT	NAT_PEL_EAS	20	2	sim_001	AFR	2431	2384	0.9806663924310983	2474	90	47
NAT	NAT_PEL_EAS	20	3	sim_002	NAT	856	856	1	914	58	0
NAT	NAT_PEL_EAS	20	3	sim_002	EUR	5017	4959	0.9884393063583815	5029	70	58
NAT	NAT_PEL_EAS	20	3	sim_002	AFR	3608	3538	0.9805986696230599	3538	0	70
NAT	NAT_PEL_EAS	20	4	sim_002	NAT	1577	1577	1	1669	92	0
NAT	NAT_PEL_EAS	20	4	sim_002	EUR	3685	3666	0.9948439620081411	3666	0	19
NAT	NAT_PEL_EAS	20	4	sim_002	AFR	4219	4127	0.9781938848068262	4146	19	92
NAT	NAT_PEL_EAS	20	5	sim_003	NAT	4041	2642	0.653798564711705	2643	1	1399
NAT	NAT_PEL_EAS	20	5	sim_003	EUR	4102	4074	0.9931740614334471	5506	1432	28
NAT	NAT_PEL_EAS	20	5	sim_003	AFR	1338	1302	0.9730941704035875	1332	30	36
NAT	NAT_PEL_EAS	20	6	sim_003	EUR	5416	5004	0.9239290989660266	5055	51	412
NAT	NAT_PEL_EAS	20	6	sim_003	AFR	4065	4014	0.9874538745387453	4426	412	51
NAT	NAT_PEL_EAS	20	7	sim_004	NAT	1471	1450	0.9857239972807614	1560	110	21
NAT	NAT_PEL_EAS	20	7	sim_004	EUR	7529	7374	0.9794129366449728	7395	21	155
NAT	NAT_PEL_EAS	20	7	sim_004	AFR	481	481	1	526	45	0
NAT	NAT_PEL_EAS	20	8	sim_004	NAT	2350	1307	0.5561702127659575	1307	0	1043
NAT	NAT_PEL_EAS	20	8	sim_004	EUR	7131	7007	0.9826111344832422	8005	998	124
NAT	NAT_PEL_EAS	20	9	sim_005	NAT	169	97	0.5739644970414202	243	146	72
NAT	NAT_PEL_EAS	20	9	sim_005	EUR	8611	8189	0.9509929160376263	8265	76	422
NAT	NAT_PEL_EAS	20	9	sim_005	AFR	701	697	0.9942938659058488	973	276	4
NAT	NAT_PEL_EAS	20	10	sim_005	NAT	1982	1935	0.9762865792129163	2100	165	47
NAT	NAT_PEL_EAS	20	10	sim_005	EUR	5651	5333	0.943726774022297	5507	174	318
NAT	NAT_PEL_EAS	20	10	sim_005	AFR	1848	1601	0.8663419913419913	1874	273	247
NAT	NAT_PEL_EAS	20	11	sim_006	EUR	7075	6720	0.9498233215547703	6736	16	355
NAT	NAT_PEL_EAS	20	11	sim_006	AFR	2406	2390	0.9933499584372403	2570	180	16
NAT	NAT_PEL_EAS	20	12	sim_006	NAT	2321	1971	0.8492029297716501	1998	27	350
NAT	NAT_PEL_EAS	20	12	sim_006	EUR	6543	6514	0.9955677823628305	6864	350	29
NAT	NAT_PEL_EAS	20	12	sim_006	AFR	617	617	1	619	2	0
NAT	NAT_PEL_EAS	20	13	sim_007	NAT	6990	6990	1	7030	40	0
NAT	NAT_PEL_EAS	20	13	sim_007	EUR	1068	1028	0.9625468164794008	1051	23	40
NAT	NAT_PEL_EAS	20	13	sim_007	AFR	1423	1400	0.9838369641602249	1400	0	23
NAT	NAT_PEL_EAS	20	14	sim_007	EUR	9053	8894	0.9824367612945984	8894	0	159
NAT	NAT_PEL_EAS	20	14	sim_007	AFR	428	428	1	464	36	0
NAT	NAT_PEL_EAS	20	15	sim_008	NAT	738	712	0.964769647696477	852	140	26
NAT	NAT_PEL_EAS	20	15	sim_008	EUR	7770	7605	0.9787644787644788	7653	48	165
NAT	NAT_PEL_EAS	20	15	sim_008	AFR	973	951	0.9773895169578622	976	25	22
NAT	NAT_PEL_EAS	20	16	sim_008	EUR	7561	7278	0.9625710884803598	7364	86	283
NAT	NAT_PEL_EAS	20	16	sim_008	AFR	1920	1834	0.9552083333333333	2117	283	86
NAT	NAT_PEL_EAS	20	17	sim_009	NAT	209	0	0	0	0	209
NAT	NAT_PEL_EAS	20	17	sim_009	EUR	1534	1485	0.9680573663624511	1658	173	49
NAT	NAT_PEL_EAS	20	17	sim_009	AFR	7738	7695	0.9944430085293358	7823	128	43
NAT	NAT_PEL_EAS	20	18	sim_009	NAT	2921	1540	0.5272167066073262	1562	22	1381
NAT	NAT_PEL_EAS	20	18	sim_009	EUR	5431	5409	0.9959491806297183	6778	1369	22
NAT	NAT_PEL_EAS	20	18	sim_009	AFR	1129	1129	1	1141	12	0
NAT	NAT_PEL_EAS	20	19	sim_010	NAT	934	857	0.917558886509636	875	18	77
NAT	NAT_PEL_EAS	20	19	sim_010	EUR	6724	6634	0.9866151100535395	6799	165	90
NAT	NAT_PEL_EAS	20	19	sim_010	AFR	1823	1735	0.9517279210093252	1807	72	88
NAT	NAT_PEL_EAS	20	20	sim_010	NAT	2357	2198	0.9325413661434027	2328	130	159
NAT	NAT_PEL_EAS	20	20	sim_010	EUR	6481	6331	0.9768554235457491	6474	143	150
NAT	NAT_PEL_EAS	20	20	sim_010	AFR	643	643	1	679	36	0
NAT	NAT_PEL_EAS	20	21	sim_011	NAT	3396	3396	1	3592	196	0
NAT	NAT_PEL_EAS	20	21	sim_011	EUR	5520	5327	0.965036231884058	5329	2	193
NAT	NAT_PEL_EAS	20	21	sim_011	AFR	565	560	0.9911504424778761	560	0	5
NAT	NAT_PEL_EAS	20	22	sim_011	NAT	1070	661	0.6177570093457944	786	125	409
NAT	NAT_PEL_EAS	20	22	sim_011	EUR	6029	5925	0.9827500414662464	6336	411	104
NAT	NAT_PEL_EAS	20	22	sim_011	AFR	2382	2359	0.9903442485306465	2359	0	23
NAT	NAT_PEL_EAS	20	23	sim_012	NAT	1030	970	0.941747572815534	975	5	60
NAT	NAT_PEL_EAS	20	23	sim_012	EUR	5945	5577	0.9380992430613961	5577	0	368
NAT	NAT_PEL_EAS	20	23	sim_012	AFR	2506	2501	0.9980047885075818	2929	428	5
NAT	NAT_PEL_EAS	20	24	sim_012	NAT	1579	1450	0.9183027232425586	1488	38	129
NAT	NAT_PEL_EAS	20	24	sim_012	EUR	6622	6456	0.9749320446994866	6654	198	166
NAT	NAT_PEL_EAS	20	24	sim_012	AFR	1280	1211	0.94609375	1339	128	69
NAT	NAT_PEL_EAS	20	25	sim_013	NAT	1895	1870	0.9868073878627969	1942	72	25
NAT	NAT_PEL_EAS	20	25	sim_013	EUR	4536	4442	0.9792768959435626	4552	110	94
NAT	NAT_PEL_EAS	20	25	sim_013	AFR	3050	2946	0.9659016393442623	2987	41	104
NAT	NAT_PEL_EAS	20	26	sim_013	EUR	6834	6691	0.9790752121744221	6735	44	143
NAT	NAT_PEL_EAS	20	26	sim_013	AFR	2647	2603	0.9833774083868531	2746	143	44
NAT	NAT_PEL_EAS	20	27	sim_014	NAT	118	0	0	0	0	118
NAT	NAT_PEL_EAS	20	27	sim_014	EUR	9363	9216	0.9842999038769625	9334	118	147
NAT	NAT_PEL_EAS	20	28	sim_014	NAT	342	340	0.9941520467836257	453	113	2
NAT	NAT_PEL_EAS	20	28	sim_014	EUR	7580	7156	0.9440633245382586	7202	46	424
NAT	NAT_PEL_EAS	20	28	sim_014	AFR	1559	1514	0.9711353431686979	1826	312	45
NAT	NAT_PEL_EAS	20	29	sim_015	EUR	5017	4877	0.9720948774167829	4995	118	140
NAT	NAT_PEL_EAS	20	29	sim_015	AFR	4464	4346	0.9735663082437276	4486	140	118
NAT	NAT_PEL_EAS	20	30	sim_015	NAT	718	718	1	818	100	0
NAT	NAT_PEL_EAS	20	30	sim_015	EUR	5652	5631	0.9962845010615711	5643	12	21
NAT	NAT_PEL_EAS	20	30	sim_015	AFR	3111	2999	0.9639987142397943	3020	21	112
NAT	NAT_PEL_EAS	20	31	sim_016	NAT	165	0	0	259	259	165
NAT	NAT_PEL_EAS	20	31	sim_016	EUR	5481	5040	0.9195402298850575	5293	253	441
NAT	NAT_PEL_EAS	20	31	sim_016	AFR	3835	3747	0.9770534550195568	3929	182	88
NAT	NAT_PEL_EAS	20	32	sim_016	NAT	111	0	0	0	0	111
NAT	NAT_PEL_EAS	20	32	sim_016	EUR	8136	7926	0.974188790560472	8155	229	210
NAT	NAT_PEL_EAS	20	32	sim_016	AFR	1234	1116	0.9043760129659644	1326	210	118
NAT	NAT_PEL_EAS	20	33	sim_017	NAT	419	354	0.8448687350835322	457	103	65
NAT	NAT_PEL_EAS	20	33	sim_017	EUR	4708	4594	0.975785896346644	4698	104	114
NAT	NAT_PEL_EAS	20	33	sim_017	AFR	4354	4292	0.9857602204869086	4326	34	62
NAT	NAT_PEL_EAS	20	34	sim_017	NAT	1617	1419	0.8775510204081632	1868	449	198
NAT	NAT_PEL_EAS	20	34	sim_017	EUR	7225	6776	0.9378546712802768	6983	207	449
NAT	NAT_PEL_EAS	20	34	sim_017	AFR	639	630	0.9859154929577465	630	0	9
NAT	NAT_PEL_EAS	20	35	sim_018	NAT	239	239	1	384	145	0
NAT	NAT_PEL_EAS	20	35	sim_018	EUR	6909	6471	0.9366044290056448	6479	8	438
NAT	NAT_PEL_EAS	20	35	sim_018	AFR	2333	2313	0.9914273467638234	2618	305	20
NAT	NAT_PEL_EAS	20	36	sim_018	NAT	260	0	0	516	516	260
NAT	NAT_PEL_EAS	20	36	sim_018	EUR	3751	3196	0.852039456145028	3295	99	555
NAT	NAT_PEL_EAS	20	36	sim_018	AFR	5470	5463	0.9987202925045704	5670	207	7
NAT	NAT_PEL_EAS	20	37	sim_019	NAT	751	631	0.8402130492676432	631	0	120
NAT	NAT_PEL_EAS	20	37	sim_019	EUR	5603	5569	0.9939318222380867	5721	152	34
NAT	NAT_PEL_EAS	20	37	sim_019	AFR	3127	3095	0.9897665494083786	3129	34	32
NAT	NAT_PEL_EAS	20	38	sim_019	NAT	1697	1069	0.6299351797289334	1069	0	628
NAT	NAT_PEL_EAS	20	38	sim_019	EUR	2571	2571	1	2751	180	0
NAT	NAT_PEL_EAS	20	38	sim_019	AFR	5213	5208	0.9990408593899865	5661	453	5
NAT	NAT_PEL_EAS	20	39	sim_020	NAT	3298	3180	0.9642207398423287	3784	604	118
NAT	NAT_PEL_EAS	20	39	sim_020	EUR	4194	3465	0.8261802575107297	3601	136	729
NAT	NAT_PEL_EAS	20	39	sim_020	AFR	1989	1971	0.9909502262443439	2096	125	18
NAT	NAT_PEL_EAS	20	40	sim_020	NAT	2617	2432	0.9293083683607184	2786	354	185
NAT	NAT_PEL_EAS	20	40	sim_020	EUR	4685	4210	0.8986125933831377	4380	170	475
NAT	NAT_PEL_EAS	20	40	sim_020	AFR	2179	2172	0.9967875172097292	2315	143	7
NAT	NAT_PEL_EAS	20	41	sim_021	NAT	3031	2914	0.9613988782580006	2975	61	117
NAT	NAT_PEL_EAS	20	41	sim_021	EUR	5284	5284	1	5401	117	0
NAT	NAT_PEL_EAS	20	41	sim_021	AFR	1166	1105	0.9476843910806175	1105	0	61
NAT	NAT_PEL_EAS	20	42	sim_021	NAT	1550	1547	0.9980645161290322	1587	40	3
NAT	NAT_PEL_EAS	20	42	sim_021	EUR	7510	7449	0.9918774966711051	7452	3	61
NAT	NAT_PEL_EAS	20	42	sim_021	AFR	421	421	1	442	21	0
NAT	NAT_PEL_EAS	20	43	sim_022	NAT	1622	1615	0.9956843403205918	1765	150	7
NAT	NAT_PEL_EAS	20	43	sim_022	EUR	6676	6547	0.9806770521270222	6594	47	129
NAT	NAT_PEL_EAS	20	43	sim_022	AFR	1183	1108	0.9366018596787827	1122	14	75
NAT	NAT_PEL_EAS	20	44	sim_022	EUR	7994	7941	0.9933700275206405	7951	10	53
NAT	NAT_PEL_EAS	20	44	sim_022	AFR	1487	1477	0.9932750504371217	1530	53	10
NAT	NAT_PEL_EAS	20	45	sim_023	NAT	550	0	0	0	0	550
NAT	NAT_PEL_EAS	20	45	sim_023	EUR	5996	5989	0.9988325550366911	6605	616	7
NAT	NAT_PEL_EAS	20	45	sim_023	AFR	2935	2838	0.9669505962521294	2876	38	97
NAT	NAT_PEL_EAS	20	46	sim_023	NAT	111	101	0.9099099099099099	101	0	10
NAT	NAT_PEL_EAS	20	46	sim_023	EUR	776	776	1	888	112	0
NAT	NAT_PEL_EAS	20	46	sim_023	AFR	8594	8492	0.9881312543635095	8492	0	102
NAT	NAT_PEL_EAS	20	47	sim_024	NAT	293	221	0.7542662116040956	752	531	72
NAT	NAT_PEL_EAS	20	47	sim_024	EUR	7673	7070	0.921412745992441	7141	71	603
NAT	NAT_PEL_EAS	20	47	sim_024	AFR	1515	1515	1	1588	73	0
NAT	NAT_PEL_EAS	20	48	sim_024	NAT	1195	934	0.7815899581589958	955	21	261
NAT	NAT_PEL_EAS	20	48	sim_024	EUR	7421	7241	0.9757445088263037	7547	306	180
NAT	NAT_PEL_EAS	20	48	sim_024	AFR	865	799	0.923699421965318	979	180	66
NAT	NAT_PEL_EAS	20	49	sim_025	NAT	225	225	1	326	101	0
NAT	NAT_PEL_EAS	20	49	sim_025	EUR	6285	6179	0.983134447096261	6279	100	106
NAT	NAT_PEL_EAS	20	49	sim_025	AFR	2971	2794	0.9404240996297543	2876	82	177
NAT	NAT_PEL_EAS	20	50	sim_025	NAT	2938	2461	0.8376446562287271	2481	20	477
NAT	NAT_PEL_EAS	20	50	sim_025	EUR	6157	6049	0.982458989767744	6513	464	108
NAT	NAT_PEL_EAS	20	50	sim_025	AFR	386	366	0.9481865284974094	487	121	20
NAT	NAT_PEL_EAS	20	51	sim_026	NAT	202	202	1	422	220	0
NAT	NAT_PEL_EAS	20	51	sim_026	EUR	5652	5404	0.9561217268223637	5629	225	248
NAT	NAT_PEL_EAS	20	51	sim_026	AFR	3627	3402	0.9379652605459057	3430	28	225
NAT	NAT_PEL_EAS	20	52	sim_026	NAT	1927	712	0.3694862480539699	740	28	1215
NAT	NAT_PEL_EAS	20	52	sim_026	EUR	7446	7011	0.9415793714746172	8334	1323	435
NAT	NAT_PEL_EAS	20	52	sim_026	AFR	108	0	0	407	407	108
NAT	NAT_PEL_EAS	20	53	sim_027	NAT	403	296	0.7344913151364765	395	99	107
NAT	NAT_PEL_EAS	20	53	sim_027	EUR	5585	5480	0.981199641897941	5680	200	105
NAT	NAT_PEL_EAS	20	53	sim_027	AFR	3493	3301	0.9450329229888348	3406	105	192
NAT	NAT_PEL_EAS	20	54	sim_027	NAT	876	876	1	876	0	0
NAT	NAT_PEL_EAS	20	54	sim_027	EUR	6612	6524	0.9866908650937689	6552	28	88
NAT	NAT_PEL_EAS	20	54	sim_027	AFR	1993	1965	0.9859508278976418	2053	88	28
NAT	NAT_PEL_EAS	20	55	sim_028	NAT	9	0	0	0	0	9
NAT	NAT_PEL_EAS	20	55	sim_028	EUR	7652	7652	1	7785	133	0
NAT	NAT_PEL_EAS	20	55	sim_028	AFR	1820	1696	0.9318681318681319	1696	0	124
NAT	NAT_PEL_EAS	20	56	sim_028	EUR	9067	9057	0.9988970993713466	9064	7	10
NAT	NAT_PEL_EAS	20	56	sim_028	AFR	414	407	0.9830917874396136	417	10	7
NAT	NAT_PEL_EAS	20	57	sim_029	NAT	2315	2234	0.9650107991360691	2566	332	81
NAT	NAT_PEL_EAS	20	57	sim_029	EUR	4919	4553	0.925594633055499	4670	117	366
NAT	NAT_PEL_EAS	20	57	sim_029	AFR	2247	2113	0.9403649310191367	2245	132	134
NAT	NAT_PEL_EAS	20	58	sim_029	NAT	4	0	0	0	0	4
NAT	NAT_PEL_EAS	20	58	sim_029	EUR	2953	2883	0.9762952929224518	2910	27	70
NAT	NAT_PEL_EAS	20	58	sim_029	AFR	6524	6497	0.9958614347026364	6571	74	27
NAT	NAT_PEL_EAS	20	59	sim_030	NAT	4546	4454	0.979762428508579	4496	42	92
NAT	NAT_PEL_EAS	20	59	sim_030	EUR	1362	1312	0.9632892804698973	1317	5	50
NAT	NAT_PEL_EAS	20	59	sim_030	AFR	3573	3555	0.9949622166246851	3668	113	18
NAT	NAT_PEL_EAS	20	60	sim_030	NAT	1307	1286	0.9839326702371843	1480	194	21
NAT	NAT_PEL_EAS	20	60	sim_030	EUR	5713	5461	0.955890075266935	5561	100	252
NAT	NAT_PEL_EAS	20	60	sim_030	AFR	2461	2375	0.9650548557496953	2440	65	86
NATMXB	NAT_PEL_EAS	20	1	sim_001	NAT	957	957	1	987	30	0
NATMXB	NAT_PEL_EAS	20	1	sim_001	EUR	2139	2093	0.978494623655914	2194	101	46
NATMXB	NAT_PEL_EAS	20	1	sim_001	AFR	6385	6254	0.9794831636648395	6300	46	131
NATMXB	NAT_PEL_EAS	20	2	sim_001	NAT	3219	2681	0.8328673501087294	2681	0	538
NATMXB	NAT_PEL_EAS	20	2	sim_001	EUR	2515	2485	0.9880715705765407	2708	223	30
NATMXB	NAT_PEL_EAS	20	2	sim_001	AFR	3747	3739	0.9978649586335735	4092	353	8
NATMXB	NAT_PEL_EAS	20	3	sim_002	NAT	345	169	0.48985507246376814	204	35	176
NATMXB	NAT_PEL_EAS	20	3	sim_002	EUR	7242	7197	0.9937862468931234	7418	221	45
NATMXB	NAT_PEL_EAS	20	3	sim_002	AFR	1894	1849	0.9762407602956705	1859	10	45
NATMXB	NAT_PEL_EAS	20	4	sim_002	NAT	2534	1782	0.7032359905288083	2042	260	752
NATMXB	NAT_PEL_EAS	20	4	sim_002	EUR	5670	5407	0.953615520282187	6165	758	263
NATMXB	NAT_PEL_EAS	20	4	sim_002	AFR	1277	1203	0.9420516836335161	1274	71	74
NATMXB	NAT_PEL_EAS	20	5	sim_003	NAT	184	0	0	0	0	184
NATMXB	NAT_PEL_EAS	20	5	sim_003	EUR	8752	8629	0.9859460694698354	8813	184	123
NATMXB	NAT_PEL_EAS	20	5	sim_003	AFR	545	545	1	668	123	0
NATMXB	NAT_PEL_EAS	20	6	sim_003	NAT	3906	3702	0.9477726574500768	3704	2	204
NATMXB	NAT_PEL_EAS	20	6	sim_003	EUR	2998	2996	0.9993328885923949	3192	196	2
NATMXB	NAT_PEL_EAS	20	6	sim_003	AFR	2577	2577	1	2585	8	0
NATMXB	NAT_PEL_EAS	20	7	sim_004	EUR	6299	6299	1	6561	262	0
NATMXB	NAT_PEL_EAS	20	7	sim_004	AFR	3182	2920	0.9176618478944061	2920	0	262
NATMXB	NAT_PEL_EAS	20	8	sim_004	NAT	467	467	1	506	39	0
NATMXB	NAT_PEL_EAS	20	8	sim_004	EUR	9014	8854	0.98224983359219	8854	0	160
NATMXB	NAT_PEL_EAS	20	9	sim_005	NAT	551	439	0.7967332123411979	508	69	112
NATMXB	NAT_PEL_EAS	20	9	sim_005	EUR	7941	7872	0.9913109180204005	7989	117	69
NATMXB	NAT_PEL_EAS	20	9	sim_005	AFR	989	984	0.9949443882709808	984	0	5
NATMXB	NAT_PEL_EAS	20	10	sim_005	NAT	2100	2091	0.9957142857142857	2117	26	9
NATMXB	NAT_PEL_EAS	20	10	sim_005	EUR	2688	2688	1	2709	21	0
NATMXB	NAT_PEL_EAS	20	10	sim_005	AFR	4693	4646	0.9899850841679096	4655	9	47
NATMXB	NAT_PEL_EAS	20	11	sim_006	EUR	7224	7183	0.9943244739756367	7245	62	41
NATMXB	NAT_PEL_EAS	20	11	sim_006	AFR	2257	2195	0.9725299069561365	2236	41	62
NATMXB	NAT_PEL_EAS	20	12	sim_006	NAT	725	660	0.9103448275862069	739	79	65
NATMXB	NAT_PEL_EAS	20	12	sim_006	EUR	2227	1942	0.8720251459362371	1948	6	285
NATMXB	NAT_PEL_EAS	20	12	sim_006	AFR	6529	6497	0.9950987900137847	6794	297	32
NATMXB	NAT_PEL_EAS	20	13	sim_007	EUR	5749	5713	0.9937380413985041	5752	39	36
NATMXB	NAT_PEL_EAS	20	13	sim_007	AFR	3732	3693	0.9895498392282959	3729	36	39
NATMXB	NAT_PEL_EAS	20	14	sim_007	NAT	2081	2024	0.9726093224411341	2098	74	57
NATMXB	NAT_PEL_EAS	20	14	sim_007	EUR	5353	5270	0.9844946758826826	5286	16	83
NATMXB	NAT_PEL_EAS	20	14	sim_007	AFR	2047	2047	1	2097	50	0
NATMXB	NAT_PEL_EAS	20	15	sim_008	NAT	479	344	0.7181628392484343	345	1	135
NATMXB	NAT_PEL_EAS	20	15	sim_008	EUR	3817	3646	0.9552004191773644	3867	221	171
NATMXB	NAT_PEL_EAS	20	15	sim_008	AFR	5185	5098	0.9832208293153327	5269	171	87
NATMXB	NAT_PEL_EAS	20	16	sim_008	EUR	3832	3489	0.910490605427975	3606	117	343
NATMXB	NAT_PEL_EAS	20	16	sim_008	AFR	5649	5532	0.9792883696229421	5875	343	117
NATMXB	NAT_PEL_EAS	20	17	sim_009	NAT	1551	1532	0.9877498388136686	1657	125	19
NATMXB	NAT_PEL_EAS	20	17	sim_009	EUR	7000	6759	0.9655714285714285	6778	19	241
NATMXB	NAT_PEL_EAS	20	17	sim_009	AFR	930	929	0.9989247311827957	1046	117	1
NATMXB	NAT_PEL_EAS	20	18	sim_009	NAT	1638	1444	0.8815628815628815	1631	187	194
NATMXB	NAT_PEL_EAS	20	18	sim_009	EUR	2670	2417	0.9052434456928838	2595	178	253
NATMXB	NAT_PEL_EAS	20	18	sim_009	AFR	5173	5088	0.983568528900058	5255	167	85
NATMXB	NAT_PEL_EAS	20	19	sim_010	EUR	6578	6325	0.9615384615384616	6348	23	253
NATMXB	NAT_PEL_EAS	20	19	sim_010	AFR	2903	2877	0.9910437478470547	2985	108	26
NATMXB	NAT_PEL_EAS	20	20	sim_010	EUR	3265	3175	0.9724349157733537	3422	247	90
NATMXB	NAT_PEL_EAS	20	20	sim_010	AFR	6216	5924	0.953024453024453	6014	90	292
NATMXB	NAT_PEL_EAS	20	21	sim_011	NAT	1368	1349	0.9861111111111112	1353	4	19
NATMXB	NAT_PEL_EAS	20	21	sim_011	EUR	1312	1306	0.9954268292682927	1414	108	6
NATMXB	NAT_PEL_EAS	20	21	sim_011	AFR	6801	6708	0.9863255403617115	6714	6	93
NATMXB	NAT_PEL_EAS	20	22	sim_011	NAT	249	89	0.357429718875502	167	78	160
NATMXB	NAT_PEL_EAS	20	22	sim_011	EUR	5996	5842	0.9743162108072048	6094	252	154
NATMXB	NAT_PEL_EAS	20	22	sim_011	AFR	3236	3124	0.965389369592089	3220	96	112
NATMXB	NAT_PEL_EAS	20	23	sim_012	NAT	492	390	0.7926829268292683	917	527	102
NATMXB	NAT_PEL_EAS	20	23	sim_012	EUR	6052	5538	0.9150693985459353	5634	96	514
NATMXB	NAT_PEL_EAS	20	23	sim_012	AFR	2937	2877	0.9795709908069459	2930	53	60
NATMXB	NAT_PEL_EAS	20	24	sim_012	NAT	1333	1314	0.9857464366091523	1540	226	19
NATMXB	NAT_PEL_EAS	20	24	sim_012	EUR	6770	6129	0.9053175775480059	6148	19	641
NATMXB	NAT_PEL_EAS	20	24	sim_012	AFR	1378	1378	1	1793	415	0
NATMXB	NAT_PEL_EAS	20	25	sim_013	NAT	1872	1829	0.9770299145299145	1866	37	43
NATMXB	NAT_PEL_EAS	20	25	sim_013	EUR	2404	2340	0.9733777038269551	2484	144	64
NATMXB	NAT_PEL_EAS	20	25	sim_013	AFR	5205	5061	0.9723342939481268	5131	70	144
NATMXB	NAT_PEL_EAS	20	26	sim_013	NAT	355	289	0.8140845070422535	402	113	66
NATMXB	NAT_PEL_EAS	20	26	sim_013	EUR	7052	6895	0.9777368122518435	6932	37	157
NATMXB	NAT_PEL_EAS	20	26	sim_013	AFR	2074	2074	1	2147	73	0
NATMXB	NAT_PEL_EAS	20	27	sim_014	EUR	8876	8876	1	8876	0	0
NATMXB	NAT_PEL_EAS	20	27	sim_014	AFR	605	605	1	605	0	0
NATMXB	NAT_PEL_EAS	20	28	sim_014	NAT	3440	2688	0.7813953488372093	2725	37	752
NATMXB	NAT_PEL_EAS	20	28	sim_014	EUR	4748	4719	0.9938921651221567	5436	717	29
NATMXB	NAT_PEL_EAS	20	28	sim_014	AFR	1293	1255	0.9706109822119103	1320	65	38
NATMXB	NAT_PEL_EAS	20	29	sim_015	NAT	3618	3609	0.9975124378109452	3609	0	9
NATMXB	NAT_PEL_EAS	20	29	sim_015	EUR	3518	3406	0.9681637293916998	3415	9	112
NATMXB	NAT_PEL_EAS	20	29	sim_015	AFR	2345	2345	1	2457	112	0
NATMXB	NAT_PEL_EAS	20	30	sim_015	NAT	2118	2062	0.9735599622285175	2069	7	56
NATMXB	NAT_PEL_EAS	20	30	sim_015	EUR	2831	2611	0.9222889438361003	2668	57	220
NATMXB	NAT_PEL_EAS	20	30	sim_015	AFR	4532	4508	0.9947043248014121	4744	236	24
NATMXB	NAT_PEL_EAS	20	31	sim_016	NAT	116	116	1	230	114	0
NATMXB	NAT_PEL_EAS	20	31	sim_016	EUR	5889	5733	0.9735099337748344	5750	17	156
NATMXB	NAT_PEL_EAS	20	31	sim_016	AFR	3476	3459	0.9951093210586881	3501	42	17
NATMXB	NAT_PEL_EAS	20	32	sim_016	EUR	6104	6042	0.9898427260812582	6126	84	62
NATMXB	NAT_PEL_EAS	20	32	sim_016	AFR	3377	3293	0.9751258513473497	3355	62	84
NATMXB	NAT_PEL_EAS	20	33	sim_017	NAT	2337	887	0.3795464270432178	890	3	1450
NATMXB	NAT_PEL_EAS	20	33	sim_017	EUR	5557	5387	0.9694079539319777	6841	1454	170
NATMXB	NAT_PEL_EAS	20	33	sim_017	AFR	1587	1583	0.9974795211090107	1750	167	4
NATMXB	NAT_PEL_EAS	20	34	sim_017	NAT	1745	1744	0.9994269340974212	1745	1	1
NATMXB	NAT_PEL_EAS	20	34	sim_017	EUR	6540	6530	0.9984709480122325	6561	31	10
NATMXB	NAT_PEL_EAS	20	34	sim_017	AFR	1196	1165	0.9740802675585284	1175	10	31
NATMXB	NAT_PEL_EAS	20	35	sim_018	NAT	3193	3193	1	3829	636	0
NATMXB	NAT_PEL_EAS	20	35	sim_018	EUR	3168	2689	0.8488005050505051	2711	22	479
NATMXB	NAT_PEL_EAS	20	35	sim_018	AFR	3120	2941	0.9426282051282051	2941	0	179
NATMXB	NAT_PEL_EAS	20	36	sim_018	NAT	4969	4945	0.9951700543368888	4946	1	24
NATMXB	NAT_PEL_EAS	20	36	sim_018	EUR	2953	2933	0.993227226549272	2967	34	20
NATMXB	NAT_PEL_EAS	20	36	sim_018	AFR	1559	1549	0.9935856318152662	1568	19	10
NATMXB	NAT_PEL_EAS	20	37	sim_019	NAT	489	236	0.48261758691206547	283	47	253
NATMXB	NAT_PEL_EAS	20	37	sim_019	EUR	7366	7284	0.9888677708389899	7429	145	82
NATMXB	NAT_PEL_EAS	20	37	sim_019	AFR	1626	1553	0.9551045510455105	1769	216	73
NATMXB	NAT_PEL_EAS	20	38	sim_019	EUR	4147	4120	0.9934892693513383	4182	62	27
NATMXB	NAT_PEL_EAS	20	38	sim_019	AFR	5334	5272	0.98837645294338206	5299	27	62
NATMXB	NAT_PEL_EAS	20	39	sim_020	NAT	676	667	0.9866863905325444	722	55	9
NATMXB	NAT_PEL_EAS	20	39	sim_020	EUR	6261	6172	0.9857850183676728	6172	0	89
NATMXB	NAT_PEL_EAS	20	39	sim_020	AFR	2544	2506	0.985062893081761	2587	81	38
NATMXB	NAT_PEL_EAS	20	40	sim_020	EUR	7884	7871	0.9983510908168443	8020	149	13
NATMXB	NAT_PEL_EAS	20	40	sim_020	AFR	1597	1448	0.9067000626174077	1461	13	149
NATMXB	NAT_PEL_EAS	20	41	sim_021	EUR	6696	6599	0.9855137395459976	6651	52	97
NATMXB	NAT_PEL_EAS	20	41	sim_021	AFR	2785	2733	0.9813285457809695	2830	97	52
NATMXB	NAT_PEL_EAS	20	42	sim_021	NAT	1571	1427	0.9083386378103119	1585	158	144
NATMXB	NAT_PEL_EAS	20	42	sim_021	EUR	5718	5558	0.9720181881776845	5753	195	160
NATMXB	NAT_PEL_EAS	20	42	sim_021	AFR	2192	2140	0.9762773722627737	2143	3	52
NATMXB	NAT_PEL_EAS	20	43	sim_022	NAT	897	554	0.6176142697881828	767	213	343
NATMXB	NAT_PEL_EAS	20	43	sim_022	EUR	7181	6843	0.9529313466091074	7204	361	338
NATMXB	NAT_PEL_EAS	20	43	sim_022	AFR	1403	1348	0.9607982893799002	1510	162	55
NATMXB	NAT_PEL_EAS	20	44	sim_022	NAT	1974	1943	0.9842958459979737	1959	16	31
NATMXB	NAT_PEL_EAS	20	44	sim_022	EUR	6743	6547	0.9709328192199318	6618	71	196
NATMXB	NAT_PEL_EAS	20	44	sim_022	AFR	764	708	0.9267015706806283	904	196	56
NATMXB	NAT_PEL_EAS	20	45	sim_023	NAT	2040	1862	0.9127450980392157	1862	0	178
NATMXB	NAT_PEL_EAS	20	45	sim_023	EUR	5731	5630	0.9823765485953586	5832	202	101
NATMXB	NAT_PEL_EAS	20	45	sim_023	AFR	1710	1648	0.9637426900584796	1787	139	62
NATMXB	NAT_PEL_EAS	20	46	sim_023	NAT	1895	1860	0.9815303430079155	2074	214	35
NATMXB	NAT_PEL_EAS	20	46	sim_023	EUR	2957	2744	0.9279675346635103	2781	37	213
NATMXB	NAT_PEL_EAS	20	46	sim_023	AFR	4629	4626	0.9993519118600129	4626	0	3
NATMXB	NAT_PEL_EAS	20	47	sim_024	NAT	2690	1979	0.7356877323420075	2017	38	711
NATMXB	NAT_PEL_EAS	20	47	sim_024	EUR	6437	6407	0.9953394438402983	7118	711	30
NATMXB	NAT_PEL_EAS	20	47	sim_024	AFR	354	346	0.9774011299435028	346	0	8
NATMXB	NAT_PEL_EAS	20	48	sim_024	NAT	3199	3196	0.9990622069396686	3334	138	3
NATMXB	NAT_PEL_EAS	20	48	sim_024	EUR	6148	5783	0.9406310995445674	5846	63	365
NATMXB	NAT_PEL_EAS	20	48	sim_024	AFR	134	74	0.5522388059701493	301	227	60
NATMXB	NAT_PEL_EAS	20	49	sim_025	EUR	8322	8244	0.9906272530641672	8255	11	78
NATMXB	NAT_PEL_EAS	20	49	sim_025	AFR	1159	1148	0.9905090595340811	1148	0	11
NATMXB	NAT_PEL_EAS	20	50	sim_025	NAT	1148	1148	1	1425	277	0
NATMXB	NAT_PEL_EAS	20	50	sim_025	EUR	8085	7853	0.9713048855905999	7853	0	232
NATMXB	NAT_PEL_EAS	20	50	sim_025	AFR	248	203	0.8185483870967742	203	0	45
NATMXB	NAT_PEL_EAS	20	51	sim_026	NAT	420	420	1	420	0	0
NATMXB	NAT_PEL_EAS	20	51	sim_026	EUR	8286	8286	1	8294	8	0
NATMXB	NAT_PEL_EAS	20	51	sim_026	AFR	775	767	0.9896774193548387	767	0	8
NATMXB	NAT_PEL_EAS	20	52	sim_026	NAT	3399	3235	0.951750514857311	3284	49	164
NATMXB	NAT_PEL_EAS	20	52	sim_026	EUR	5245	5189	0.9893231649189704	5317	128	56
NATMXB	NAT_PEL_EAS	20	52	sim_026	AFR	837	837	1	880	43	0
NATMXB	NAT_PEL_EAS	20	53	sim_027	NAT	225	195	0.8666666666666667	195	0	30
NATMXB	NAT_PEL_EAS	20	53	sim_027	EUR	6317	6248	0.9890770935570682	6309	61	69
NATMXB	NAT_PEL_EAS	20	53	sim_027	AFR	2939	2908	0.9894521946240218	2977	69	31
NATMXB	NAT_PEL_EAS	20	54	sim_027	NAT	3248	3162	0.9735221674876847	3379	217	86
NATMXB	NAT_PEL_EAS	20	54	sim_027	EUR	3746	3528	0.9418045915643353	3614	86	218
NATMXB	NAT_PEL_EAS	20	54	sim_027	AFR	2487	2415	0.971049457177322	2488	73	72
NATMXB	NAT_PEL_EAS	20	55	sim_028	NAT	1676	1601	0.9552505966587113	1615	14	75
NATMXB	NAT_PEL_EAS	20	55	sim_028	EUR	7562	7460	0.9865115048928855	7569	109	102
NATMXB	NAT_PEL_EAS	20	55	sim_028	AFR	243	195	0.8024691358024691	297	102	48
NATMXB	NAT_PEL_EAS	20	56	sim_028	NAT	3028	1429	0.47192866578599735	1673	244	1599
NATMXB	NAT_PEL_EAS	20	56	sim_028	EUR	4016	3864	0.9621513944223108	4301	437	152
NATMXB	NAT_PEL_EAS	20	56	sim_028	AFR	2437	2320	0.9519901518260155	3507	1187	117
NATMXB	NAT_PEL_EAS	20	57	sim_029	NAT	75	61	0.8133333333333334	157	96	14
NATMXB	NAT_PEL_EAS	20	57	sim_029	EUR	2518	2420	0.9610802223987291	2453	33	98
NATMXB	NAT_PEL_EAS	20	57	sim_029	AFR	6888	6773	0.9833042973286876	6871	98	115
NATMXB	NAT_PEL_EAS	20	58	sim_029	NAT	604	587	0.9718543046357616	658	71	17
NATMXB	NAT_PEL_EAS	20	58	sim_029	EUR	1955	1953	0.9989769820971867	1955	2	2
NATMXB	NAT_PEL_EAS	20	58	sim_029	AFR	6922	6849	0.9894539150534527	6868	19	73
NATMXB	NAT_PEL_EAS	20	59	sim_030	NAT	1357	1305	0.9616801768607222	1465	160	52
NATMXB	NAT_PEL_EAS	20	59	sim_030	EUR	7388	7125	0.9644017325392529	7131	6	263
NATMXB	NAT_PEL_EAS	20	59	sim_030	AFR	736	736	1	885	149	0
NATMXB	NAT_PEL_EAS	20	60	sim_030	NAT	1782	1719	0.9646464646464646	1743	24	63
NATMXB	NAT_PEL_EAS	20	60	sim_030	EUR	6802	6791	0.9983828285798294	6856	65	11
NATMXB	NAT_PEL_EAS	20	60	sim_030	AFR	897	871	0.9710144927536232	882	11	26
NAT	NAT_HGDPMXB	20	1	sim_001	NAT	848	746	0.8797169811320755	746	0	102
NAT	NAT_HGDPMXB	20	1	sim_001	EUR	3758	3213	0.8549760510910058	3317	104	545
NAT	NAT_HGDPMXB	20	1	sim_001	AFR	4875	4869	0.9987692307692307	5418	549	6
NAT	NAT_HGDPMXB	20	2	sim_001	NAT	296	179	0.6047297297297297	179	0	117
NAT	NAT_HGDPMXB	20	2	sim_001	EUR	6754	6664	0.9866745632217945	6868	204	90
NAT	NAT_HGDPMXB	20	2	sim_001	AFR	2431	2344	0.9642122583299054	2434	90	87
NAT	NAT_HGDPMXB	20	3	sim_002	NAT	856	856	1	914	58	0
NAT	NAT_HGDPMXB	20	3	sim_002	EUR	5017	4959	0.9884393063583815	5016	57	58
NAT	NAT_HGDPMXB	20	3	sim_002	AFR	3608	3551	0.9842017738359202	3551	0	57
NAT	NAT_HGDPMXB	20	4	sim_002	NAT	1577	1577	1	1607	30	0
NAT	NAT_HGDPMXB	20	4	sim_002	EUR	3685	3563	0.9668928086838534	3563	0	122
NAT	NAT_HGDPMXB	20	4	sim_002	AFR	4219	4219	1	4311	92	0
NAT	NAT_HGDPMXB	20	5	sim_003	NAT	4041	2734	0.6765652066320218	2735	1	1307
NAT	NAT_HGDPMXB	20	5	sim_003	EUR	4102	4068	0.9917113603120429	5523	1455	34
NAT	NAT_HGDPMXB	20	5	sim_003	AFR	1338	1187	0.8871449925261584	1223	36	151
NAT	NAT_HGDPMXB	20	6	sim_003	EUR	5416	5095	0.9407311669128509	5223	128	321
NAT	NAT_HGDPMXB	20	6	sim_003	AFR	4065	3937	0.9685116851168512	4258	321	128
NAT	NAT_HGDPMXB	20	7	sim_004	NAT	1471	1426	0.9694085656016316	1527	101	45
NAT	NAT_HGDPMXB	20	7	sim_004	EUR	7529	7383	0.9806083145172002	7428	45	146
NAT	NAT_HGDPMXB	20	7	sim_004	AFR	481	481	1	526	45	0
NAT	NAT_HGDPMXB	20	8	sim_004	NAT	2350	1307	0.5561702127659575	1307	0	1043
NAT	NAT_HGDPMXB	20	8	sim_004	EUR	7131	7007	0.9826111344832422	8005	998	124
NAT	NAT_HGDPMXB	20	9	sim_005	NAT	169	74	0.4378698224852071	74	0	95
NAT	NAT_HGDPMXB	20	9	sim_005	EUR	8611	8485	0.9853675531297178	8630	145	126
NAT	NAT_HGDPMXB	20	9	sim_005	AFR	701	651	0.9286733238231099	777	126	50
NAT	NAT_HGDPMXB	20	10	sim_005	NAT	1982	1935	0.9762865792129163	2100	165	47
NAT	NAT_HGDPMXB	20	10	sim_005	EUR	5651	5326	0.942488055211467	5474	148	325
NAT	NAT_HGDPMXB	20	10	sim_005	AFR	1848	1627	0.8804112554112554	1907	280	221
NAT	NAT_HGDPMXB	20	11	sim_006	EUR	7075	7000	0.9893992932862191	7016	16	75
NAT	NAT_HGDPMXB	20	11	sim_006	AFR	2406	2390	0.9933499584372403	2465	75	16
NAT	NAT_HGDPMXB	20	12	sim_006	NAT	2321	2246	0.967686342093925	2274	28	75
NAT	NAT_HGDPMXB	20	12	sim_006	EUR	6543	6414	0.9802842732691426	6489	75	129
NAT	NAT_HGDPMXB	20	12	sim_006	AFR	617	617	1	718	101	0
NAT	NAT_HGDPMXB	20	13	sim_007	NAT	6990	6895	0.9864091559370529	6931	36	95
NAT	NAT_HGDPMXB	20	13	sim_007	EUR	1068	986	0.9232209737827716	1081	95	82
NAT	NAT_HGDPMXB	20	13	sim_007	AFR	1423	1423	1	1469	46	0
NAT	NAT_HGDPMXB	20	14	sim_007	EUR	9053	8976	0.991494532199271	8976	0	77
NAT	NAT_HGDPMXB	20	14	sim_007	AFR	428	428	1	505	77	0
NAT	NAT_HGDPMXB	20	15	sim_008	NAT	738	607	0.8224932249322493	607	0	131
NAT	NAT_HGDPMXB	20	15	sim_008	EUR	7770	7770	1	7931	161	0
NAT	NAT_HGDPMXB	20	15	sim_008	AFR	973	943	0.9691675231243576	943	0	30
NAT	NAT_HGDPMXB	20	16	sim_008	EUR	7561	7397	0.9783097473879117	7513	116	164
NAT	NAT_HGDPMXB	20	16	sim_008	AFR	1920	1804	0.9395833333333333	1968	164	116
NAT	NAT_HGDPMXB	20	17	sim_009	NAT	209	133	0.6363636363636364	230	97	76
NAT	NAT_HGDPMXB	20	17	sim_009	EUR	1534	1472	0.9595827900912647	1662	190	62
NAT	NAT_HGDPMXB	20	17	sim_009	AFR	7738	7548	0.975445851641251	7589	41	190
NAT	NAT_HGDPMXB	20	18	sim_009	NAT	2921	1758	0.6018486819582335	1780	22	1163
NAT	NAT_HGDPMXB	20	18	sim_009	EUR	5431	5409	0.9959491806297183	6560	1151	22
NAT	NAT_HGDPMXB	20	18	sim_009	AFR	1129	1129	1	1141	12	0
NAT	NAT_HGDPMXB	20	19	sim_010	NAT	934	894	0.9571734475374732	912	18	40
NAT	NAT_HGDPMXB	20	19	sim_010	EUR	6724	6634	0.9866151100535395	6762	128	90
NAT	NAT_HGDPMXB	20	19	sim_010	AFR	1823	1735	0.9517279210093252	1807	72	88
NAT	NAT_HGDPMXB	20	20	sim_010	NAT	2357	2314	0.9817564700890963	2331	17	43
NAT	NAT_HGDPMXB	20	20	sim_010	EUR	6481	6445	0.9944453016509798	6479	34	36
NAT	NAT_HGDPMXB	20	20	sim_010	AFR	643	642	0.9984447900466563	671	29	1
NAT	NAT_HGDPMXB	20	21	sim_011	NAT	3396	3156	0.9293286219081273	3204	48	240
NAT	NAT_HGDPMXB	20	21	sim_011	EUR	5520	5472	0.991304347826087	5678	206	48
NAT	NAT_HGDPMXB	20	21	sim_011	AFR	565	563	0.9964601769911504	599	36	2
NAT	NAT_HGDPMXB	20	22	sim_011	NAT	1070	1041	0.9728971962616823	1333	292	29
NAT	NAT_HGDPMXB	20	22	sim_011	EUR	6029	5758	0.9550505888206999	5789	31	271
NAT	NAT_HGDPMXB	20	22	sim_011	AFR	2382	2359	0.9903442485306465	2359	0	23
NAT	NAT_HGDPMXB	20	23	sim_012	NAT	1030	999	0.9699029126213592	1043	44	31
NAT	NAT_HGDPMXB	20	23	sim_012	EUR	5945	5547	0.9330529857022708	5547	0	398
NAT	NAT_HGDPMXB	20	23	sim_012	AFR	2506	2462	0.9824421388667198	2891	429	44
NAT	NAT_HGDPMXB	20	24	sim_012	NAT	1579	1450	0.9183027232425586	1456	6	129
NAT	NAT_HGDPMXB	20	24	sim_012	EUR	6622	6464	0.9761401389308366	6662	198	158
NAT	NAT_HGDPMXB	20	24	sim_012	AFR	1280	1211	0.94609375	1363	152	69
NAT	NAT_HGDPMXB	20	25	sim_013	NAT	1895	1832	0.9667546174142481	1880	48	63
NAT	NAT_HGDPMXB	20	25	sim_013	EUR	4536	4401	0.9702380952380952	4463	62	135
NAT	NAT_HGDPMXB	20	25	sim_013	AFR	3050	3032	0.9940983606557378	3138	106	18
NAT	NAT_HGDPMXB	20	26	sim_013	EUR	6834	6757	0.988732806555458	6801	44	77
NAT	NAT_HGDPMXB	20	26	sim_013	AFR	2647	2603	0.9833774083868531	2680	77	44
NAT	NAT_HGDPMXB	20	27	sim_014	NAT	118	85	0.7203389830508474	85	0	33
NAT	NAT_HGDPMXB	20	27	sim_014	EUR	9363	9363	1	9396	33	0
NAT	NAT_HGDPMXB	20	28	sim_014	NAT	342	340	0.9941520467836257	368	28	2
NAT	NAT_HGDPMXB	20	28	sim_014	EUR	7580	7268	0.9588390501319262	7341	73	312
NAT	NAT_HGDPMXB	20	28	sim_014	AFR	1559	1487	0.9538165490699166	1772	285	72
NAT	NAT_HGDPMXB	20	29	sim_015	EUR	5017	4746	0.9459836555710583	4876	130	271
NAT	NAT_HGDPMXB	20	29	sim_015	AFR	4464	4334	0.9708781362007168	4605	271	130
NAT	NAT_HGDPMXB	20	30	sim_015	NAT	718	678	0.9442896935933147	713	35	40
NAT	NAT_HGDPMXB	20	30	sim_015	EUR	5652	5601	0.9909766454352441	5644	43	51
NAT	NAT_HGDPMXB	20	30	sim_015	AFR	3111	3033	0.9749276759884281	3124	91	78
NAT	NAT_HGDPMXB	20	31	sim_016	NAT	165	0	0	0	0	165
NAT	NAT_HGDPMXB	20	31	sim_016	EUR	5481	5312	0.9691662105455209	5568	256	169
NAT	NAT_HGDPMXB	20	31	sim_016	AFR	3835	3744	0.976271186440678	3913	169	91
NAT	NAT_HGDPMXB	20	32	sim_016	NAT	111	0	0	0	0	111
NAT	NAT_HGDPMXB	20	32	sim_016	EUR	8136	7887	0.9693952802359882	8064	177	249
NAT	NAT_HGDPMXB	20	32	sim_016	AFR	1234	1168	0.946515397082658	1417	249	66
NAT	NAT_HGDPMXB	20	33	sim_017	NAT	419	347	0.8281622911694511	361	14	72
NAT	NAT_HGDPMXB	20	33	sim_017	EUR	4708	4642	0.985981308411215	4746	104	66
NAT	NAT_HGDPMXB	20	33	sim_017	AFR	4354	4315	0.9910427193385393	4374	59	39
NAT	NAT_HGDPMXB	20	34	sim_017	NAT	1617	1610	0.9956709956709957	1678	68	7
NAT	NAT_HGDPMXB	20	34	sim_017	EUR	7225	7067	0.9781314878892734	7074	7	158
NAT	NAT_HGDPMXB	20	34	sim_017	AFR	639	639	1	729	90	0
NAT	NAT_HGDPMXB	20	35	sim_018	NAT	239	225	0.9414225941422594	225	0	14
NAT	NAT_HGDPMXB	20	35	sim_018	EUR	6909	6792	0.9830655666521928	6814	22	117
NAT	NAT_HGDPMXB	20	35	sim_018	AFR	2333	2325	0.9965709387055294	2442	117	8
NAT	NAT_HGDPMXB	20	36	sim_018	NAT	260	160	0.6153846153846154	160	0	100
NAT	NAT_HGDPMXB	20	36	sim_018	EUR	3751	3712	0.9896027725939749	3811	99	39
NAT	NAT_HGDPMXB	20	36	sim_018	AFR	5470	5463	0.9987202925045704	5510	47	7
NAT	NAT_HGDPMXB	20	37	sim_019	NAT	751	653	0.8695073235685752	671	18	98
NAT	NAT_HGDPMXB	20	37	sim_019	EUR	5603	5551	0.9907192575406032	5681	130	52
NAT	NAT_HGDPMXB	20	37	sim_019	AFR	3127	3095	0.9897665494083786	3129	34	32
NAT	NAT_HGDPMXB	20	38	sim_019	NAT	1697	1014	0.5975250441956393	1014	0	683
NAT	NAT_HGDPMXB	20	38	sim_019	EUR	2571	2571	1	2806	235	0
NAT	NAT_HGDPMXB	20	38	sim_019	AFR	5213	5208	0.9990408593899865	5661	453	5
NAT	NAT_HGDPMXB	20	39	sim_020	NAT	3298	3298	1	3303	5	0
NAT	NAT_HGDPMXB	20	39	sim_020	EUR	4194	4189	0.9988078206962328	4266	77	5
NAT	NAT_HGDPMXB	20	39	sim_020	AFR	1989	1912	0.9612870789341378	1912	0	77
NAT	NAT_HGDPMXB	20	40	sim_020	NAT	2617	2174	0.830722200993504	2174	0	443
NAT	NAT_HGDPMXB	20	40	sim_020	EUR	4685	4628	0.9878335112059765	5047	419	57
NAT	NAT_HGDPMXB	20	40	sim_020	AFR	2179	2179	1	2260	81	0
NAT	NAT_HGDPMXB	20	41	sim_021	NAT	3031	2983	0.9841636423622567	3047	64	48
NAT	NAT_HGDPMXB	20	41	sim_021	EUR	5284	5170	0.9784254352763059	5170	0	114
NAT	NAT_HGDPMXB	20	41	sim_021	AFR	1166	1166	1	1264	98	0
NAT	NAT_HGDPMXB	20	42	sim_021	NAT	1550	1519	0.98	1563	44	31
NAT	NAT_HGDPMXB	20	42	sim_021	EUR	7510	7367	0.9809587217043941	7403	36	143
NAT	NAT_HGDPMXB	20	42	sim_021	AFR	421	416	0.9881235154394299	515	99	5
NAT	NAT_HGDPMXB	20	43	sim_022	NAT	1622	1615	0.9956843403205918	1643	28	7
NAT	NAT_HGDPMXB	20	43	sim_022	EUR	6676	6676	1	6791	115	0
NAT	NAT_HGDPMXB	20	43	sim_022	AFR	1183	1040	0.8791208791208791	1047	7	143
NAT	NAT_HGDPMXB	20	44	sim_022	EUR	7994	7941	0.9933700275206405	7951	10	53
NAT	NAT_HGDPMXB	20	44	sim_022	AFR	1487	1477	0.9932750504371217	1530	53	10
NAT	NAT_HGDPMXB	20	45	sim_023	NAT	550	0	0	0	0	550
NAT	NAT_HGDPMXB	20	45	sim_023	EUR	5996	5989	0.9988325550366911	6605	616	7
NAT	NAT_HGDPMXB	20	45	sim_023	AFR	2935	2838	0.9669505962521294	2876	38	97
NAT	NAT_HGDPMXB	20	46	sim_023	NAT	111	67	0.6036036036036037	67	0	44
NAT	NAT_HGDPMXB	20	46	sim_023	EUR	776	776	1	922	146	0
NAT	NAT_HGDPMXB	20	46	sim_023	AFR	8594	8492	0.9881312543635095	8492	0	102
NAT	NAT_HGDPMXB	20	47	sim_024	NAT	293	292	0.9965870307167235	299	7	1
NAT	NAT_HGDPMXB	20	47	sim_024	EUR	7673	7594	0.9897041574351623	7594	0	79
NAT	NAT_HGDPMXB	20	47	sim_024	AFR	1515	1515	1	1588	73	0
NAT	NAT_HGDPMXB	20	48	sim_024	NAT	1195	1190	0.99581589958159	1199	9	5
NAT	NAT_HGDPMXB	20	48	sim_024	EUR	7421	7401	0.9973049454251448	7451	50	20
NAT	NAT_HGDPMXB	20	48	sim_024	AFR	865	811	0.9375722543352601	831	20	54
NAT	NAT_HGDPMXB	20	49	sim_025	NAT	225	0	0	0	0	225
NAT	NAT_HGDPMXB	20	49	sim_025	EUR	6285	6254	0.9950676213206047	6625	371	31
NAT	NAT_HGDPMXB	20	49	sim_025	AFR	2971	2825	0.9508582968697409	2856	31	146
NAT	NAT_HGDPMXB	20	50	sim_025	NAT	2938	2628	0.8944860449285228	2695	67	310
NAT	NAT_HGDPMXB	20	50	sim_025	EUR	6157	5905	0.959070976124736	6361	456	252
NAT	NAT_HGDPMXB	20	50	sim_025	AFR	386	220	0.5699481865284974	425	205	166
NAT	NAT_HGDPMXB	20	51	sim_026	NAT	202	0	0	0	0	202
NAT	NAT_HGDPMXB	20	51	sim_026	EUR	5652	5624	0.9950460014154282	6073	449	28
NAT	NAT_HGDPMXB	20	51	sim_026	AFR	3627	3380	0.931899641577061	3408	28	247
NAT	NAT_HGDPMXB	20	52	sim_026	NAT	1927	1119	0.5806953814218994	1191	72	808
NAT	NAT_HGDPMXB	20	52	sim_026	EUR	7446	7108	0.9546065001343003	8024	916	338
NAT	NAT_HGDPMXB	20	52	sim_026	AFR	108	0	0	266	266	108
NAT	NAT_HGDPMXB	20	53	sim_027	NAT	403	296	0.7344913151364765	296	0	107
NAT	NAT_HGDPMXB	20	53	sim_027	EUR	5585	5585	1	5869	284	0
NAT	NAT_HGDPMXB	20	53	sim_027	AFR	3493	3316	0.9493272258803321	3316	0	177
NAT	NAT_HGDPMXB	20	54	sim_027	NAT	876	876	1	876	0	0
NAT	NAT_HGDPMXB	20	54	sim_027	EUR	6612	6524	0.9866908650937689	6552	28	88
NAT	NAT_HGDPMXB	20	54	sim_027	AFR	1993	1965	0.9859508278976418	2053	88	28
NAT	NAT_HGDPMXB	20	55	sim_028	NAT	9	0	0	0	0	9
NAT	NAT_HGDPMXB	20	55	sim_028	EUR	7652	7652	1	8010	358	0
NAT	NAT_HGDPMXB	20	55	sim_028	AFR	1820	1471	0.8082417582417583	1471	0	349
NAT	NAT_HGDPMXB	20	56	sim_028	EUR	9067	9057	0.9988970993713466	9064	7	10
NAT	NAT_HGDPMXB	20	56	sim_028	AFR	414	407	0.9830917874396136	417	10	7
NAT	NAT_HGDPMXB	20	57	sim_029	NAT	2315	2192	0.9468682505399568	2269	77	123
NAT	NAT_HGDPMXB	20	57	sim_029	EUR	4919	4909	0.9979670664769262	5047	138	10
NAT	NAT_HGDPMXB	20	57	sim_029	AFR	2247	2134	0.94971072541166	2165	31	113
NAT	NAT_HGDPMXB	20	58	sim_029	NAT	4	0	0	0	0	4
NAT	NAT_HGDPMXB	20	58	sim_029	EUR	2953	2903	0.9830680663731798	2942	39	50
NAT	NAT_HGDPMXB	20	58	sim_029	AFR	6524	6489	0.9946351931330472	6539	50	35
NAT	NAT_HGDPMXB	20	59	sim_030	NAT	4546	4443	0.9773427188737351	4477	34	103
NAT	NAT_HGDPMXB	20	59	sim_030	EUR	1362	1277	0.9375917767988252	1282	5	85
NAT	NAT_HGDPMXB	20	59	sim_030	AFR	3573	3555	0.9949622166246851	3722	167	18
NAT	NAT_HGDPMXB	20	60	sim_030	NAT	1307	1297	0.9923488905891354	1377	80	10
NAT	NAT_HGDPMXB	20	60	sim_030	EUR	5713	5575	0.9758445650271311	5664	89	138
NAT	NAT_HGDPMXB	20	60	sim_030	AFR	2461	2375	0.9650548557496953	2440	65	86
NATMXB	NAT_HGDPMXB	20	1	sim_001	NAT	957	957	1	987	30	0
NATMXB	NAT_HGDPMXB	20	1	sim_001	EUR	2139	1965	0.9186535764375876	2081	116	174
NATMXB	NAT_HGDPMXB	20	1	sim_001	AFR	6385	6239	0.977133907595928	6413	174	146
NATMXB	NAT_HGDPMXB	20	2	sim_001	NAT	3219	2756	0.8561665113389252	2756	0	463
NATMXB	NAT_HGDPMXB	20	2	sim_001	EUR	2515	2497	0.9928429423459244	2762	265	18
NATMXB	NAT_HGDPMXB	20	2	sim_001	AFR	3747	3622	0.9666399786495863	3963	341	125
NATMXB	NAT_HGDPMXB	20	3	sim_002	NAT	345	169	0.48985507246376814	325	156	176
NATMXB	NAT_HGDPMXB	20	3	sim_002	EUR	7242	7041	0.972245236122618	7262	221	201
NATMXB	NAT_HGDPMXB	20	3	sim_002	AFR	1894	1849	0.9762407602956705	1894	45	45
NATMXB	NAT_HGDPMXB	20	4	sim_002	NAT	2534	1921	0.7580899763220206	1967	46	613
NATMXB	NAT_HGDPMXB	20	4	sim_002	EUR	5670	5630	0.9929453262786596	6419	789	40
NATMXB	NAT_HGDPMXB	20	4	sim_002	AFR	1277	1095	0.8574784651527017	1095	0	182
NATMXB	NAT_HGDPMXB	20	5	sim_003	NAT	184	180	0.9782608695652174	182	2	4
NATMXB	NAT_HGDPMXB	20	5	sim_003	EUR	8752	8577	0.9800045703839122	8581	4	175
NATMXB	NAT_HGDPMXB	20	5	sim_003	AFR	545	545	1	718	173	0
NATMXB	NAT_HGDPMXB	20	6	sim_003	NAT	3906	3865	0.9895033282130057	3867	2	41
NATMXB	NAT_HGDPMXB	20	6	sim_003	EUR	2998	2996	0.9993328885923949	3029	33	2
NATMXB	NAT_HGDPMXB	20	6	sim_003	AFR	2577	2577	1	2585	8	0
NATMXB	NAT_HGDPMXB	20	7	sim_004	EUR	6299	6299	1	6486	187	0
NATMXB	NAT_HGDPMXB	20	7	sim_004	AFR	3182	2995	0.9412319296040226	2995	0	187
NATMXB	NAT_HGDPMXB	20	8	sim_004	NAT	467	467	1	563	96	0
NATMXB	NAT_HGDPMXB	20	8	sim_004	EUR	9014	8797	0.9759263368094075	8797	0	217
NATMXB	NAT_HGDPMXB	20	9	sim_005	NAT	551	439	0.7967332123411979	439	0	112
NATMXB	NAT_HGDPMXB	20	9	sim_005	EUR	7941	7941	1	8058	117	0
NATMXB	NAT_HGDPMXB	20	9	sim_005	AFR	989	984	0.9949443882709808	984	0	5
NATMXB	NAT_HGDPMXB	20	10	sim_005	NAT	2100	2088	0.9942857142857143	2125	37	12
NATMXB	NAT_HGDPMXB	20	10	sim_005	EUR	2688	2688	1	2709	21	0
NATMXB	NAT_HGDPMXB	20	10	sim_005	AFR	4693	4635	0.9876411676965694	4647	12	58
NATMXB	NAT_HGDPMXB	20	11	sim_006	EUR	7224	7170	0.9925249169435216	7170	0	54
NATMXB	NAT_HGDPMXB	20	11	sim_006	AFR	2257	2257	1	2311	54	0
NATMXB	NAT_HGDPMXB	20	12	sim_006	NAT	725	659	0.9089655172413793	659	0	66
NATMXB	NAT_HGDPMXB	20	12	sim_006	EUR	2227	1881	0.8446340368208352	1892	11	346
NATMXB	NAT_HGDPMXB	20	12	sim_006	AFR	6529	6519	0.9984683718793077	6930	411	10
NATMXB	NAT_HGDPMXB	20	13	sim_007	EUR	5749	5660	0.9845190467907462	5699	39	89
NATMXB	NAT_HGDPMXB	20	13	sim_007	AFR	3732	3693	0.9895498392282959	3782	89	39
NATMXB	NAT_HGDPMXB	20	14	sim_007	NAT	2081	2063	0.9913503123498318	2068	5	18
NATMXB	NAT_HGDPMXB	20	14	sim_007	EUR	5353	5339	0.9973846441247899	5356	17	14
NATMXB	NAT_HGDPMXB	20	14	sim_007	AFR	2047	2047	1	2057	10	0
NATMXB	NAT_HGDPMXB	20	15	sim_008	NAT	479	453	0.9457202505219207	521	68	26
NATMXB	NAT_HGDPMXB	20	15	sim_008	EUR	3817	3663	0.9596541786743515	3918	255	154
NATMXB	NAT_HGDPMXB	20	15	sim_008	AFR	5185	4947	0.9540983606557377	5042	95	238
NATMXB	NAT_HGDPMXB	20	16	sim_008	EUR	3832	3489	0.910490605427975	3606	117	343
NATMXB	NAT_HGDPMXB	20	16	sim_008	AFR	5649	5532	0.9792883696229421	5875	343	117
NATMXB	NAT_HGDPMXB	20	17	sim_009	NAT	1551	1532	0.9877498388136686	1657	125	19
NATMXB	NAT_HGDPMXB	20	17	sim_009	EUR	7000	6767	0.9667142857142857	6789	22	233
NATMXB	NAT_HGDPMXB	20	17	sim_009	AFR	930	926	0.9956989247311828	1035	109	4
NATMXB	NAT_HGDPMXB	20	18	sim_009	NAT	1638	1137	0.6941391941391941	1144	7	501
NATMXB	NAT_HGDPMXB	20	18	sim_009	EUR	2670	2516	0.9423220973782771	3001	485	154
NATMXB	NAT_HGDPMXB	20	18	sim_009	AFR	5173	5166	0.9986468200270636	5336	170	7
NATMXB	NAT_HGDPMXB	20	19	sim_010	EUR	6578	6470	0.9835816357555488	6496	26	108
NATMXB	NAT_HGDPMXB	20	19	sim_010	AFR	2903	2877	0.9910437478470547	2985	108	26
NATMXB	NAT_HGDPMXB	20	20	sim_010	EUR	3265	3204	0.9813169984686064	3607	403	61
NATMXB	NAT_HGDPMXB	20	20	sim_010	AFR	6216	5768	0.9279279279279279	5829	61	448
NATMXB	NAT_HGDPMXB	20	21	sim_011	NAT	1368	1336	0.9766081871345029	1340	4	32
NATMXB	NAT_HGDPMXB	20	21	sim_011	EUR	1312	1254	0.9557926829268293	1341	87	58
NATMXB	NAT_HGDPMXB	20	21	sim_011	AFR	6801	6742	0.9913248051757094	6800	58	59
NATMXB	NAT_HGDPMXB	20	22	sim_011	NAT	249	89	0.357429718875502	89	0	160
NATMXB	NAT_HGDPMXB	20	22	sim_011	EUR	5996	5920	0.9873248832555037	6172	252	76
NATMXB	NAT_HGDPMXB	20	22	sim_011	AFR	3236	3124	0.965389369592089	3220	96	112
NATMXB	NAT_HGDPMXB	20	23	sim_012	NAT	492	368	0.7479674796747967	368	0	124
NATMXB	NAT_HGDPMXB	20	23	sim_012	EUR	6052	6020	0.9947124917382684	6138	118	32
NATMXB	NAT_HGDPMXB	20	23	sim_012	AFR	2937	2922	0.9948927477017364	2975	53	15
NATMXB	NAT_HGDPMXB	20	24	sim_012	NAT	1333	1333	1	1406	73	0
NATMXB	NAT_HGDPMXB	20	24	sim_012	EUR	6770	6440	0.9512555391432792	6440	0	330
NATMXB	NAT_HGDPMXB	20	24	sim_012	AFR	1378	1378	1	1635	257	0
NATMXB	NAT_HGDPMXB	20	25	sim_013	NAT	1872	1829	0.9770299145299145	1935	106	43
NATMXB	NAT_HGDPMXB	20	25	sim_013	EUR	2404	2279	0.9480033277870217	2564	285	125
NATMXB	NAT_HGDPMXB	20	25	sim_013	AFR	5205	4920	0.9452449567723343	4982	62	285
NATMXB	NAT_HGDPMXB	20	26	sim_013	NAT	355	321	0.9042253521126761	388	67	34
NATMXB	NAT_HGDPMXB	20	26	sim_013	EUR	7052	6953	0.9859614293817357	7096	143	99
NATMXB	NAT_HGDPMXB	20	26	sim_013	AFR	2074	1936	0.9334619093539055	1997	61	138
NATMXB	NAT_HGDPMXB	20	27	sim_014	EUR	8876	8876	1	8876	0	0
NATMXB	NAT_HGDPMXB	20	27	sim_014	AFR	605	605	1	605	0	0
NATMXB	NAT_HGDPMXB	20	28	sim_014	NAT	3440	3227	0.9380813953488372	3553	326	213
NATMXB	NAT_HGDPMXB	20	28	sim_014	EUR	4748	4430	0.9330244313395114	4608	178	318
NATMXB	NAT_HGDPMXB	20	28	sim_014	AFR	1293	1255	0.9706109822119103	1320	65	38
NATMXB	NAT_HGDPMXB	20	29	sim_015	NAT	3618	3609	0.9975124378109452	3609	0	9
NATMXB	NAT_HGDPMXB	20	29	sim_015	EUR	3518	3369	0.957646389994315	3378	9	149
NATMXB	NAT_HGDPMXB	20	29	sim_015	AFR	2345	2345	1	2494	149	0
NATMXB	NAT_HGDPMXB	20	30	sim_015	NAT	2118	2077	0.9806421152030217	2101	24	41
NATMXB	NAT_HGDPMXB	20	30	sim_015	EUR	2831	2448	0.8647121158601201	2582	134	383
NATMXB	NAT_HGDPMXB	20	30	sim_015	AFR	4532	4416	0.9744042365401588	4798	382	116
NATMXB	NAT_HGDPMXB	20	31	sim_016	NAT	116	0	0	0	0	116
NATMXB	NAT_HGDPMXB	20	31	sim_016	EUR	5889	5880	0.9984717269485481	6036	156	9
NATMXB	NAT_HGDPMXB	20	31	sim_016	AFR	3476	3436	0.9884925201380897	3445	9	40
NATMXB	NAT_HGDPMXB	20	32	sim_016	EUR	6104	6036	0.9888597640891219	6141	105	68
NATMXB	NAT_HGDPMXB	20	32	sim_016	AFR	3377	3272	0.9689073141841872	3340	68	105
NATMXB	NAT_HGDPMXB	20	33	sim_017	NAT	2337	1435	0.6140350877192983	1438	3	902
NATMXB	NAT_HGDPMXB	20	33	sim_017	EUR	5557	5387	0.9694079539319777	6326	939	170
NATMXB	NAT_HGDPMXB	20	33	sim_017	AFR	1587	1550	0.9766855702583491	1717	167	37
NATMXB	NAT_HGDPMXB	20	34	sim_017	NAT	1745	1744	0.9994269340974212	1745	1	1
NATMXB	NAT_HGDPMXB	20	34	sim_017	EUR	6540	6530	0.9984709480122325	6593	63	10
NATMXB	NAT_HGDPMXB	20	34	sim_017	AFR	1196	1133	0.947324414715719	1143	10	63
NATMXB	NAT_HGDPMXB	20	35	sim_018	NAT	3193	3191	0.9993736298152208	3462	271	2
NATMXB	NAT_HGDPMXB	20	35	sim_018	EUR	3168	2959	0.9340277777777778	3087	128	209
NATMXB	NAT_HGDPMXB	20	35	sim_018	AFR	3120	2913	0.9336538461538462	2932	19	207
NATMXB	NAT_HGDPMXB	20	36	sim_018	NAT	4969	4929	0.9919500905614812	4930	1	40
NATMXB	NAT_HGDPMXB	20	36	sim_018	EUR	2953	2933	0.993227226549272	2983	50	20
NATMXB	NAT_HGDPMXB	20	36	sim_018	AFR	1559	1549	0.9935856318152662	1568	19	10
NATMXB	NAT_HGDPMXB	20	37	sim_019	NAT	489	389	0.7955010224948875	402	13	100
NATMXB	NAT_HGDPMXB	20	37	sim_019	EUR	7366	7353	0.9982351344013033	7711	358	13
NATMXB	NAT_HGDPMXB	20	37	sim_019	AFR	1626	1340	0.8241082410824109	1368	28	286
NATMXB	NAT_HGDPMXB	20	38	sim_019	EUR	4147	4120	0.9934892693513383	4245	125	27
NATMXB	NAT_HGDPMXB	20	38	sim_019	AFR	5334	5209	0.9765654293213348	5236	27	125
NATMXB	NAT_HGDPMXB	20	39	sim_020	NAT	676	575	0.8505917159763313	576	1	101
NATMXB	NAT_HGDPMXB	20	39	sim_020	EUR	6261	6110	0.9758824468934675	6156	46	151
NATMXB	NAT_HGDPMXB	20	39	sim_020	AFR	2544	2544	1	2749	205	0
NATMXB	NAT_HGDPMXB	20	40	sim_020	EUR	7884	7871	0.9983510908168443	8020	149	13
NATMXB	NAT_HGDPMXB	20	40	sim_020	AFR	1597	1448	0.9067000626174077	1461	13	149
NATMXB	NAT_HGDPMXB	20	41	sim_021	EUR	6696	6577	0.9822281959378734	6629	52	119
NATMXB	NAT_HGDPMXB	20	41	sim_021	AFR	2785	2733	0.9813285457809695	2852	119	52
NATMXB	NAT_HGDPMXB	20	42	sim_021	NAT	1571	1563	0.9949077021005729	1563	0	8
NATMXB	NAT_HGDPMXB	20	42	sim_021	EUR	5718	5715	0.9994753410283316	5775	60	3
NATMXB	NAT_HGDPMXB	20	42	sim_021	AFR	2192	2140	0.9762773722627737	2143	3	52
NATMXB	NAT_HGDPMXB	20	43	sim_022	NAT	897	551	0.6142697881828316	581	30	346
NATMXB	NAT_HGDPMXB	20	43	sim_022	EUR	7181	7056	0.9825929536276284	7437	381	125
NATMXB	NAT_HGDPMXB	20	43	sim_022	AFR	1403	1338	0.9536707056307911	1463	125	65
NATMXB	NAT_HGDPMXB	20	44	sim_022	NAT	1974	1943	0.9842958459979737	1959	16	31
NATMXB	NAT_HGDPMXB	20	44	sim_022	EUR	6743	6743	1	6814	71	0
NATMXB	NAT_HGDPMXB	20	44	sim_022	AFR	764	708	0.9267015706806283	708	0	56
NATMXB	NAT_HGDPMXB	20	45	sim_023	NAT	2040	2038	0.9990196078431373	2107	69	2
NATMXB	NAT_HGDPMXB	20	45	sim_023	EUR	5731	5515	0.9623102425405688	5577	62	216
NATMXB	NAT_HGDPMXB	20	45	sim_023	AFR	1710	1638	0.9578947368421052	1797	159	72
NATMXB	NAT_HGDPMXB	20	46	sim_023	NAT	1895	1873	0.9883905013192612	1875	2	22
NATMXB	NAT_HGDPMXB	20	46	sim_023	EUR	2957	2956	0.9996618194115657	2980	24	1
NATMXB	NAT_HGDPMXB	20	46	sim_023	AFR	4629	4626	0.9993519118600129	4626	0	3
NATMXB	NAT_HGDPMXB	20	47	sim_024	NAT	2690	1935	0.7193308550185874	2009	74	755
NATMXB	NAT_HGDPMXB	20	47	sim_024	EUR	6437	6435	0.9996892962560199	7190	755	2
NATMXB	NAT_HGDPMXB	20	47	sim_024	AFR	354	282	0.7966101694915254	282	0	72
NATMXB	NAT_HGDPMXB	20	48	sim_024	NAT	3199	3196	0.9990622069396686	3196	0	3
NATMXB	NAT_HGDPMXB	20	48	sim_024	EUR	6148	5906	0.9606376057254392	5969	63	242
NATMXB	NAT_HGDPMXB	20	48	sim_024	AFR	134	74	0.5522388059701493	316	242	60
NATMXB	NAT_HGDPMXB	20	49	sim_025	EUR	8322	8322	1	8340	18	0
NATMXB	NAT_HGDPMXB	20	49	sim_025	AFR	1159	1141	0.9844693701466781	1141	0	18
NATMXB	NAT_HGDPMXB	20	50	sim_025	NAT	1148	1120	0.975609756097561	1128	8	28
NATMXB	NAT_HGDPMXB	20	50	sim_025	EUR	8085	8085	1	8117	32	0
NATMXB	NAT_HGDPMXB	20	50	sim_025	AFR	248	208	0.8387096774193549	236	28	40
NATMXB	NAT_HGDPMXB	20	51	sim_026	NAT	420	420	1	420	0	0
NATMXB	NAT_HGDPMXB	20	51	sim_026	EUR	8286	8286	1	8294	8	0
NATMXB	NAT_HGDPMXB	20	51	sim_026	AFR	775	767	0.9896774193548387	767	0	8
NATMXB	NAT_HGDPMXB	20	52	sim_026	NAT	3399	3382	0.9949985289791115	3428	46	17
NATMXB	NAT_HGDPMXB	20	52	sim_026	EUR	5245	5204	0.9921830314585319	5221	17	41
NATMXB	NAT_HGDPMXB	20	52	sim_026	AFR	837	825	0.985663082437276	832	7	12
NATMXB	NAT_HGDPMXB	20	53	sim_027	NAT	225	225	1	230	5	0
NATMXB	NAT_HGDPMXB	20	53	sim_027	EUR	6317	6235	0.9870191546620231	6292	57	82
NATMXB	NAT_HGDPMXB	20	53	sim_027	AFR	2939	2882	0.9806056481796529	2959	77	57
NATMXB	NAT_HGDPMXB	20	54	sim_027	NAT	3248	3162	0.9735221674876847	3296	134	86
NATMXB	NAT_HGDPMXB	20	54	sim_027	EUR	3746	3637	0.9709022957821677	3723	86	109
NATMXB	NAT_HGDPMXB	20	54	sim_027	AFR	2487	2459	0.9887414555689585	2462	3	28
NATMXB	NAT_HGDPMXB	20	55	sim_028	NAT	1676	1662	0.9916467780429594	1677	15	14
NATMXB	NAT_HGDPMXB	20	55	sim_028	EUR	7562	7561	0.999867759851891	7609	48	1
NATMXB	NAT_HGDPMXB	20	55	sim_028	AFR	243	195	0.8024691358024691	195	0	48
NATMXB	NAT_HGDPMXB	20	56	sim_028	NAT	3028	1370	0.452443857331572	1388	18	1658
NATMXB	NAT_HGDPMXB	20	56	sim_028	EUR	4016	3830	0.9536852589641435	4477	647	186
NATMXB	NAT_HGDPMXB	20	56	sim_028	AFR	2437	2397	0.9835863766926549	3616	1219	40
NATMXB	NAT_HGDPMXB	20	57	sim_029	NAT	75	61	0.8133333333333334	70	9	14
NATMXB	NAT_HGDPMXB	20	57	sim_029	EUR	2518	2420	0.9610802223987291	2449	29	98
NATMXB	NAT_HGDPMXB	20	57	sim_029	AFR	6888	6864	0.9965156794425087	6962	98	24
NATMXB	NAT_HGDPMXB	20	58	sim_029	NAT	604	587	0.9718543046357616	606	19	17
NATMXB	NAT_HGDPMXB	20	58	sim_029	EUR	1955	1948	0.9964194373401535	1949	1	7
NATMXB	NAT_HGDPMXB	20	58	sim_029	AFR	6922	6902	0.9971106616584802	6926	24	20
NATMXB	NAT_HGDPMXB	20	59	sim_030	NAT	1357	1325	0.976418570375829	1455	130	32
NATMXB	NAT_HGDPMXB	20	59	sim_030	EUR	7388	7252	0.981591770438549	7258	6	136
NATMXB	NAT_HGDPMXB	20	59	sim_030	AFR	736	736	1	768	32	0
NATMXB	NAT_HGDPMXB	20	60	sim_030	NAT	1782	1770	0.9932659932659933	1770	0	12
NATMXB	NAT_HGDPMXB	20	60	sim_030	EUR	6802	6788	0.9979417818288738	6844	56	14
NATMXB	NAT_HGDPMXB	20	60	sim_030	AFR	897	847	0.9442586399108138	867	20	50
NAT	NAT_HGDPMXB_FULL	20	1	sim_001	NAT	848	750	0.8844339622641509	790	40	98
NAT	NAT_HGDPMXB_FULL	20	1	sim_001	EUR	3758	3385	0.9007450771687068	3489	104	373
NAT	NAT_HGDPMXB_FULL	20	1	sim_001	AFR	4875	4869	0.9987692307692307	5202	333	6
NAT	NAT_HGDPMXB_FULL	20	2	sim_001	NAT	296	179	0.6047297297297297	179	0	117
NAT	NAT_HGDPMXB_FULL	20	2	sim_001	EUR	6754	6664	0.9866745632217945	6868	204	90
NAT	NAT_HGDPMXB_FULL	20	2	sim_001	AFR	2431	2344	0.9642122583299054	2434	90	87
NAT	NAT_HGDPMXB_FULL	20	3	sim_002	NAT	856	856	1	914	58	0
NAT	NAT_HGDPMXB_FULL	20	3	sim_002	EUR	5017	4959	0.9884393063583815	5016	57	58
NAT	NAT_HGDPMXB_FULL	20	3	sim_002	AFR	3608	3551	0.9842017738359202	3551	0	57
NAT	NAT_HGDPMXB_FULL	20	4	sim_002	NAT	1577	1577	1	1577	0	0
NAT	NAT_HGDPMXB_FULL	20	4	sim_002	EUR	3685	3611	0.9799185888738128	3611	0	74
NAT	NAT_HGDPMXB_FULL	20	4	sim_002	AFR	4219	4219	1	4293	74	0
NAT	NAT_HGDPMXB_FULL	20	5	sim_003	NAT	4041	2734	0.6765652066320218	2735	1	1307
NAT	NAT_HGDPMXB_FULL	20	5	sim_003	EUR	4102	4047	0.9865919063871282	5502	1455	55
NAT	NAT_HGDPMXB_FULL	20	5	sim_003	AFR	1338	1187	0.8871449925261584	1244	57	151
NAT	NAT_HGDPMXB_FULL	20	6	sim_003	EUR	5416	5095	0.9407311669128509	5223	128	321
NAT	NAT_HGDPMXB_FULL	20	6	sim_003	AFR	4065	3937	0.9685116851168512	4258	321	128
NAT	NAT_HGDPMXB_FULL	20	7	sim_004	NAT	1471	1426	0.9694085656016316	1527	101	45
NAT	NAT_HGDPMXB_FULL	20	7	sim_004	EUR	7529	7383	0.9806083145172002	7428	45	146
NAT	NAT_HGDPMXB_FULL	20	7	sim_004	AFR	481	481	1	526	45	0
NAT	NAT_HGDPMXB_FULL	20	8	sim_004	NAT	2350	1307	0.5561702127659575	1307	0	1043
NAT	NAT_HGDPMXB_FULL	20	8	sim_004	EUR	7131	7007	0.9826111344832422	8005	998	124
NAT	NAT_HGDPMXB_FULL	20	9	sim_005	NAT	169	74	0.4378698224852071	74	0	95
NAT	NAT_HGDPMXB_FULL	20	9	sim_005	EUR	8611	8485	0.9853675531297178	8584	99	126
NAT	NAT_HGDPMXB_FULL	20	9	sim_005	AFR	701	697	0.9942938659058488	823	126	4
NAT	NAT_HGDPMXB_FULL	20	10	sim_005	NAT	1982	1935	0.9762865792129163	2068	133	47
NAT	NAT_HGDPMXB_FULL	20	10	sim_005	EUR	5651	5365	0.949389488586091	5513	148	286
NAT	NAT_HGDPMXB_FULL	20	10	sim_005	AFR	1848	1627	0.8804112554112554	1900	273	221
NAT	NAT_HGDPMXB_FULL	20	11	sim_006	EUR	7075	6896	0.9746996466431095	6912	16	179
NAT	NAT_HGDPMXB_FULL	20	11	sim_006	AFR	2406	2390	0.9933499584372403	2569	179	16
NAT	NAT_HGDPMXB_FULL	20	12	sim_006	NAT	2321	2246	0.967686342093925	2274	28	75
NAT	NAT_HGDPMXB_FULL	20	12	sim_006	EUR	6543	6513	0.9954149472718936	6588	75	30
NAT	NAT_HGDPMXB_FULL	20	12	sim_006	AFR	617	617	1	619	2	0
NAT	NAT_HGDPMXB_FULL	20	13	sim_007	NAT	6990	6895	0.9864091559370529	6931	36	95
NAT	NAT_HGDPMXB_FULL	20	13	sim_007	EUR	1068	1032	0.9662921348314607	1150	118	36
NAT	NAT_HGDPMXB_FULL	20	13	sim_007	AFR	1423	1400	0.9838369641602249	1400	0	23
NAT	NAT_HGDPMXB_FULL	20	14	sim_007	EUR	9053	9017	0.9960234176516072	9017	0	36
NAT	NAT_HGDPMXB_FULL	20	14	sim_007	AFR	428	428	1	464	36	0
NAT	NAT_HGDPMXB_FULL	20	15	sim_008	NAT	738	690	0.9349593495934959	705	15	48
NAT	NAT_HGDPMXB_FULL	20	15	sim_008	EUR	7770	7755	0.9980694980694981	7833	78	15
NAT	NAT_HGDPMXB_FULL	20	15	sim_008	AFR	973	943	0.9691675231243576	943	0	30
NAT	NAT_HGDPMXB_FULL	20	16	sim_008	EUR	7561	7397	0.9783097473879117	7513	116	164
NAT	NAT_HGDPMXB_FULL	20	16	sim_008	AFR	1920	1804	0.9395833333333333	1968	164	116
NAT	NAT_HGDPMXB_FULL	20	17	sim_009	NAT	209	133	0.6363636363636364	230	97	76
NAT	NAT_HGDPMXB_FULL	20	17	sim_009	EUR	1534	1464	0.954367666232073	1583	119	70
NAT	NAT_HGDPMXB_FULL	20	17	sim_009	AFR	7738	7619	0.9846213491858361	7668	49	119
NAT	NAT_HGDPMXB_FULL	20	18	sim_009	NAT	2921	1748	0.5984251968503937	1770	22	1173
NAT	NAT_HGDPMXB_FULL	20	18	sim_009	EUR	5431	5409	0.9959491806297183	6570	1161	22
NAT	NAT_HGDPMXB_FULL	20	18	sim_009	AFR	1129	1129	1	1141	12	0
NAT	NAT_HGDPMXB_FULL	20	19	sim_010	NAT	934	894	0.9571734475374732	912	18	40
NAT	NAT_HGDPMXB_FULL	20	19	sim_010	EUR	6724	6634	0.9866151100535395	6762	128	90
NAT	NAT_HGDPMXB_FULL	20	19	sim_010	AFR	1823	1735	0.9517279210093252	1807	72	88
NAT	NAT_HGDPMXB_FULL	20	20	sim_010	NAT	2357	2314	0.9817564700890963	2331	17	43
NAT	NAT_HGDPMXB_FULL	20	20	sim_010	EUR	6481	6445	0.9944453016509798	6479	34	36
NAT	NAT_HGDPMXB_FULL	20	20	sim_010	AFR	643	642	0.9984447900466563	671	29	1
NAT	NAT_HGDPMXB_FULL	20	21	sim_011	NAT	3396	3315	0.976148409893993	3366	51	81
NAT	NAT_HGDPMXB_FULL	20	21	sim_011	EUR	5520	5469	0.9907608695652174	5516	47	51
NAT	NAT_HGDPMXB_FULL	20	21	sim_011	AFR	565	563	0.9964601769911504	599	36	2
NAT	NAT_HGDPMXB_FULL	20	22	sim_011	NAT	1070	1041	0.9728971962616823	1333	292	29
NAT	NAT_HGDPMXB_FULL	20	22	sim_011	EUR	6029	5758	0.9550505888206999	5789	31	271
NAT	NAT_HGDPMXB_FULL	20	22	sim_011	AFR	2382	2359	0.9903442485306465	2359	0	23
NAT	NAT_HGDPMXB_FULL	20	23	sim_012	NAT	1030	956	0.9281553398058252	962	6	74
NAT	NAT_HGDPMXB_FULL	20	23	sim_012	EUR	5945	5547	0.9330529857022708	5796	249	398
NAT	NAT_HGDPMXB_FULL	20	23	sim_012	AFR	2506	2294	0.9154030327214685	2723	429	212
NAT	NAT_HGDPMXB_FULL	20	24	sim_012	NAT	1579	1450	0.9183027232425586	1456	6	129
NAT	NAT_HGDPMXB_FULL	20	24	sim_012	EUR	6622	6424	0.9700996677740864	6622	198	198
NAT	NAT_HGDPMXB_FULL	20	24	sim_012	AFR	1280	1211	0.94609375	1403	192	69
NAT	NAT_HGDPMXB_FULL	20	25	sim_013	NAT	1895	1832	0.9667546174142481	1880	48	63
NAT	NAT_HGDPMXB_FULL	20	25	sim_013	EUR	4536	4471	0.9856701940035273	4656	185	65
NAT	NAT_HGDPMXB_FULL	20	25	sim_013	AFR	3050	2909	0.9537704918032787	2945	36	141
NAT	NAT_HGDPMXB_FULL	20	26	sim_013	EUR	6834	6757	0.988732806555458	6801	44	77
NAT	NAT_HGDPMXB_FULL	20	26	sim_013	AFR	2647	2603	0.9833774083868531	2680	77	44
NAT	NAT_HGDPMXB_FULL	20	27	sim_014	NAT	118	85	0.7203389830508474	85	0	33
NAT	NAT_HGDPMXB_FULL	20	27	sim_014	EUR	9363	9363	1	9396	33	0
NAT	NAT_HGDPMXB_FULL	20	28	sim_014	NAT	342	340	0.9941520467836257	368	28	2
NAT	NAT_HGDPMXB_FULL	20	28	sim_014	EUR	7580	7268	0.9588390501319262	7360	92	312
NAT	NAT_HGDPMXB_FULL	20	28	sim_014	AFR	1559	1468	0.9416292495189224	1753	285	91
NAT	NAT_HGDPMXB_FULL	20	29	sim_015	EUR	5017	4746	0.9459836555710583	4864	118	271
NAT	NAT_HGDPMXB_FULL	20	29	sim_015	AFR	4464	4346	0.9735663082437276	4617	271	118
NAT	NAT_HGDPMXB_FULL	20	30	sim_015	NAT	718	678	0.9442896935933147	713	35	40
NAT	NAT_HGDPMXB_FULL	20	30	sim_015	EUR	5652	5631	0.9962845010615711	5674	43	21
NAT	NAT_HGDPMXB_FULL	20	30	sim_015	AFR	3111	3033	0.9749276759884281	3094	61	78
NAT	NAT_HGDPMXB_FULL	20	31	sim_016	NAT	165	0	0	0	0	165
NAT	NAT_HGDPMXB_FULL	20	31	sim_016	EUR	5481	5458	0.9958036854588579	5714	256	23
NAT	NAT_HGDPMXB_FULL	20	31	sim_016	AFR	3835	3744	0.976271186440678	3767	23	91
NAT	NAT_HGDPMXB_FULL	20	32	sim_016	NAT	111	0	0	0	0	111
NAT	NAT_HGDPMXB_FULL	20	32	sim_016	EUR	8136	7792	0.9577187807276303	7969	177	344
NAT	NAT_HGDPMXB_FULL	20	32	sim_016	AFR	1234	1168	0.946515397082658	1512	344	66
NAT	NAT_HGDPMXB_FULL	20	33	sim_017	NAT	419	347	0.8281622911694511	361	14	72
NAT	NAT_HGDPMXB_FULL	20	33	sim_017	EUR	4708	4648	0.9872557349192863	4752	104	60
NAT	NAT_HGDPMXB_FULL	20	33	sim_017	AFR	4354	4315	0.9910427193385393	4368	53	39
NAT	NAT_HGDPMXB_FULL	20	34	sim_017	NAT	1617	1576	0.9746444032158318	1619	43	41
NAT	NAT_HGDPMXB_FULL	20	34	sim_017	EUR	7225	7104	0.9832525951557094	7154	50	121
NAT	NAT_HGDPMXB_FULL	20	34	sim_017	AFR	639	630	0.9859154929577465	708	78	9
NAT	NAT_HGDPMXB_FULL	20	35	sim_018	NAT	239	225	0.9414225941422594	225	0	14
NAT	NAT_HGDPMXB_FULL	20	35	sim_018	EUR	6909	6908	0.9998552612534376	6969	61	1
NAT	NAT_HGDPMXB_FULL	20	35	sim_018	AFR	2333	2286	0.979854264894985	2287	1	47
NAT	NAT_HGDPMXB_FULL	20	36	sim_018	NAT	260	160	0.6153846153846154	160	0	100
NAT	NAT_HGDPMXB_FULL	20	36	sim_018	EUR	3751	3712	0.9896027725939749	3811	99	39
NAT	NAT_HGDPMXB_FULL	20	36	sim_018	AFR	5470	5463	0.9987202925045704	5510	47	7
NAT	NAT_HGDPMXB_FULL	20	37	sim_019	NAT	751	653	0.8695073235685752	671	18	98
NAT	NAT_HGDPMXB_FULL	20	37	sim_019	EUR	5603	5551	0.9907192575406032	5681	130	52
NAT	NAT_HGDPMXB_FULL	20	37	sim_019	AFR	3127	3095	0.9897665494083786	3129	34	32
NAT	NAT_HGDPMXB_FULL	20	38	sim_019	NAT	1697	1014	0.5975250441956393	1014	0	683
NAT	NAT_HGDPMXB_FULL	20	38	sim_019	EUR	2571	2571	1	2806	235	0
NAT	NAT_HGDPMXB_FULL	20	38	sim_019	AFR	5213	5208	0.9990408593899865	5661	453	5
NAT	NAT_HGDPMXB_FULL	20	39	sim_020	NAT	3298	3180	0.9642207398423287	3180	0	118
NAT	NAT_HGDPMXB_FULL	20	39	sim_020	EUR	4194	4188	0.9985693848354793	4375	187	6
NAT	NAT_HGDPMXB_FULL	20	39	sim_020	AFR	1989	1920	0.9653092006033183	1926	6	69
NAT	NAT_HGDPMXB_FULL	20	40	sim_020	NAT	2617	2174	0.830722200993504	2174	0	443
NAT	NAT_HGDPMXB_FULL	20	40	sim_020	EUR	4685	4675	0.9978655282817502	5099	424	10
NAT	NAT_HGDPMXB_FULL	20	40	sim_020	AFR	2179	2174	0.9977053694355209	2208	34	5
NAT	NAT_HGDPMXB_FULL	20	41	sim_021	NAT	3031	2983	0.9841636423622567	3047	64	48
NAT	NAT_HGDPMXB_FULL	20	41	sim_021	EUR	5284	5170	0.9784254352763059	5170	0	114
NAT	NAT_HGDPMXB_FULL	20	41	sim_021	AFR	1166	1166	1	1264	98	0
NAT	NAT_HGDPMXB_FULL	20	42	sim_021	NAT	1550	1519	0.98	1563	44	31
NAT	NAT_HGDPMXB_FULL	20	42	sim_021	EUR	7510	7346	0.9781624500665779	7377	31	164
NAT	NAT_HGDPMXB_FULL	20	42	sim_021	AFR	421	421	1	541	120	0
NAT	NAT_HGDPMXB_FULL	20	43	sim_022	NAT	1622	1615	0.9956843403205918	1643	28	7
NAT	NAT_HGDPMXB_FULL	20	43	sim_022	EUR	6676	6676	1	6791	115	0
NAT	NAT_HGDPMXB_FULL	20	43	sim_022	AFR	1183	1040	0.8791208791208791	1047	7	143
NAT	NAT_HGDPMXB_FULL	20	44	sim_022	EUR	7994	7941	0.9933700275206405	7951	10	53
NAT	NAT_HGDPMXB_FULL	20	44	sim_022	AFR	1487	1477	0.9932750504371217	1530	53	10
NAT	NAT_HGDPMXB_FULL	20	45	sim_023	NAT	550	0	0	44	44	550
NAT	NAT_HGDPMXB_FULL	20	45	sim_023	EUR	5996	5945	0.9914943295530354	6577	632	51
NAT	NAT_HGDPMXB_FULL	20	45	sim_023	AFR	2935	2838	0.9669505962521294	2860	22	97
NAT	NAT_HGDPMXB_FULL	20	46	sim_023	NAT	111	0	0	0	0	111
NAT	NAT_HGDPMXB_FULL	20	46	sim_023	EUR	776	776	1	989	213	0
NAT	NAT_HGDPMXB_FULL	20	46	sim_023	AFR	8594	8492	0.9881312543635095	8492	0	102
NAT	NAT_HGDPMXB_FULL	20	47	sim_024	NAT	293	270	0.9215017064846417	277	7	23
NAT	NAT_HGDPMXB_FULL	20	47	sim_024	EUR	7673	7666	0.9990877101524828	7689	23	7
NAT	NAT_HGDPMXB_FULL	20	47	sim_024	AFR	1515	1515	1	1515	0	0
NAT	NAT_HGDPMXB_FULL	20	48	sim_024	NAT	1195	1190	0.99581589958159	1199	9	5
NAT	NAT_HGDPMXB_FULL	20	48	sim_024	EUR	7421	7401	0.9973049454251448	7451	50	20
NAT	NAT_HGDPMXB_FULL	20	48	sim_024	AFR	865	811	0.9375722543352601	831	20	54
NAT	NAT_HGDPMXB_FULL	20	49	sim_025	NAT	225	225	1	304	79	0
NAT	NAT_HGDPMXB_FULL	20	49	sim_025	EUR	6285	6250	0.994431185361973	6350	100	35
NAT	NAT_HGDPMXB_FULL	20	49	sim_025	AFR	2971	2816	0.9478290138000673	2827	11	155
NAT	NAT_HGDPMXB_FULL	20	50	sim_025	NAT	2938	2628	0.8944860449285228	2695	67	310
NAT	NAT_HGDPMXB_FULL	20	50	sim_025	EUR	6157	5897	0.9577716420334579	6194	297	260
NAT	NAT_HGDPMXB_FULL	20	50	sim_025	AFR	386	366	0.9481865284974094	592	226	20
NAT	NAT_HGDPMXB_FULL	20	51	sim_026	NAT	202	0	0	0	0	202
NAT	NAT_HGDPMXB_FULL	20	51	sim_026	EUR	5652	5624	0.9950460014154282	6051	427	28
NAT	NAT_HGDPMXB_FULL	20	51	sim_026	AFR	3627	3402	0.9379652605459057	3430	28	225
NAT	NAT_HGDPMXB_FULL	20	52	sim_026	NAT	1927	1157	0.6004151530877011	1229	72	770
NAT	NAT_HGDPMXB_FULL	20	52	sim_026	EUR	7446	7108	0.9546065001343003	7986	878	338
NAT	NAT_HGDPMXB_FULL	20	52	sim_026	AFR	108	0	0	266	266	108
NAT	NAT_HGDPMXB_FULL	20	53	sim_027	NAT	403	284	0.7047146401985112	284	0	119
NAT	NAT_HGDPMXB_FULL	20	53	sim_027	EUR	5585	5585	1	5853	268	0
NAT	NAT_HGDPMXB_FULL	20	53	sim_027	AFR	3493	3344	0.9573432579444604	3344	0	149
NAT	NAT_HGDPMXB_FULL	20	54	sim_027	NAT	876	824	0.9406392694063926	824	0	52
NAT	NAT_HGDPMXB_FULL	20	54	sim_027	EUR	6612	6524	0.9866908650937689	6604	80	88
NAT	NAT_HGDPMXB_FULL	20	54	sim_027	AFR	1993	1965	0.9859508278976418	2053	88	28
NAT	NAT_HGDPMXB_FULL	20	55	sim_028	NAT	9	0	0	0	0	9
NAT	NAT_HGDPMXB_FULL	20	55	sim_028	EUR	7652	7652	1	7890	238	0
NAT	NAT_HGDPMXB_FULL	20	55	sim_028	AFR	1820	1591	0.8741758241758242	1591	0	229
NAT	NAT_HGDPMXB_FULL	20	56	sim_028	EUR	9067	9057	0.9988970993713466	9064	7	10
NAT	NAT_HGDPMXB_FULL	20	56	sim_028	AFR	414	407	0.9830917874396136	417	10	7
NAT	NAT_HGDPMXB_FULL	20	57	sim_029	NAT	2315	2192	0.9468682505399568	2269	77	123
NAT	NAT_HGDPMXB_FULL	20	57	sim_029	EUR	4919	4909	0.9979670664769262	5047	138	10
NAT	NAT_HGDPMXB_FULL	20	57	sim_029	AFR	2247	2134	0.94971072541166	2165	31	113
NAT	NAT_HGDPMXB_FULL	20	58	sim_029	NAT	4	0	0	0	0	4
NAT	NAT_HGDPMXB_FULL	20	58	sim_029	EUR	2953	2903	0.9830680663731798	2942	39	50
NAT	NAT_HGDPMXB_FULL	20	58	sim_029	AFR	6524	6489	0.9946351931330472	6539	50	35
NAT	NAT_HGDPMXB_FULL	20	59	sim_030	NAT	4546	4466	0.9824021117465904	4493	27	80
NAT	NAT_HGDPMXB_FULL	20	59	sim_030	EUR	1362	1284	0.9427312775330396	1297	13	78
NAT	NAT_HGDPMXB_FULL	20	59	sim_030	AFR	3573	3555	0.9949622166246851	3691	136	18
NAT	NAT_HGDPMXB_FULL	20	60	sim_030	NAT	1307	1286	0.9839326702371843	1293	7	21
NAT	NAT_HGDPMXB_FULL	20	60	sim_030	EUR	5713	5648	0.988622440049011	5829	181	65
NAT	NAT_HGDPMXB_FULL	20	60	sim_030	AFR	2461	2294	0.9321414059325478	2359	65	167
NAT	NAT_HOMOG	20	1	sim_001	NAT	848	746	0.8797169811320755	746	0	102
NAT	NAT_HOMOG	20	1	sim_001	EUR	3758	3213	0.8549760510910058	3317	104	545
NAT	NAT_HOMOG	20	1	sim_001	AFR	4875	4869	0.9987692307692307	5418	549	6
NAT	NAT_HOMOG	20	2	sim_001	NAT	296	179	0.6047297297297297	179	0	117
NAT	NAT_HOMOG	20	2	sim_001	EUR	6754	6664	0.9866745632217945	6868	204	90
NAT	NAT_HOMOG	20	2	sim_001	AFR	2431	2344	0.9642122583299054	2434	90	87
NAT	NAT_HOMOG	20	3	sim_002	NAT	856	856	1	914	58	0
NAT	NAT_HOMOG	20	3	sim_002	EUR	5017	4959	0.9884393063583815	5016	57	58
NAT	NAT_HOMOG	20	3	sim_002	AFR	3608	3551	0.9842017738359202	3551	0	57
NAT	NAT_HOMOG	20	4	sim_002	NAT	1577	1577	1	1607	30	0
NAT	NAT_HOMOG	20	4	sim_002	EUR	3685	3603	0.9777476255088196	3603	0	82
NAT	NAT_HOMOG	20	4	sim_002	AFR	4219	4219	1	4271	52	0
NAT	NAT_HOMOG	20	5	sim_003	NAT	4041	2734	0.6765652066320218	2735	1	1307
NAT	NAT_HOMOG	20	5	sim_003	EUR	4102	4074	0.9931740614334471	5530	1456	28
NAT	NAT_HOMOG	20	5	sim_003	AFR	1338	1186	0.8863976083707026	1216	30	152
NAT	NAT_HOMOG	20	6	sim_003	EUR	5416	5072	0.9364844903988183	5200	128	344
NAT	NAT_HOMOG	20	6	sim_003	AFR	4065	3937	0.9685116851168512	4281	344	128
NAT	NAT_HOMOG	20	7	sim_004	NAT	1471	1426	0.9694085656016316	1527	101	45
NAT	NAT_HOMOG	20	7	sim_004	EUR	7529	7383	0.9806083145172002	7428	45	146
NAT	NAT_HOMOG	20	7	sim_004	AFR	481	481	1	526	45	0
NAT	NAT_HOMOG	20	8	sim_004	NAT	2350	1307	0.5561702127659575	1307	0	1043
NAT	NAT_HOMOG	20	8	sim_004	EUR	7131	7007	0.9826111344832422	8005	998	124
NAT	NAT_HOMOG	20	9	sim_005	NAT	169	97	0.5739644970414202	97	0	72
NAT	NAT_HOMOG	20	9	sim_005	EUR	8611	8485	0.9853675531297178	8561	76	126
NAT	NAT_HOMOG	20	9	sim_005	AFR	701	697	0.9942938659058488	823	126	4
NAT	NAT_HOMOG	20	10	sim_005	NAT	1982	1935	0.9762865792129163	2068	133	47
NAT	NAT_HOMOG	20	10	sim_005	EUR	5651	5365	0.949389488586091	5513	148	286
NAT	NAT_HOMOG	20	10	sim_005	AFR	1848	1627	0.8804112554112554	1900	273	221
NAT	NAT_HOMOG	20	11	sim_006	EUR	7075	7000	0.9893992932862191	7016	16	75
NAT	NAT_HOMOG	20	11	sim_006	AFR	2406	2390	0.9933499584372403	2465	75	16
NAT	NAT_HOMOG	20	12	sim_006	NAT	2321	2246	0.967686342093925	2274	28	75
NAT	NAT_HOMOG	20	12	sim_006	EUR	6543	6513	0.9954149472718936	6588	75	30
NAT	NAT_HOMOG	20	12	sim_006	AFR	617	617	1	619	2	0
NAT	NAT_HOMOG	20	13	sim_007	NAT	6990	6895	0.9864091559370529	6931	36	95
NAT	NAT_HOMOG	20	13	sim_007	EUR	1068	986	0.9232209737827716	1081	95	82
NAT	NAT_HOMOG	20	13	sim_007	AFR	1423	1423	1	1469	46	0
NAT	NAT_HOMOG	20	14	sim_007	EUR	9053	9017	0.9960234176516072	9017	0	36
NAT	NAT_HOMOG	20	14	sim_007	AFR	428	428	1	464	36	0
NAT	NAT_HOMOG	20	15	sim_008	NAT	738	690	0.9349593495934959	705	15	48
NAT	NAT_HOMOG	20	15	sim_008	EUR	7770	7755	0.9980694980694981	7833	78	15
NAT	NAT_HOMOG	20	15	sim_008	AFR	973	943	0.9691675231243576	943	0	30
NAT	NAT_HOMOG	20	16	sim_008	EUR	7561	7397	0.9783097473879117	7513	116	164
NAT	NAT_HOMOG	20	16	sim_008	AFR	1920	1804	0.9395833333333333	1968	164	116
NAT	NAT_HOMOG	20	17	sim_009	NAT	209	133	0.6363636363636364	230	97	76
NAT	NAT_HOMOG	20	17	sim_009	EUR	1534	1472	0.9595827900912647	1637	165	62
NAT	NAT_HOMOG	20	17	sim_009	AFR	7738	7573	0.9786766606358233	7614	41	165
NAT	NAT_HOMOG	20	18	sim_009	NAT	2921	1758	0.6018486819582335	1780	22	1163
NAT	NAT_HOMOG	20	18	sim_009	EUR	5431	5409	0.9959491806297183	6560	1151	22
NAT	NAT_HOMOG	20	18	sim_009	AFR	1129	1129	1	1141	12	0
NAT	NAT_HOMOG	20	19	sim_010	NAT	934	898	0.961456102783726	916	18	36
NAT	NAT_HOMOG	20	19	sim_010	EUR	6724	6634	0.9866151100535395	6758	124	90
NAT	NAT_HOMOG	20	19	sim_010	AFR	1823	1735	0.9517279210093252	1807	72	88
NAT	NAT_HOMOG	20	20	sim_010	NAT	2357	2327	0.9872719558761137	2382	55	30
NAT	NAT_HOMOG	20	20	sim_010	EUR	6481	6407	0.9885820089492362	6428	21	74
NAT	NAT_HOMOG	20	20	sim_010	AFR	643	642	0.9984447900466563	671	29	1
NAT	NAT_HOMOG	20	21	sim_011	NAT	3396	3314	0.9758539458186102	3543	229	82
NAT	NAT_HOMOG	20	21	sim_011	EUR	5520	5291	0.9585144927536232	5339	48	229
NAT	NAT_HOMOG	20	21	sim_011	AFR	565	563	0.9964601769911504	599	36	2
NAT	NAT_HOMOG	20	22	sim_011	NAT	1070	1057	0.9878504672897196	1118	61	13
NAT	NAT_HOMOG	20	22	sim_011	EUR	6029	5989	0.993365400563941	6004	15	40
NAT	NAT_HOMOG	20	22	sim_011	AFR	2382	2359	0.9903442485306465	2359	0	23
NAT	NAT_HOMOG	20	23	sim_012	NAT	1030	956	0.9281553398058252	962	6	74
NAT	NAT_HOMOG	20	23	sim_012	EUR	5945	5547	0.9330529857022708	5796	249	398
NAT	NAT_HOMOG	20	23	sim_012	AFR	2506	2294	0.9154030327214685	2723	429	212
NAT	NAT_HOMOG	20	24	sim_012	NAT	1579	1450	0.9183027232425586	1456	6	129
NAT	NAT_HOMOG	20	24	sim_012	EUR	6622	6515	0.9838417396556931	6723	208	107
NAT	NAT_HOMOG	20	24	sim_012	AFR	1280	1201	0.93828125	1302	101	79
NAT	NAT_HOMOG	20	25	sim_013	NAT	1895	1838	0.9699208443271767	1899	61	57
NAT	NAT_HOMOG	20	25	sim_013	EUR	4536	4458	0.9828042328042328	4637	179	78
NAT	NAT_HOMOG	20	25	sim_013	AFR	3050	2909	0.9537704918032787	2945	36	141
NAT	NAT_HOMOG	20	26	sim_013	EUR	6834	6757	0.988732806555458	6801	44	77
NAT	NAT_HOMOG	20	26	sim_013	AFR	2647	2603	0.9833774083868531	2680	77	44
NAT	NAT_HOMOG	20	27	sim_014	NAT	118	85	0.7203389830508474	85	0	33
NAT	NAT_HOMOG	20	27	sim_014	EUR	9363	9363	1	9396	33	0
NAT	NAT_HOMOG	20	28	sim_014	NAT	342	340	0.9941520467836257	368	28	2
NAT	NAT_HOMOG	20	28	sim_014	EUR	7580	7287	0.9613456464379947	7379	92	293
NAT	NAT_HOMOG	20	28	sim_014	AFR	1559	1468	0.9416292495189224	1734	266	91
NAT	NAT_HOMOG	20	29	sim_015	EUR	5017	4746	0.9459836555710583	4864	118	271
NAT	NAT_HOMOG	20	29	sim_015	AFR	4464	4346	0.9735663082437276	4617	271	118
NAT	NAT_HOMOG	20	30	sim_015	NAT	718	693	0.9651810584958217	728	35	25
NAT	NAT_HOMOG	20	30	sim_015	EUR	5652	5601	0.9909766454352441	5613	12	51
NAT	NAT_HOMOG	20	30	sim_015	AFR	3111	3064	0.9848923175827708	3140	76	47
NAT	NAT_HOMOG	20	31	sim_016	NAT	165	0	0	0	0	165
NAT	NAT_HOMOG	20	31	sim_016	EUR	5481	5312	0.9691662105455209	5568	256	169
NAT	NAT_HOMOG	20	31	sim_016	AFR	3835	3744	0.976271186440678	3913	169	91
NAT	NAT_HOMOG	20	32	sim_016	NAT	111	0	0	0	0	111
NAT	NAT_HOMOG	20	32	sim_016	EUR	8136	7887	0.9693952802359882	8064	177	249
NAT	NAT_HOMOG	20	32	sim_016	AFR	1234	1168	0.946515397082658	1417	249	66
NAT	NAT_HOMOG	20	33	sim_017	NAT	419	347	0.8281622911694511	361	14	72
NAT	NAT_HOMOG	20	33	sim_017	EUR	4708	4626	0.9825828377230247	4730	104	82
NAT	NAT_HOMOG	20	33	sim_017	AFR	4354	4315	0.9910427193385393	4390	75	39
NAT	NAT_HOMOG	20	34	sim_017	NAT	1617	1617	1	1727	110	0
NAT	NAT_HOMOG	20	34	sim_017	EUR	7225	7025	0.972318339100346	7025	0	200
NAT	NAT_HOMOG	20	34	sim_017	AFR	639	639	1	729	90	0
NAT	NAT_HOMOG	20	35	sim_018	NAT	239	225	0.9414225941422594	271	46	14
NAT	NAT_HOMOG	20	35	sim_018	EUR	6909	6754	0.9775654942828195	6776	22	155
NAT	NAT_HOMOG	20	35	sim_018	AFR	2333	2318	0.9935705100728676	2434	116	15
NAT	NAT_HOMOG	20	36	sim_018	NAT	260	160	0.6153846153846154	160	0	100
NAT	NAT_HOMOG	20	36	sim_018	EUR	3751	3725	0.9930685150626499	3886	161	26
NAT	NAT_HOMOG	20	36	sim_018	AFR	5470	5401	0.9873857404021937	5435	34	69
NAT	NAT_HOMOG	20	37	sim_019	NAT	751	653	0.8695073235685752	671	18	98
NAT	NAT_HOMOG	20	37	sim_019	EUR	5603	5551	0.9907192575406032	5681	130	52
NAT	NAT_HOMOG	20	37	sim_019	AFR	3127	3095	0.9897665494083786	3129	34	32
NAT	NAT_HOMOG	20	38	sim_019	NAT	1697	1014	0.5975250441956393	1014	0	683
NAT	NAT_HOMOG	20	38	sim_019	EUR	2571	2571	1	2806	235	0
NAT	NAT_HOMOG	20	38	sim_019	AFR	5213	5208	0.9990408593899865	5661	453	5
NAT	NAT_HOMOG	20	39	sim_020	NAT	3298	3298	1	3303	5	0
NAT	NAT_HOMOG	20	39	sim_020	EUR	4194	4183	0.9973772055317119	4318	135	11
NAT	NAT_HOMOG	20	39	sim_020	AFR	1989	1854	0.9321266968325792	1860	6	135
NAT	NAT_HOMOG	20	40	sim_020	NAT	2617	2493	0.9526175009552923	2495	2	124
NAT	NAT_HOMOG	20	40	sim_020	EUR	4685	4626	0.9874066168623266	4726	100	59
NAT	NAT_HOMOG	20	40	sim_020	AFR	2179	2179	1	2260	81	0
NAT	NAT_HOMOG	20	41	sim_021	NAT	3031	3031	1	3121	90	0
NAT	NAT_HOMOG	20	41	sim_021	EUR	5284	5170	0.9784254352763059	5170	0	114
NAT	NAT_HOMOG	20	41	sim_021	AFR	1166	1140	0.9777015437392796	1190	50	26
NAT	NAT_HOMOG	20	42	sim_021	NAT	1550	1519	0.98	1563	44	31
NAT	NAT_HOMOG	20	42	sim_021	EUR	7510	7346	0.9781624500665779	7377	31	164
NAT	NAT_HOMOG	20	42	sim_021	AFR	421	421	1	541	120	0
NAT	NAT_HOMOG	20	43	sim_022	NAT	1622	1603	0.9882860665844636	1631	28	19
NAT	NAT_HOMOG	20	43	sim_022	EUR	6676	6676	1	6761	85	0
NAT	NAT_HOMOG	20	43	sim_022	AFR	1183	1070	0.904480135249366	1089	19	113
NAT	NAT_HOMOG	20	44	sim_022	EUR	7994	7941	0.9933700275206405	7951	10	53
NAT	NAT_HOMOG	20	44	sim_022	AFR	1487	1477	0.9932750504371217	1530	53	10
NAT	NAT_HOMOG	20	45	sim_023	NAT	550	0	0	0	0	550
NAT	NAT_HOMOG	20	45	sim_023	EUR	5996	5989	0.9988325550366911	6605	616	7
NAT	NAT_HOMOG	20	45	sim_023	AFR	2935	2838	0.9669505962521294	2876	38	97
NAT	NAT_HOMOG	20	46	sim_023	NAT	111	67	0.6036036036036037	67	0	44
NAT	NAT_HOMOG	20	46	sim_023	EUR	776	776	1	922	146	0
NAT	NAT_HOMOG	20	46	sim_023	AFR	8594	8492	0.9881312543635095	8492	0	102
NAT	NAT_HOMOG	20	47	sim_024	NAT	293	199	0.6791808873720137	199	0	94
NAT	NAT_HOMOG	20	47	sim_024	EUR	7673	7673	1	7767	94	0
NAT	NAT_HOMOG	20	47	sim_024	AFR	1515	1515	1	1515	0	0
NAT	NAT_HOMOG	20	48	sim_024	NAT	1195	1190	0.99581589958159	1199	9	5
NAT	NAT_HOMOG	20	48	sim_024	EUR	7421	7401	0.9973049454251448	7451	50	20
NAT	NAT_HOMOG	20	48	sim_024	AFR	865	811	0.9375722543352601	831	20	54
NAT	NAT_HOMOG	20	49	sim_025	NAT	225	0	0	0	0	225
NAT	NAT_HOMOG	20	49	sim_025	EUR	6285	6254	0.9950676213206047	6625	371	31
NAT	NAT_HOMOG	20	49	sim_025	AFR	2971	2825	0.9508582968697409	2856	31	146
NAT	NAT_HOMOG	20	50	sim_025	NAT	2938	2628	0.8944860449285228	2695	67	310
NAT	NAT_HOMOG	20	50	sim_025	EUR	6157	5905	0.959070976124736	6361	456	252
NAT	NAT_HOMOG	20	50	sim_025	AFR	386	220	0.5699481865284974	425	205	166
NAT	NAT_HOMOG	20	51	sim_026	NAT	202	0	0	0	0	202
NAT	NAT_HOMOG	20	51	sim_026	EUR	5652	5650	0.9996461429582448	6099	449	2
NAT	NAT_HOMOG	20	51	sim_026	AFR	3627	3380	0.931899641577061	3382	2	247
NAT	NAT_HOMOG	20	52	sim_026	NAT	1927	1113	0.5775817332641412	1185	72	814
NAT	NAT_HOMOG	20	52	sim_026	EUR	7446	7168	0.9626645178619393	8090	922	278
NAT	NAT_HOMOG	20	52	sim_026	AFR	108	0	0	206	206	108
NAT	NAT_HOMOG	20	53	sim_027	NAT	403	296	0.7344913151364765	296	0	107
NAT	NAT_HOMOG	20	53	sim_027	EUR	5585	5585	1	5869	284	0
NAT	NAT_HOMOG	20	53	sim_027	AFR	3493	3316	0.9493272258803321	3316	0	177
NAT	NAT_HOMOG	20	54	sim_027	NAT	876	824	0.9406392694063926	824	0	52
NAT	NAT_HOMOG	20	54	sim_027	EUR	6612	6524	0.9866908650937689	6637	113	88
NAT	NAT_HOMOG	20	54	sim_027	AFR	1993	1932	0.9693928750627195	2020	88	61
NAT	NAT_HOMOG	20	55	sim_028	NAT	9	0	0	0	0	9
NAT	NAT_HOMOG	20	55	sim_028	EUR	7652	7652	1	8010	358	0
NAT	NAT_HOMOG	20	55	sim_028	AFR	1820	1471	0.8082417582417583	1471	0	349
NAT	NAT_HOMOG	20	56	sim_028	EUR	9067	9057	0.9988970993713466	9064	7	10
NAT	NAT_HOMOG	20	56	sim_028	AFR	414	407	0.9830917874396136	417	10	7
NAT	NAT_HOMOG	20	57	sim_029	NAT	2315	2192	0.9468682505399568	2265	73	123
NAT	NAT_HOMOG	20	57	sim_029	EUR	4919	4913	0.9987802398861557	5051	138	6
NAT	NAT_HOMOG	20	57	sim_029	AFR	2247	2134	0.94971072541166	2165	31	113
NAT	NAT_HOMOG	20	58	sim_029	NAT	4	0	0	0	0	4
NAT	NAT_HOMOG	20	58	sim_029	EUR	2953	2903	0.9830680663731798	2942	39	50
NAT	NAT_HOMOG	20	58	sim_029	AFR	6524	6489	0.9946351931330472	6539	50	35
NAT	NAT_HOMOG	20	59	sim_030	NAT	4546	4454	0.979762428508579	4488	34	92
NAT	NAT_HOMOG	20	59	sim_030	EUR	1362	1277	0.9375917767988252	1282	5	85
NAT	NAT_HOMOG	20	59	sim_030	AFR	3573	3555	0.9949622166246851	3711	156	18
NAT	NAT_HOMOG	20	60	sim_030	NAT	1307	1297	0.9923488905891354	1377	80	10
NAT	NAT_HOMOG	20	60	sim_030	EUR	5713	5575	0.9758445650271311	5745	170	138
NAT	NAT_HOMOG	20	60	sim_030	AFR	2461	2294	0.9321414059325478	2359	65	167
NATMXB	NAT_HOMOG	20	1	sim_001	NAT	957	957	1	987	30	0
NATMXB	NAT_HOMOG	20	1	sim_001	EUR	2139	1965	0.9186535764375876	2081	116	174
NATMXB	NAT_HOMOG	20	1	sim_001	AFR	6385	6239	0.977133907595928	6413	174	146
NATMXB	NAT_HOMOG	20	2	sim_001	NAT	3219	2756	0.8561665113389252	2756	0	463
NATMXB	NAT_HOMOG	20	2	sim_001	EUR	2515	2497	0.9928429423459244	2762	265	18
NATMXB	NAT_HOMOG	20	2	sim_001	AFR	3747	3622	0.9666399786495863	3963	341	125
NATMXB	NAT_HOMOG	20	3	sim_002	NAT	345	169	0.48985507246376814	204	35	176
NATMXB	NAT_HOMOG	20	3	sim_002	EUR	7242	7184	0.991991162662248	7415	231	58
NATMXB	NAT_HOMOG	20	3	sim_002	AFR	1894	1839	0.970960929250264	1862	23	55
NATMXB	NAT_HOMOG	20	4	sim_002	NAT	2534	1994	0.7868981846882399	2021	27	540
NATMXB	NAT_HOMOG	20	4	sim_002	EUR	5670	5649	0.9962962962962963	6365	716	21
NATMXB	NAT_HOMOG	20	4	sim_002	AFR	1277	1095	0.8574784651527017	1095	0	182
NATMXB	NAT_HOMOG	20	5	sim_003	NAT	184	184	1	210	26	0
NATMXB	NAT_HOMOG	20	5	sim_003	EUR	8752	8553	0.9772623400365631	8553	0	199
NATMXB	NAT_HOMOG	20	5	sim_003	AFR	545	545	1	718	173	0
NATMXB	NAT_HOMOG	20	6	sim_003	NAT	3906	3855	0.9869431643625192	3857	2	51
NATMXB	NAT_HOMOG	20	6	sim_003	EUR	2998	2996	0.9993328885923949	3029	33	2
NATMXB	NAT_HOMOG	20	6	sim_003	AFR	2577	2577	1	2595	18	0
NATMXB	NAT_HOMOG	20	7	sim_004	EUR	6299	6299	1	6486	187	0
NATMXB	NAT_HOMOG	20	7	sim_004	AFR	3182	2995	0.9412319296040226	2995	0	187
NATMXB	NAT_HOMOG	20	8	sim_004	NAT	467	467	1	563	96	0
NATMXB	NAT_HOMOG	20	8	sim_004	EUR	9014	8797	0.9759263368094075	8797	0	217
NATMXB	NAT_HOMOG	20	9	sim_005	NAT	551	439	0.7967332123411979	439	0	112
NATMXB	NAT_HOMOG	20	9	sim_005	EUR	7941	7941	1	8058	117	0
NATMXB	NAT_HOMOG	20	9	sim_005	AFR	989	984	0.9949443882709808	984	0	5
NATMXB	NAT_HOMOG	20	10	sim_005	NAT	2100	2091	0.9957142857142857	2117	26	9
NATMXB	NAT_HOMOG	20	10	sim_005	EUR	2688	2688	1	2709	21	0
NATMXB	NAT_HOMOG	20	10	sim_005	AFR	4693	4646	0.9899850841679096	4655	9	47
NATMXB	NAT_HOMOG	20	11	sim_006	EUR	7224	7170	0.9925249169435216	7170	0	54
NATMXB	NAT_HOMOG	20	11	sim_006	AFR	2257	2257	1	2311	54	0
NATMXB	NAT_HOMOG	20	12	sim_006	NAT	725	659	0.9089655172413793	659	0	66
NATMXB	NAT_HOMOG	20	12	sim_006	EUR	2227	1863	0.8365514144589133	1864	1	364
NATMXB	NAT_HOMOG	20	12	sim_006	AFR	6529	6529	1	6958	429	0
NATMXB	NAT_HOMOG	20	13	sim_007	EUR	5749	5660	0.9845190467907462	5699	39	89
NATMXB	NAT_HOMOG	20	13	sim_007	AFR	3732	3693	0.9895498392282959	3782	89	39
NATMXB	NAT_HOMOG	20	14	sim_007	NAT	2081	2063	0.9913503123498318	2068	5	18
NATMXB	NAT_HOMOG	20	14	sim_007	EUR	5353	5339	0.9973846441247899	5356	17	14
NATMXB	NAT_HOMOG	20	14	sim_007	AFR	2047	2047	1	2057	10	0
NATMXB	NAT_HOMOG	20	15	sim_008	NAT	479	453	0.9457202505219207	521	68	26
NATMXB	NAT_HOMOG	20	15	sim_008	EUR	3817	3607	0.9449829709195704	3895	288	210
NATMXB	NAT_HOMOG	20	15	sim_008	AFR	5185	4914	0.9477338476374156	5065	151	271
NATMXB	NAT_HOMOG	20	16	sim_008	EUR	3832	3549	0.9261482254697286	3666	117	283
NATMXB	NAT_HOMOG	20	16	sim_008	AFR	5649	5532	0.9792883696229421	5815	283	117
NATMXB	NAT_HOMOG	20	17	sim_009	NAT	1551	1532	0.9877498388136686	1657	125	19
NATMXB	NAT_HOMOG	20	17	sim_009	EUR	7000	6823	0.9747142857142858	6842	19	177
NATMXB	NAT_HOMOG	20	17	sim_009	AFR	930	929	0.9989247311827957	982	53	1
NATMXB	NAT_HOMOG	20	18	sim_009	NAT	1638	1129	0.6892551892551892	1131	2	509
NATMXB	NAT_HOMOG	20	18	sim_009	EUR	2670	2543	0.952434456928839	3028	485	127
NATMXB	NAT_HOMOG	20	18	sim_009	AFR	5173	5171	0.9996133771505896	5322	151	2
NATMXB	NAT_HOMOG	20	19	sim_010	EUR	6578	6470	0.9835816357555488	6537	67	108
NATMXB	NAT_HOMOG	20	19	sim_010	AFR	2903	2836	0.9769204271443335	2944	108	67
NATMXB	NAT_HOMOG	20	20	sim_010	EUR	3265	3204	0.9813169984686064	3607	403	61
NATMXB	NAT_HOMOG	20	20	sim_010	AFR	6216	5813	0.9351673101673101	5874	61	403
NATMXB	NAT_HOMOG	20	21	sim_011	NAT	1368	1336	0.9766081871345029	1340	4	32
NATMXB	NAT_HOMOG	20	21	sim_011	EUR	1312	1254	0.9557926829268293	1341	87	58
NATMXB	NAT_HOMOG	20	21	sim_011	AFR	6801	6742	0.9913248051757094	6800	58	59
NATMXB	NAT_HOMOG	20	22	sim_011	NAT	249	89	0.357429718875502	89	0	160
NATMXB	NAT_HOMOG	20	22	sim_011	EUR	5996	5970	0.9956637758505671	6336	366	26
NATMXB	NAT_HOMOG	20	22	sim_011	AFR	3236	3010	0.9301606922126081	3056	46	226
NATMXB	NAT_HOMOG	20	23	sim_012	NAT	492	368	0.7479674796747967	368	0	124
NATMXB	NAT_HOMOG	20	23	sim_012	EUR	6052	6020	0.9947124917382684	6195	175	32
NATMXB	NAT_HOMOG	20	23	sim_012	AFR	2937	2886	0.982635342185904	2918	32	51
NATMXB	NAT_HOMOG	20	24	sim_012	NAT	1333	1262	0.9467366841710427	1335	73	71
NATMXB	NAT_HOMOG	20	24	sim_012	EUR	6770	6440	0.9512555391432792	6511	71	330
NATMXB	NAT_HOMOG	20	24	sim_012	AFR	1378	1378	1	1635	257	0
NATMXB	NAT_HOMOG	20	25	sim_013	NAT	1872	1829	0.9770299145299145	1935	106	43
NATMXB	NAT_HOMOG	20	25	sim_013	EUR	2404	2279	0.9480033277870217	2584	305	125
NATMXB	NAT_HOMOG	20	25	sim_013	AFR	5205	4900	0.9414024975984631	4962	62	305
NATMXB	NAT_HOMOG	20	26	sim_013	NAT	355	320	0.9014084507042254	320	0	35
NATMXB	NAT_HOMOG	20	26	sim_013	EUR	7052	7020	0.9954622802041974	7164	144	32
NATMXB	NAT_HOMOG	20	26	sim_013	AFR	2074	1936	0.9334619093539055	1997	61	138
NATMXB	NAT_HOMOG	20	27	sim_014	EUR	8876	8854	0.9975214060387562	8854	0	22
NATMXB	NAT_HOMOG	20	27	sim_014	AFR	605	605	1	627	22	0
NATMXB	NAT_HOMOG	20	28	sim_014	NAT	3440	3255	0.9462209302325582	3581	326	185
NATMXB	NAT_HOMOG	20	28	sim_014	EUR	4748	4430	0.9330244313395114	4580	150	318
NATMXB	NAT_HOMOG	20	28	sim_014	AFR	1293	1255	0.9706109822119103	1320	65	38
NATMXB	NAT_HOMOG	20	29	sim_015	NAT	3618	3609	0.9975124378109452	3609	0	9
NATMXB	NAT_HOMOG	20	29	sim_015	EUR	3518	3406	0.9681637293916998	3415	9	112
NATMXB	NAT_HOMOG	20	29	sim_015	AFR	2345	2345	1	2457	112	0
NATMXB	NAT_HOMOG	20	30	sim_015	NAT	2118	2062	0.9735599622285175	2069	7	56
NATMXB	NAT_HOMOG	20	30	sim_015	EUR	2831	2465	0.8707170611091487	2614	149	366
NATMXB	NAT_HOMOG	20	30	sim_015	AFR	4532	4416	0.9744042365401588	4798	382	116
NATMXB	NAT_HOMOG	20	31	sim_016	NAT	116	0	0	0	0	116
NATMXB	NAT_HOMOG	20	31	sim_016	EUR	5889	5880	0.9984717269485481	6036	156	9
NATMXB	NAT_HOMOG	20	31	sim_016	AFR	3476	3436	0.9884925201380897	3445	9	40
NATMXB	NAT_HOMOG	20	32	sim_016	EUR	6104	6036	0.9888597640891219	6105	69	68
NATMXB	NAT_HOMOG	20	32	sim_016	AFR	3377	3308	0.9795676636067515	3376	68	69
NATMXB	NAT_HOMOG	20	33	sim_017	NAT	2337	1435	0.6140350877192983	1438	3	902
NATMXB	NAT_HOMOG	20	33	sim_017	EUR	5557	5387	0.9694079539319777	6326	939	170
NATMXB	NAT_HOMOG	20	33	sim_017	AFR	1587	1550	0.9766855702583491	1717	167	37
NATMXB	NAT_HOMOG	20	34	sim_017	NAT	1745	1744	0.9994269340974212	1745	1	1
NATMXB	NAT_HOMOG	20	34	sim_017	EUR	6540	6530	0.9984709480122325	6593	63	10
NATMXB	NAT_HOMOG	20	34	sim_017	AFR	1196	1133	0.947324414715719	1143	10	63
NATMXB	NAT_HOMOG	20	35	sim_018	NAT	3193	3188	0.998434074538052	3364	176	5
NATMXB	NAT_HOMOG	20	35	sim_018	EUR	3168	2984	0.9419191919191919	3093	109	184
NATMXB	NAT_HOMOG	20	35	sim_018	AFR	3120	3002	0.9621794871794872	3024	22	118
NATMXB	NAT_HOMOG	20	36	sim_018	NAT	4969	4945	0.9951700543368888	4946	1	24
NATMXB	NAT_HOMOG	20	36	sim_018	EUR	2953	2933	0.993227226549272	2967	34	20
NATMXB	NAT_HOMOG	20	36	sim_018	AFR	1559	1549	0.9935856318152662	1568	19	10
NATMXB	NAT_HOMOG	20	37	sim_019	NAT	489	389	0.7955010224948875	402	13	100
NATMXB	NAT_HOMOG	20	37	sim_019	EUR	7366	7353	0.9982351344013033	7711	358	13
NATMXB	NAT_HOMOG	20	37	sim_019	AFR	1626	1340	0.8241082410824109	1368	28	286
NATMXB	NAT_HOMOG	20	38	sim_019	EUR	4147	4120	0.9934892693513383	4245	125	27
NATMXB	NAT_HOMOG	20	38	sim_019	AFR	5334	5209	0.9765654293213348	5236	27	125
NATMXB	NAT_HOMOG	20	39	sim_020	NAT	676	667	0.9866863905325444	722	55	9
NATMXB	NAT_HOMOG	20	39	sim_020	EUR	6261	6094	0.9733269445775435	6094	0	167
NATMXB	NAT_HOMOG	20	39	sim_020	AFR	2544	2506	0.985062893081761	2665	159	38
NATMXB	NAT_HOMOG	20	40	sim_020	EUR	7884	7871	0.9983510908168443	8020	149	13
NATMXB	NAT_HOMOG	20	40	sim_020	AFR	1597	1448	0.9067000626174077	1461	13	149
NATMXB	NAT_HOMOG	20	41	sim_021	EUR	6696	6577	0.9822281959378734	6629	52	119
NATMXB	NAT_HOMOG	20	41	sim_021	AFR	2785	2733	0.9813285457809695	2852	119	52
NATMXB	NAT_HOMOG	20	42	sim_021	NAT	1571	1563	0.9949077021005729	1563	0	8
NATMXB	NAT_HOMOG	20	42	sim_021	EUR	5718	5650	0.9881077299755159	5709	59	68
NATMXB	NAT_HOMOG	20	42	sim_021	AFR	2192	2141	0.9767335766423357	2209	68	51
NATMXB	NAT_HOMOG	20	43	sim_022	NAT	897	551	0.6142697881828316	581	30	346
NATMXB	NAT_HOMOG	20	43	sim_022	EUR	7181	7056	0.9825929536276284	7457	401	125
NATMXB	NAT_HOMOG	20	43	sim_022	AFR	1403	1318	0.9394155381325731	1443	125	85
NATMXB	NAT_HOMOG	20	44	sim_022	NAT	1974	1951	0.9883485309017224	1967	16	23
NATMXB	NAT_HOMOG	20	44	sim_022	EUR	6743	6672	0.989470562064363	6735	63	71
NATMXB	NAT_HOMOG	20	44	sim_022	AFR	764	708	0.9267015706806283	779	71	56
NATMXB	NAT_HOMOG	20	45	sim_023	NAT	2040	2038	0.9990196078431373	2113	75	2
NATMXB	NAT_HOMOG	20	45	sim_023	EUR	5731	5509	0.9612633048333624	5571	62	222
NATMXB	NAT_HOMOG	20	45	sim_023	AFR	1710	1638	0.9578947368421052	1797	159	72
NATMXB	NAT_HOMOG	20	46	sim_023	NAT	1895	1873	0.9883905013192612	1875	2	22
NATMXB	NAT_HOMOG	20	46	sim_023	EUR	2957	2956	0.9996618194115657	2980	24	1
NATMXB	NAT_HOMOG	20	46	sim_023	AFR	4629	4626	0.9993519118600129	4626	0	3
NATMXB	NAT_HOMOG	20	47	sim_024	NAT	2690	1941	0.7215613382899628	2036	95	749
NATMXB	NAT_HOMOG	20	47	sim_024	EUR	6437	6424	0.9979804256641293	7173	749	13
NATMXB	NAT_HOMOG	20	47	sim_024	AFR	354	261	0.7372881355932204	272	11	93
NATMXB	NAT_HOMOG	20	48	sim_024	NAT	3199	3196	0.9990622069396686	3196	0	3
NATMXB	NAT_HOMOG	20	48	sim_024	EUR	6148	5906	0.9606376057254392	5969	63	242
NATMXB	NAT_HOMOG	20	48	sim_024	AFR	134	74	0.5522388059701493	316	242	60
NATMXB	NAT_HOMOG	20	49	sim_025	EUR	8322	8322	1	8333	11	0
NATMXB	NAT_HOMOG	20	49	sim_025	AFR	1159	1148	0.9905090595340811	1148	0	11
NATMXB	NAT_HOMOG	20	50	sim_025	NAT	1148	1103	0.960801393728223	1103	0	45
NATMXB	NAT_HOMOG	20	50	sim_025	EUR	8085	8085	1	8142	57	0
NATMXB	NAT_HOMOG	20	50	sim_025	AFR	248	208	0.8387096774193549	236	28	40
NATMXB	NAT_HOMOG	20	51	sim_026	NAT	420	420	1	420	0	0
NATMXB	NAT_HOMOG	20	51	sim_026	EUR	8286	8286	1	8294	8	0
NATMXB	NAT_HOMOG	20	51	sim_026	AFR	775	767	0.9896774193548387	767	0	8
NATMXB	NAT_HOMOG	20	52	sim_026	NAT	3399	3346	0.9844071785819358	3412	66	53
NATMXB	NAT_HOMOG	20	52	sim_026	EUR	5245	5172	0.9860819828408007	5189	17	73
NATMXB	NAT_HOMOG	20	52	sim_026	AFR	837	837	1	880	43	0
NATMXB	NAT_HOMOG	20	53	sim_027	NAT	225	225	1	230	5	0
NATMXB	NAT_HOMOG	20	53	sim_027	EUR	6317	6235	0.9870191546620231	6292	57	82
NATMXB	NAT_HOMOG	20	53	sim_027	AFR	2939	2882	0.9806056481796529	2959	77	57
NATMXB	NAT_HOMOG	20	54	sim_027	NAT	3248	3162	0.9735221674876847	3288	126	86
NATMXB	NAT_HOMOG	20	54	sim_027	EUR	3746	3574	0.9540843566470902	3660	86	172
NATMXB	NAT_HOMOG	20	54	sim_027	AFR	2487	2459	0.9887414555689585	2533	74	28
NATMXB	NAT_HOMOG	20	55	sim_028	NAT	1676	1662	0.9916467780429594	1677	15	14
NATMXB	NAT_HOMOG	20	55	sim_028	EUR	7562	7561	0.999867759851891	7609	48	1
NATMXB	NAT_HOMOG	20	55	sim_028	AFR	243	195	0.8024691358024691	195	0	48
NATMXB	NAT_HOMOG	20	56	sim_028	NAT	3028	1370	0.452443857331572	1388	18	1658
NATMXB	NAT_HOMOG	20	56	sim_028	EUR	4016	3830	0.9536852589641435	4477	647	186
NATMXB	NAT_HOMOG	20	56	sim_028	AFR	2437	2397	0.9835863766926549	3616	1219	40
NATMXB	NAT_HOMOG	20	57	sim_029	NAT	75	61	0.8133333333333334	70	9	14
NATMXB	NAT_HOMOG	20	57	sim_029	EUR	2518	2420	0.9610802223987291	2453	33	98
NATMXB	NAT_HOMOG	20	57	sim_029	AFR	6888	6860	0.9959349593495935	6958	98	28
NATMXB	NAT_HOMOG	20	58	sim_029	NAT	604	587	0.9718543046357616	606	19	17
NATMXB	NAT_HOMOG	20	58	sim_029	EUR	1955	1948	0.9964194373401535	1949	1	7
NATMXB	NAT_HOMOG	20	58	sim_029	AFR	6922	6902	0.9971106616584802	6926	24	20
NATMXB	NAT_HOMOG	20	59	sim_030	NAT	1357	1331	0.9808400884303611	1495	164	26
NATMXB	NAT_HOMOG	20	59	sim_030	EUR	7388	7218	0.9769897130481863	7218	0	170
NATMXB	NAT_HOMOG	20	59	sim_030	AFR	736	736	1	768	32	0
NATMXB	NAT_HOMOG	20	60	sim_030	NAT	1782	1770	0.9932659932659933	1770	0	12
NATMXB	NAT_HOMOG	20	60	sim_030	EUR	6802	6796	0.9991179064980888	6854	58	6
NATMXB	NAT_HOMOG	20	60	sim_030	AFR	897	845	0.9420289855072463	857	12	52
NAT	NAT_HGDP	21	1	sim_001	NAT	21	0	0	0	0	21
NAT	NAT_HGDP	21	1	sim_001	EUR	4637	4559	0.983178779383222	4580	21	78
NAT	NAT_HGDP	21	1	sim_001	AFR	462	462	1	540	78	0
NAT	NAT_HGDP	21	2	sim_001	EUR	4312	4278	0.9921150278293135	4279	1	34
NAT	NAT_HGDP	21	2	sim_001	AFR	808	807	0.9987623762376238	841	34	1
NAT	NAT_HGDP	21	3	sim_002	NAT	817	418	0.5116279069767442	418	0	399
NAT	NAT_HGDP	21	3	sim_002	EUR	4303	4303	1	4702	399	0
NAT	NAT_HGDP	21	4	sim_002	NAT	1217	1194	0.981101068200493	1431	237	23
NAT	NAT_HGDP	21	4	sim_002	EUR	2399	2215	0.9233013755731555	2421	206	184
NAT	NAT_HGDP	21	4	sim_002	AFR	1504	1244	0.8271276595744681	1268	24	260
NAT	NAT_HGDP	21	5	sim_003	EUR	5120	5120	1	5120	0	0
NAT	NAT_HGDP	21	6	sim_003	EUR	1827	1806	0.9885057471264368	1806	0	21
NAT	NAT_HGDP	21	6	sim_003	AFR	3293	3293	1	3314	21	0
NAT	NAT_HGDP	21	7	sim_004	NAT	4	0	0	0	0	4
NAT	NAT_HGDP	21	7	sim_004	EUR	3755	3706	0.9869507323568575	3710	4	49
NAT	NAT_HGDP	21	7	sim_004	AFR	1361	1361	1	1410	49	0
NAT	NAT_HGDP	21	8	sim_004	NAT	376	358	0.9521276595744681	390	32	18
NAT	NAT_HGDP	21	8	sim_004	EUR	3186	3153	0.9896421845574388	3182	29	33
NAT	NAT_HGDP	21	8	sim_004	AFR	1558	1529	0.9813863928112966	1548	19	29
NAT	NAT_HGDP	21	9	sim_005	NAT	128	116	0.90625	171	55	12
NAT	NAT_HGDP	21	9	sim_005	EUR	3613	3538	0.9792416274564074	3539	1	75
NAT	NAT_HGDP	21	9	sim_005	AFR	1379	1379	1	1410	31	0
NAT	NAT_HGDP	21	10	sim_005	EUR	3921	3921	1	3997	76	0
NAT	NAT_HGDP	21	10	sim_005	AFR	1199	1123	0.9366138448707256	1123	0	76
NAT	NAT_HGDP	21	11	sim_006	NAT	200	0	0	0	0	200
NAT	NAT_HGDP	21	11	sim_006	EUR	3582	3577	0.9986041317699609	3830	253	5
NAT	NAT_HGDP	21	11	sim_006	AFR	1338	1285	0.9603886397608371	1290	5	53
NAT	NAT_HGDP	21	12	sim_006	NAT	3224	3202	0.9931761786600496	3241	39	22
NAT	NAT_HGDP	21	12	sim_006	EUR	1857	1857	1	1879	22	0
NAT	NAT_HGDP	21	12	sim_006	AFR	39	0	0	0	0	39
NAT	NAT_HGDP	21	13	sim_007	NAT	1666	1658	0.9951980792316927	1719	61	8
NAT	NAT_HGDP	21	13	sim_007	EUR	2469	2408	0.9752936411502633	2416	8	61
NAT	NAT_HGDP	21	13	sim_007	AFR	985	985	1	985	0	0
NAT	NAT_HGDP	21	14	sim_007	EUR	5025	5025	1	5120	95	0
NAT	NAT_HGDP	21	14	sim_007	AFR	95	0	0	0	0	95
NAT	NAT_HGDP	21	15	sim_008	NAT	2649	2645	0.9984899962249906	2646	1	4
NAT	NAT_HGDP	21	15	sim_008	EUR	2471	2313	0.9360582760016187	2317	4	158
NAT	NAT_HGDP	21	16	sim_008	NAT	46	0	0	275	275	46
NAT	NAT_HGDP	21	16	sim_008	EUR	3036	2460	0.8102766798418972	2472	12	576
NAT	NAT_HGDP	21	16	sim_008	AFR	2038	2020	0.9911678115799804	2373	353	18
NAT	NAT_HGDP	21	17	sim_009	EUR	1007	693	0.6881827209533267	695	2	314
NAT	NAT_HGDP	21	17	sim_009	AFR	4113	4111	0.99951373693168	4253	142	2
NAT	NAT_HGDP	21	18	sim_009	NAT	418	418	1	418	0	0
NAT	NAT_HGDP	21	18	sim_009	EUR	3815	3804	0.9971166448230668	3918	114	11
NAT	NAT_HGDP	21	18	sim_009	AFR	887	773	0.8714768883878241	784	11	114
NAT	NAT_HGDP	21	19	sim_010	NAT	787	787	1	832	45	0
NAT	NAT_HGDP	21	19	sim_010	EUR	1283	1208	0.9415432579890881	1215	7	75
NAT	NAT_HGDP	21	19	sim_010	AFR	3050	3043	0.9977049180327869	3073	30	7
NAT	NAT_HGDP	21	20	sim_010	NAT	1445	1425	0.986159169550173	1488	63	20
NAT	NAT_HGDP	21	20	sim_010	EUR	3140	3077	0.979936305732484	3082	5	63
NAT	NAT_HGDP	21	20	sim_010	AFR	535	530	0.9906542056074766	550	20	5
NAT	NAT_HGDP	21	21	sim_011	EUR	3195	3195	1	3251	56	0
NAT	NAT_HGDP	21	21	sim_011	AFR	1925	1869	0.9709090909090909	1869	0	56
NAT	NAT_HGDP	21	22	sim_011	NAT	4923	4913	0.9979687182612228	4913	0	10
NAT	NAT_HGDP	21	22	sim_011	EUR	197	197	1	207	10	0
NAT	NAT_HGDP	21	23	sim_012	NAT	2861	2566	0.8968891995805662	2604	38	295
NAT	NAT_HGDP	21	23	sim_012	EUR	2055	2017	0.9815085158150851	2516	499	38
NAT	NAT_HGDP	21	23	sim_012	AFR	204	0	0	0	0	204
NAT	NAT_HGDP	21	24	sim_012	NAT	1041	1037	0.9961575408261287	1038	1	4
NAT	NAT_HGDP	21	24	sim_012	EUR	1028	885	0.8608949416342413	968	83	143
NAT	NAT_HGDP	21	24	sim_012	AFR	3051	2968	0.9727958046542118	3114	146	83
NAT	NAT_HGDP	21	25	sim_013	NAT	871	869	0.9977037887485649	869	0	2
NAT	NAT_HGDP	21	25	sim_013	EUR	3917	3917	1	3936	19	0
NAT	NAT_HGDP	21	25	sim_013	AFR	332	313	0.9427710843373494	315	2	19
NAT	NAT_HGDP	21	26	sim_013	NAT	2007	1998	0.9955156950672646	2062	64	9
NAT	NAT_HGDP	21	26	sim_013	EUR	3113	3049	0.9794410536460006	3058	9	64
NAT	NAT_HGDP	21	27	sim_014	NAT	5	0	0	0	0	5
NAT	NAT_HGDP	21	27	sim_014	EUR	4891	4890	0.9997955428337764	4902	12	1
NAT	NAT_HGDP	21	27	sim_014	AFR	224	217	0.96875	218	1	7
NAT	NAT_HGDP	21	28	sim_014	NAT	4603	4366	0.9485118401042798	4406	40	237
NAT	NAT_HGDP	21	28	sim_014	EUR	517	477	0.9226305609284333	714	237	40
NAT	NAT_HGDP	21	29	sim_015	NAT	333	253	0.7597597597597597	253	0	80
NAT	NAT_HGDP	21	29	sim_015	EUR	503	164	0.3260437375745527	249	85	339
NAT	NAT_HGDP	21	29	sim_015	AFR	4284	4279	0.9988328664799253	4618	339	5
NAT	NAT_HGDP	21	30	sim_015	EUR	3177	3177	1	3177	0	0
NAT	NAT_HGDP	21	30	sim_015	AFR	1943	1943	1	1943	0	0
NAT	NAT_HGDP	21	31	sim_016	NAT	144	0	0	0	0	144
NAT	NAT_HGDP	21	31	sim_016	EUR	4119	4095	0.9941733430444283	4299	204	24
NAT	NAT_HGDP	21	31	sim_016	AFR	857	797	0.9299883313885647	821	24	60
NAT	NAT_HGDP	21	32	sim_016	EUR	4390	4390	1	4392	2	0
NAT	NAT_HGDP	21	32	sim_016	AFR	730	728	0.9972602739726028	728	0	2
NAT	NAT_HGDP	21	33	sim_017	EUR	4879	4850	0.9940561590489855	4878	28	29
NAT	NAT_HGDP	21	33	sim_017	AFR	241	213	0.8838174273858921	242	29	28
NAT	NAT_HGDP	21	34	sim_017	NAT	97	97	1	166	69	0
NAT	NAT_HGDP	21	34	sim_017	EUR	4950	4751	0.9597979797979798	4751	0	199
NAT	NAT_HGDP	21	34	sim_017	AFR	73	73	1	203	130	0
NAT	NAT_HGDP	21	35	sim_018	NAT	593	581	0.9797639123102867	636	55	12
NAT	NAT_HGDP	21	35	sim_018	EUR	4527	4472	0.9878506737353656	4484	12	55
NAT	NAT_HGDP	21	36	sim_018	NAT	1460	1460	1	1644	184	0
NAT	NAT_HGDP	21	36	sim_018	EUR	2435	2099	0.8620123203285421	2170	71	336
NAT	NAT_HGDP	21	36	sim_018	AFR	1225	1148	0.9371428571428572	1306	158	77
NAT	NAT_HGDP	21	37	sim_019	NAT	414	391	0.9444444444444444	405	14	23
NAT	NAT_HGDP	21	37	sim_019	EUR	1863	1741	0.9345142243692969	1767	26	122
NAT	NAT_HGDP	21	37	sim_019	AFR	2843	2803	0.9859303552585297	2948	145	40
NAT	NAT_HGDP	21	38	sim_019	NAT	49	22	0.4489795918367347	231	209	27
NAT	NAT_HGDP	21	38	sim_019	EUR	2208	1940	0.8786231884057971	1940	0	268
NAT	NAT_HGDP	21	38	sim_019	AFR	2863	2863	1	2949	86	0
NAT	NAT_HGDP	21	39	sim_020	NAT	1411	1411	1	1417	6	0
NAT	NAT_HGDP	21	39	sim_020	EUR	1745	1739	0.9965616045845272	1739	0	6
NAT	NAT_HGDP	21	39	sim_020	AFR	1964	1964	1	1964	0	0
NAT	NAT_HGDP	21	40	sim_020	NAT	3037	3028	0.9970365492262101	3028	0	9
NAT	NAT_HGDP	21	40	sim_020	AFR	2083	2083	1	2092	9	0
NAT	NAT_HGDP	21	41	sim_021	EUR	4588	4570	0.9960767218831735	4570	0	18
NAT	NAT_HGDP	21	41	sim_021	AFR	532	532	1	550	18	0
NAT	NAT_HGDP	21	42	sim_021	NAT	565	562	0.9946902654867257	562	0	3
NAT	NAT_HGDP	21	42	sim_021	EUR	3052	3022	0.990170380078637	3025	3	30
NAT	NAT_HGDP	21	42	sim_021	AFR	1503	1503	1	1533	30	0
NAT	NAT_HGDP	21	43	sim_022	EUR	4384	4293	0.979242700729927	4293	0	91
NAT	NAT_HGDP	21	43	sim_022	AFR	736	736	1	827	91	0
NAT	NAT_HGDP	21	44	sim_022	NAT	497	484	0.9738430583501007	546	62	13
NAT	NAT_HGDP	21	44	sim_022	EUR	4623	4561	0.9865887951546615	4574	13	62
NAT	NAT_HGDP	21	45	sim_023	EUR	1991	1867	0.9377197388247112	1867	0	124
NAT	NAT_HGDP	21	45	sim_023	AFR	3129	3129	1	3253	124	0
NAT	NAT_HGDP	21	46	sim_023	NAT	2121	2037	0.9603960396039604	2319	282	84
NAT	NAT_HGDP	21	46	sim_023	EUR	2551	2269	0.8894551156409252	2367	98	282
NAT	NAT_HGDP	21	46	sim_023	AFR	448	434	0.96875	434	0	14
NAT	NAT_HGDP	21	47	sim_024	EUR	4854	4854	1	4870	16	0
NAT	NAT_HGDP	21	47	sim_024	AFR	266	250	0.9398496240601504	250	0	16
NAT	NAT_HGDP	21	48	sim_024	NAT	9	0	0	0	0	9
NAT	NAT_HGDP	21	48	sim_024	EUR	4702	4702	1	4714	12	0
NAT	NAT_HGDP	21	48	sim_024	AFR	409	406	0.9926650366748166	406	0	3
NAT	NAT_HGDP	21	49	sim_025	EUR	3266	3261	0.9984690753214942	3272	11	5
NAT	NAT_HGDP	21	49	sim_025	AFR	1854	1843	0.994066882416397	1848	5	11
NAT	NAT_HGDP	21	50	sim_025	EUR	4619	4609	0.9978350292271054	4609	0	10
NAT	NAT_HGDP	21	50	sim_025	AFR	501	501	1	511	10	0
NAT	NAT_HGDP	21	51	sim_026	NAT	614	576	0.9381107491856677	576	0	38
NAT	NAT_HGDP	21	51	sim_026	EUR	712	587	0.824438202247191	587	0	125
NAT	NAT_HGDP	21	51	sim_026	AFR	3794	3794	1	3957	163	0
NAT	NAT_HGDP	21	52	sim_026	NAT	421	421	1	457	36	0
NAT	NAT_HGDP	21	52	sim_026	EUR	4491	4455	0.9919839679358717	4456	1	36
NAT	NAT_HGDP	21	52	sim_026	AFR	208	207	0.9951923076923077	207	0	1
NAT	NAT_HGDP	21	53	sim_027	EUR	3104	2996	0.9652061855670103	3017	21	108
NAT	NAT_HGDP	21	53	sim_027	AFR	2016	1995	0.9895833333333334	2103	108	21
NAT	NAT_HGDP	21	54	sim_027	NAT	1820	1731	0.951098901098901	1739	8	89
NAT	NAT_HGDP	21	54	sim_027	EUR	3236	3094	0.9561186650185414	3247	153	142
NAT	NAT_HGDP	21	54	sim_027	AFR	64	0	0	134	134	64
NAT	NAT_HGDP	21	55	sim_028	NAT	3396	3395	0.9997055359246172	3438	43	1
NAT	NAT_HGDP	21	55	sim_028	EUR	1357	1314	0.9683124539425203	1393	79	43
NAT	NAT_HGDP	21	55	sim_028	AFR	367	289	0.7874659400544959	289	0	78
NAT	NAT_HGDP	21	56	sim_028	NAT	2214	1841	0.8315266485998193	1906	65	373
NAT	NAT_HGDP	21	56	sim_028	EUR	2906	2841	0.977632484514797	3214	373	65
NAT	NAT_HGDP	21	57	sim_029	EUR	2725	2687	0.9860550458715597	2689	2	38
NAT	NAT_HGDP	21	57	sim_029	AFR	2395	2393	0.9991649269311065	2431	38	2
NAT	NAT_HGDP	21	58	sim_029	NAT	2860	2408	0.8419580419580419	2419	11	452
NAT	NAT_HGDP	21	58	sim_029	EUR	1882	1872	0.9946865037194474	2349	477	10
NAT	NAT_HGDP	21	58	sim_029	AFR	378	352	0.9312169312169312	352	0	26
NAT	NAT_HGDP	21	59	sim_030	EUR	2134	2086	0.9775070290534208	2086	0	48
NAT	NAT_HGDP	21	59	sim_030	AFR	2986	2986	1	3034	48	0
NAT	NAT_HGDP	21	60	sim_030	NAT	347	347	1	431	84	0
NAT	NAT_HGDP	21	60	sim_030	EUR	4657	4599	0.9875456302340563	4609	10	58
NAT	NAT_HGDP	21	60	sim_030	AFR	116	80	0.6896551724137931	80	0	36
NATMXB	NAT_HGDP	21	1	sim_001	NAT	43	0	0	0	0	43
NATMXB	NAT_HGDP	21	1	sim_001	EUR	3224	3224	1	3461	237	0
NATMXB	NAT_HGDP	21	1	sim_001	AFR	1853	1659	0.8953049109552078	1659	0	194
NATMXB	NAT_HGDP	21	2	sim_001	NAT	785	218	0.27770700636942675	225	7	567
NATMXB	NAT_HGDP	21	2	sim_001	EUR	3637	3634	0.9991751443497388	4208	574	3
NATMXB	NAT_HGDP	21	2	sim_001	AFR	698	687	0.9842406876790831	687	0	11
NATMXB	NAT_HGDP	21	3	sim_002	EUR	4562	4562	1	4562	0	0
NATMXB	NAT_HGDP	21	3	sim_002	AFR	558	558	1	558	0	0
NATMXB	NAT_HGDP	21	4	sim_002	NAT	1930	1830	0.9481865284974094	1917	87	100
NATMXB	NAT_HGDP	21	4	sim_002	EUR	3190	3103	0.9727272727272728	3203	100	87
NATMXB	NAT_HGDP	21	5	sim_003	NAT	1966	1966	1	1966	0	0
NATMXB	NAT_HGDP	21	5	sim_003	AFR	3154	3154	1	3154	0	0
NATMXB	NAT_HGDP	21	6	sim_003	NAT	1666	1663	0.9981992797118847	1663	0	3
NATMXB	NAT_HGDP	21	6	sim_003	EUR	3027	3013	0.9953749587049885	3031	18	14
NATMXB	NAT_HGDP	21	6	sim_003	AFR	427	412	0.9648711943793911	426	14	15
NATMXB	NAT_HGDP	21	7	sim_004	NAT	1788	1788	1	1788	0	0
NATMXB	NAT_HGDP	21	7	sim_004	EUR	3332	3332	1	3332	0	0
NATMXB	NAT_HGDP	21	8	sim_004	EUR	4512	4497	0.9966755319148937	4647	150	15
NATMXB	NAT_HGDP	21	8	sim_004	AFR	608	458	0.7532894736842105	473	15	150
NATMXB	NAT_HGDP	21	9	sim_005	EUR	5100	5100	1	5120	20	0
NATMXB	NAT_HGDP	21	9	sim_005	AFR	20	0	0	0	0	20
NATMXB	NAT_HGDP	21	10	sim_005	NAT	289	289	1	289	0	0
NATMXB	NAT_HGDP	21	10	sim_005	EUR	4380	4236	0.9671232876712329	4248	12	144
NATMXB	NAT_HGDP	21	10	sim_005	AFR	451	439	0.9733924611973392	583	144	12
NATMXB	NAT_HGDP	21	11	sim_006	NAT	1118	1118	1	1119	1	0
NATMXB	NAT_HGDP	21	11	sim_006	EUR	1930	1900	0.9844559585492227	1900	0	30
NATMXB	NAT_HGDP	21	11	sim_006	AFR	2072	2072	1	2101	29	0
NATMXB	NAT_HGDP	21	12	sim_006	NAT	1749	1749	1	1768	19	0
NATMXB	NAT_HGDP	21	12	sim_006	EUR	2186	2152	0.9844464775846294	2170	18	34
NATMXB	NAT_HGDP	21	12	sim_006	AFR	1185	1153	0.9729957805907173	1182	29	32
NATMXB	NAT_HGDP	21	13	sim_007	NAT	1059	1045	0.9867799811142587	1045	0	14
NATMXB	NAT_HGDP	21	13	sim_007	EUR	3427	3397	0.9912459877443829	3439	42	30
NATMXB	NAT_HGDP	21	13	sim_007	AFR	634	606	0.9558359621451105	636	30	28
NATMXB	NAT_HGDP	21	14	sim_007	EUR	3147	3091	0.9822052748649508	3091	0	56
NATMXB	NAT_HGDP	21	14	sim_007	AFR	1973	1973	1	2029	56	0
NATMXB	NAT_HGDP	21	15	sim_008	NAT	422	371	0.8791469194312796	636	265	51
NATMXB	NAT_HGDP	21	15	sim_008	EUR	4698	4389	0.934227330779055	4440	51	309
NATMXB	NAT_HGDP	21	16	sim_008	NAT	418	418	1	418	0	0
NATMXB	NAT_HGDP	21	16	sim_008	EUR	4702	4424	0.9408762228838792	4424	0	278
NATMXB	NAT_HGDP	21	17	sim_009	NAT	1241	1118	0.9008863819500403	1204	86	123
NATMXB	NAT_HGDP	21	17	sim_009	EUR	1581	1350	0.8538899430740038	1448	98	231
NATMXB	NAT_HGDP	21	17	sim_009	AFR	2298	2298	1	2468	170	0
NATMXB	NAT_HGDP	21	18	sim_009	NAT	25	0	0	0	0	25
NATMXB	NAT_HGDP	21	18	sim_009	EUR	3793	3793	1	3797	4	0
NATMXB	NAT_HGDP	21	18	sim_009	AFR	1302	1298	0.9969278033794163	1323	25	4
NATMXB	NAT_HGDP	21	19	sim_010	NAT	3396	3386	0.997055359246172	3386	0	10
NATMXB	NAT_HGDP	21	19	sim_010	EUR	1724	1724	1	1734	10	0
NATMXB	NAT_HGDP	21	20	sim_010	NAT	702	702	1	761	59	0
NATMXB	NAT_HGDP	21	20	sim_010	EUR	3845	3786	0.9846553966189857	3856	70	59
NATMXB	NAT_HGDP	21	20	sim_010	AFR	573	503	0.8778359511343804	503	0	70
NATMXB	NAT_HGDP	21	21	sim_011	NAT	18	0	0	0	0	18
NATMXB	NAT_HGDP	21	21	sim_011	EUR	4486	4477	0.9979937583593401	4485	8	9
NATMXB	NAT_HGDP	21	21	sim_011	AFR	616	608	0.987012987012987	635	27	8
NATMXB	NAT_HGDP	21	22	sim_011	NAT	2742	2742	1	2769	27	0
NATMXB	NAT_HGDP	21	22	sim_011	EUR	1338	1155	0.8632286995515696	1155	0	183
NATMXB	NAT_HGDP	21	22	sim_011	AFR	1040	1039	0.9990384615384615	1196	157	1
NATMXB	NAT_HGDP	21	23	sim_012	NAT	126	0	0	138	138	126
NATMXB	NAT_HGDP	21	23	sim_012	EUR	4834	4695	0.9712453454695904	4821	126	139
NATMXB	NAT_HGDP	21	23	sim_012	AFR	160	160	1	161	1	0
NATMXB	NAT_HGDP	21	24	sim_012	EUR	1806	1794	0.9933554817275747	1794	0	12
NATMXB	NAT_HGDP	21	24	sim_012	AFR	3314	3314	1	3326	12	0
NATMXB	NAT_HGDP	21	25	sim_013	NAT	679	644	0.9484536082474226	753	109	35
NATMXB	NAT_HGDP	21	25	sim_013	EUR	2679	2600	0.9705113848450915	2732	132	79
NATMXB	NAT_HGDP	21	25	sim_013	AFR	1762	1635	0.9279228149829739	1635	0	127
NATMXB	NAT_HGDP	21	26	sim_013	NAT	52	52	1	97	45	0
NATMXB	NAT_HGDP	21	26	sim_013	EUR	4702	4702	1	4734	32	0
NATMXB	NAT_HGDP	21	26	sim_013	AFR	366	289	0.7896174863387978	289	0	77
NATMXB	NAT_HGDP	21	27	sim_014	NAT	1604	1300	0.8104738154613467	1356	56	304
NATMXB	NAT_HGDP	21	27	sim_014	EUR	1875	1808	0.9642666666666667	2182	374	67
NATMXB	NAT_HGDP	21	27	sim_014	AFR	1641	1569	0.9561243144424132	1582	13	72
NATMXB	NAT_HGDP	21	28	sim_014	EUR	5120	5120	1	5120	0	0
NATMXB	NAT_HGDP	21	29	sim_015	EUR	3462	3407	0.9841132293471981	3429	22	55
NATMXB	NAT_HGDP	21	29	sim_015	AFR	1658	1636	0.9867310012062727	1691	55	22
NATMXB	NAT_HGDP	21	30	sim_015	EUR	5120	4962	0.969140625	4962	0	158
NATMXB	NAT_HGDP	21	31	sim_016	EUR	5120	4947	0.9662109375	4947	0	173
NATMXB	NAT_HGDP	21	32	sim_016	NAT	524	524	1	629	105	0
NATMXB	NAT_HGDP	21	32	sim_016	EUR	4391	4353	0.9913459348667729	4353	0	38
NATMXB	NAT_HGDP	21	32	sim_016	AFR	205	133	0.6487804878048781	138	5	72
NATMXB	NAT_HGDP	21	33	sim_017	EUR	4538	4538	1	4649	111	0
NATMXB	NAT_HGDP	21	33	sim_017	AFR	582	471	0.8092783505154639	471	0	111
NATMXB	NAT_HGDP	21	34	sim_017	NAT	1753	1753	1	1775	22	0
NATMXB	NAT_HGDP	21	34	sim_017	EUR	2414	2392	0.9908864954432477	2417	25	22
NATMXB	NAT_HGDP	21	34	sim_017	AFR	953	928	0.9737670514165793	928	0	25
NATMXB	NAT_HGDP	21	35	sim_018	NAT	358	345	0.9636871508379888	368	23	13
NATMXB	NAT_HGDP	21	35	sim_018	EUR	1742	1742	1	1742	0	0
NATMXB	NAT_HGDP	21	35	sim_018	AFR	3020	2997	0.9923841059602649	3010	13	23
NATMXB	NAT_HGDP	21	36	sim_018	EUR	4044	4039	0.9987636003956478	4047	8	5
NATMXB	NAT_HGDP	21	36	sim_018	AFR	1076	1068	0.9925650557620818	1073	5	8
NATMXB	NAT_HGDP	21	37	sim_019	NAT	280	280	1	323	43	0
NATMXB	NAT_HGDP	21	37	sim_019	EUR	3230	3084	0.9547987616099072	3086	2	146
NATMXB	NAT_HGDP	21	37	sim_019	AFR	1610	1608	0.9987577639751553	1711	103	2
NATMXB	NAT_HGDP	21	38	sim_019	NAT	991	991	1	999	8	0
NATMXB	NAT_HGDP	21	38	sim_019	EUR	1266	1250	0.9873617693522907	1321	71	16
NATMXB	NAT_HGDP	21	38	sim_019	AFR	2863	2784	0.9724065665385959	2800	16	79
NATMXB	NAT_HGDP	21	39	sim_020	EUR	4000	3740	0.935	3740	0	260
NATMXB	NAT_HGDP	21	39	sim_020	AFR	1120	1120	1	1380	260	0
NATMXB	NAT_HGDP	21	40	sim_020	NAT	1098	1013	0.9225865209471766	1067	54	85
NATMXB	NAT_HGDP	21	40	sim_020	EUR	1524	1524	1	1613	89	0
NATMXB	NAT_HGDP	21	40	sim_020	AFR	2498	2440	0.9767814251401121	2440	0	58
NATMXB	NAT_HGDP	21	41	sim_021	EUR	4498	4308	0.9577590040017786	4322	14	190
NATMXB	NAT_HGDP	21	41	sim_021	AFR	622	608	0.977491961414791	798	190	14
NATMXB	NAT_HGDP	21	42	sim_021	EUR	4840	4788	0.9892561983471074	4931	143	52
NATMXB	NAT_HGDP	21	42	sim_021	AFR	280	137	0.48928571428571427	189	52	143
NATMXB	NAT_HGDP	21	43	sim_022	NAT	1305	1303	0.9984674329501916	1303	0	2
NATMXB	NAT_HGDP	21	43	sim_022	EUR	1600	1502	0.93875	1539	37	98
NATMXB	NAT_HGDP	21	43	sim_022	AFR	2215	2180	0.9841986455981941	2278	98	35
NATMXB	NAT_HGDP	21	44	sim_022	NAT	352	335	0.9517045454545454	344	9	17
NATMXB	NAT_HGDP	21	44	sim_022	EUR	3433	3416	0.9950480629187299	3416	0	17
NATMXB	NAT_HGDP	21	44	sim_022	AFR	1335	1326	0.9932584269662922	1360	34	9
NATMXB	NAT_HGDP	21	45	sim_023	EUR	5120	5120	1	5120	0	0
NATMXB	NAT_HGDP	21	46	sim_023	NAT	344	310	0.9011627906976745	327	17	34
NATMXB	NAT_HGDP	21	46	sim_023	EUR	4776	4759	0.9964405360134003	4793	34	17
NATMXB	NAT_HGDP	21	47	sim_024	EUR	5120	5120	1	5120	0	0
NATMXB	NAT_HGDP	21	48	sim_024	NAT	4843	4839	0.9991740656617799	4923	84	4
NATMXB	NAT_HGDP	21	48	sim_024	EUR	263	193	0.7338403041825095	197	4	70
NATMXB	NAT_HGDP	21	48	sim_024	AFR	14	0	0	0	0	14
NATMXB	NAT_HGDP	21	49	sim_025	NAT	2298	2295	0.9986945169712794	2405	110	3
NATMXB	NAT_HGDP	21	49	sim_025	EUR	2489	2365	0.9501807955002008	2388	23	124
NATMXB	NAT_HGDP	21	49	sim_025	AFR	333	313	0.93993993993994	327	14	20
NATMXB	NAT_HGDP	21	50	sim_025	EUR	4164	4093	0.9829490874159462	4093	0	71
NATMXB	NAT_HGDP	21	50	sim_025	AFR	956	956	1	1027	71	0
NATMXB	NAT_HGDP	21	51	sim_026	EUR	5120	5120	1	5120	0	0
NATMXB	NAT_HGDP	21	52	sim_026	NAT	2054	2031	0.9888023369036028	2112	81	23
NATMXB	NAT_HGDP	21	52	sim_026	EUR	3066	2985	0.9735812133072407	3008	23	81
NATMXB	NAT_HGDP	21	53	sim_027	EUR	5120	5120	1	5120	0	0
NATMXB	NAT_HGDP	21	54	sim_027	NAT	1974	1801	0.9123606889564336	1801	0	173
NATMXB	NAT_HGDP	21	54	sim_027	EUR	2404	2399	0.9979201331114809	2572	173	5
NATMXB	NAT_HGDP	21	54	sim_027	AFR	742	742	1	747	5	0
NATMXB	NAT_HGDP	21	55	sim_028	EUR	3064	2937	0.9585509138381201	2949	12	127
NATMXB	NAT_HGDP	21	55	sim_028	AFR	2056	2044	0.9941634241245136	2171	127	12
NATMXB	NAT_HGDP	21	56	sim_028	NAT	225	0	0	0	0	225
NATMXB	NAT_HGDP	21	56	sim_028	EUR	4895	4895	1	5120	225	0
NATMXB	NAT_HGDP	21	57	sim_029	NAT	1242	1242	1	1250	8	0
NATMXB	NAT_HGDP	21	57	sim_029	EUR	2890	2890	1	2945	55	0
NATMXB	NAT_HGDP	21	57	sim_029	AFR	988	925	0.9362348178137652	925	0	63
NATMXB	NAT_HGDP	21	58	sim_029	NAT	3097	3097	1	3675	578	0
NATMXB	NAT_HGDP	21	58	sim_029	EUR	1798	1216	0.6763070077864294	1216	0	582
NATMXB	NAT_HGDP	21	58	sim_029	AFR	225	225	1	229	4	0
NATMXB	NAT_HGDP	21	59	sim_030	NAT	2051	1666	0.8122866894197952	1740	74	385
NATMXB	NAT_HGDP	21	59	sim_030	EUR	3069	2995	0.9758879113717823	3380	385	74
NATMXB	NAT_HGDP	21	60	sim_030	EUR	2026	2026	1	2026	0	0
NATMXB	NAT_HGDP	21	60	sim_030	AFR	3094	3094	1	3094	0	0
NAT	NAT_PEL	21	1	sim_001	NAT	21	0	0	0	0	21
NAT	NAT_PEL	21	1	sim_001	EUR	4637	4593	0.9905111063187406	4614	21	44
NAT	NAT_PEL	21	1	sim_001	AFR	462	462	1	506	44	0
NAT	NAT_PEL	21	2	sim_001	EUR	4312	4278	0.9921150278293135	4279	1	34
NAT	NAT_PEL	21	2	sim_001	AFR	808	807	0.9987623762376238	841	34	1
NAT	NAT_PEL	21	3	sim_002	NAT	817	418	0.5116279069767442	418	0	399
NAT	NAT_PEL	21	3	sim_002	EUR	4303	4303	1	4702	399	0
NAT	NAT_PEL	21	4	sim_002	NAT	1217	1212	0.9958915365653246	1341	129	5
NAT	NAT_PEL	21	4	sim_002	EUR	2399	2333	0.972488536890371	2578	245	66
NAT	NAT_PEL	21	4	sim_002	AFR	1504	1200	0.7978723404255319	1201	1	304
NAT	NAT_PEL	21	5	sim_003	EUR	5120	5120	1	5120	0	0
NAT	NAT_PEL	21	6	sim_003	EUR	1827	1808	0.9896004378762999	1863	55	19
NAT	NAT_PEL	21	6	sim_003	AFR	3293	3238	0.9832979046462192	3257	19	55
NAT	NAT_PEL	21	7	sim_004	NAT	4	0	0	0	0	4
NAT	NAT_PEL	21	7	sim_004	EUR	3755	3539	0.9424766977363516	3543	4	216
NAT	NAT_PEL	21	7	sim_004	AFR	1361	1361	1	1577	216	0
NAT	NAT_PEL	21	8	sim_004	NAT	376	358	0.9521276595744681	390	32	18
NAT	NAT_PEL	21	8	sim_004	EUR	3186	3138	0.9849340866290018	3150	12	48
NAT	NAT_PEL	21	8	sim_004	AFR	1558	1546	0.9922978177150192	1580	34	12
NAT	NAT_PEL	21	9	sim_005	NAT	128	127	0.9921875	210	83	1
NAT	NAT_PEL	21	9	sim_005	EUR	3613	3538	0.9792416274564074	3539	1	75
NAT	NAT_PEL	21	9	sim_005	AFR	1379	1351	0.9796954314720813	1371	20	28
NAT	NAT_PEL	21	10	sim_005	EUR	3921	3921	1	3997	76	0
NAT	NAT_PEL	21	10	sim_005	AFR	1199	1123	0.9366138448707256	1123	0	76
NAT	NAT_PEL	21	11	sim_006	NAT	200	157	0.785	157	0	43
NAT	NAT_PEL	21	11	sim_006	EUR	3582	3577	0.9986041317699609	3673	96	5
NAT	NAT_PEL	21	11	sim_006	AFR	1338	1285	0.9603886397608371	1290	5	53
NAT	NAT_PEL	21	12	sim_006	NAT	3224	3202	0.9931761786600496	3241	39	22
NAT	NAT_PEL	21	12	sim_006	EUR	1857	1857	1	1879	22	0
NAT	NAT_PEL	21	12	sim_006	AFR	39	0	0	0	0	39
NAT	NAT_PEL	21	13	sim_007	NAT	1666	1658	0.9951980792316927	1719	61	8
NAT	NAT_PEL	21	13	sim_007	EUR	2469	2408	0.9752936411502633	2416	8	61
NAT	NAT_PEL	21	13	sim_007	AFR	985	985	1	985	0	0
NAT	NAT_PEL	21	14	sim_007	EUR	5025	4949	0.9848756218905472	5044	95	76
NAT	NAT_PEL	21	14	sim_007	AFR	95	0	0	76	76	95
NAT	NAT_PEL	21	15	sim_008	NAT	2649	2649	1	2743	94	0
NAT	NAT_PEL	21	15	sim_008	EUR	2471	2220	0.8984216916228248	2220	0	251
NAT	NAT_PEL	21	16	sim_008	NAT	46	0	0	0	0	46
NAT	NAT_PEL	21	16	sim_008	EUR	3036	2687	0.8850461133069829	2813	126	349
NAT	NAT_PEL	21	16	sim_008	AFR	2038	1912	0.9381746810598626	2307	395	126
NAT	NAT_PEL	21	17	sim_009	EUR	1007	693	0.6881827209533267	695	2	314
NAT	NAT_PEL	21	17	sim_009	AFR	4113	4111	0.99951373693168	4255	144	2
NAT	NAT_PEL	21	18	sim_009	NAT	418	418	1	418	0	0
NAT	NAT_PEL	21	18	sim_009	EUR	3815	3804	0.9971166448230668	3918	114	11
NAT	NAT_PEL	21	18	sim_009	AFR	887	773	0.8714768883878241	784	11	114
NAT	NAT_PEL	21	19	sim_010	NAT	787	787	1	800	13	0
NAT	NAT_PEL	21	19	sim_010	EUR	1283	1249	0.9734996102883866	1256	7	34
NAT	NAT_PEL	21	19	sim_010	AFR	3050	3043	0.9977049180327869	3064	21	7
NAT	NAT_PEL	21	20	sim_010	NAT	1445	1425	0.986159169550173	1488	63	20
NAT	NAT_PEL	21	20	sim_010	EUR	3140	3070	0.9777070063694268	3070	0	70
NAT	NAT_PEL	21	20	sim_010	AFR	535	535	1	562	27	0
NAT	NAT_PEL	21	21	sim_011	EUR	3195	3190	0.9984350547730829	3242	52	5
NAT	NAT_PEL	21	21	sim_011	AFR	1925	1873	0.972987012987013	1878	5	52
NAT	NAT_PEL	21	22	sim_011	NAT	4923	4913	0.9979687182612228	4913	0	10
NAT	NAT_PEL	21	22	sim_011	EUR	197	197	1	207	10	0
NAT	NAT_PEL	21	23	sim_012	NAT	2861	2822	0.9863684026564138	2862	40	39
NAT	NAT_PEL	21	23	sim_012	EUR	2055	2015	0.9805352798053528	2258	243	40
NAT	NAT_PEL	21	23	sim_012	AFR	204	0	0	0	0	204
NAT	NAT_PEL	21	24	sim_012	NAT	1041	1037	0.9961575408261287	1101	64	4
NAT	NAT_PEL	21	24	sim_012	EUR	1028	885	0.8608949416342413	968	83	143
NAT	NAT_PEL	21	24	sim_012	AFR	3051	2968	0.9727958046542118	3051	83	83
NAT	NAT_PEL	21	25	sim_013	NAT	871	869	0.9977037887485649	869	0	2
NAT	NAT_PEL	21	25	sim_013	EUR	3917	3712	0.9476640285933112	3731	19	205
NAT	NAT_PEL	21	25	sim_013	AFR	332	313	0.9427710843373494	520	207	19
NAT	NAT_PEL	21	26	sim_013	NAT	2007	1982	0.9875435974090683	1998	16	25
NAT	NAT_PEL	21	26	sim_013	EUR	3113	3097	0.9948602634115001	3122	25	16
NAT	NAT_PEL	21	27	sim_014	NAT	5	0	0	0	0	5
NAT	NAT_PEL	21	27	sim_014	EUR	4891	4890	0.9997955428337764	4902	12	1
NAT	NAT_PEL	21	27	sim_014	AFR	224	217	0.96875	218	1	7
NAT	NAT_PEL	21	28	sim_014	NAT	4603	4258	0.9250488811644579	4298	40	345
NAT	NAT_PEL	21	28	sim_014	EUR	517	477	0.9226305609284333	638	161	40
NAT	NAT_PEL	21	29	sim_015	NAT	333	285	0.8558558558558559	285	0	48
NAT	NAT_PEL	21	29	sim_015	EUR	503	164	0.3260437375745527	217	53	339
NAT	NAT_PEL	21	29	sim_015	AFR	4284	4279	0.9988328664799253	4618	339	5
NAT	NAT_PEL	21	30	sim_015	EUR	3177	3177	1	3177	0	0
NAT	NAT_PEL	21	30	sim_015	AFR	1943	1943	1	1943	0	0
NAT	NAT_PEL	21	31	sim_016	NAT	144	0	0	0	0	144
NAT	NAT_PEL	21	31	sim_016	EUR	4119	4095	0.9941733430444283	4299	204	24
NAT	NAT_PEL	21	31	sim_016	AFR	857	797	0.9299883313885647	821	24	60
NAT	NAT_PEL	21	32	sim_016	EUR	4390	4251	0.9683371298405467	4253	2	139
NAT	NAT_PEL	21	32	sim_016	AFR	730	728	0.9972602739726028	867	139	2
NAT	NAT_PEL	21	33	sim_017	EUR	4879	4850	0.9940561590489855	4878	28	29
NAT	NAT_PEL	21	33	sim_017	AFR	241	213	0.8838174273858921	242	29	28
NAT	NAT_PEL	21	34	sim_017	NAT	97	97	1	166	69	0
NAT	NAT_PEL	21	34	sim_017	EUR	4950	4751	0.9597979797979798	4751	0	199
NAT	NAT_PEL	21	34	sim_017	AFR	73	73	1	203	130	0
NAT	NAT_PEL	21	35	sim_018	NAT	593	581	0.9797639123102867	636	55	12
NAT	NAT_PEL	21	35	sim_018	EUR	4527	4472	0.9878506737353656	4484	12	55
NAT	NAT_PEL	21	36	sim_018	NAT	1460	1460	1	1644	184	0
NAT	NAT_PEL	21	36	sim_018	EUR	2435	2099	0.8620123203285421	2170	71	336
NAT	NAT_PEL	21	36	sim_018	AFR	1225	1148	0.9371428571428572	1306	158	77
NAT	NAT_PEL	21	37	sim_019	NAT	414	414	1	443	29	0
NAT	NAT_PEL	21	37	sim_019	EUR	1863	1741	0.9345142243692969	1767	26	122
NAT	NAT_PEL	21	37	sim_019	AFR	2843	2788	0.9806542384804784	2910	122	55
NAT	NAT_PEL	21	38	sim_019	NAT	49	22	0.4489795918367347	30	8	27
NAT	NAT_PEL	21	38	sim_019	EUR	2208	2095	0.948822463768116	2095	0	113
NAT	NAT_PEL	21	38	sim_019	AFR	2863	2863	1	2995	132	0
NAT	NAT_PEL	21	39	sim_020	NAT	1411	1411	1	1417	6	0
NAT	NAT_PEL	21	39	sim_020	EUR	1745	1739	0.9965616045845272	1739	0	6
NAT	NAT_PEL	21	39	sim_020	AFR	1964	1964	1	1964	0	0
NAT	NAT_PEL	21	40	sim_020	NAT	3037	3034	0.9990121830754034	3147	113	3
NAT	NAT_PEL	21	40	sim_020	AFR	2083	1970	0.9457513202112338	1973	3	113
NAT	NAT_PEL	21	41	sim_021	EUR	4588	4570	0.9960767218831735	4570	0	18
NAT	NAT_PEL	21	41	sim_021	AFR	532	532	1	550	18	0
NAT	NAT_PEL	21	42	sim_021	NAT	565	562	0.9946902654867257	562	0	3
NAT	NAT_PEL	21	42	sim_021	EUR	3052	3022	0.990170380078637	3025	3	30
NAT	NAT_PEL	21	42	sim_021	AFR	1503	1503	1	1533	30	0
NAT	NAT_PEL	21	43	sim_022	EUR	4384	4293	0.979242700729927	4293	0	91
NAT	NAT_PEL	21	43	sim_022	AFR	736	736	1	827	91	0
NAT	NAT_PEL	21	44	sim_022	NAT	497	484	0.9738430583501007	611	127	13
NAT	NAT_PEL	21	44	sim_022	EUR	4623	4496	0.972528661042613	4509	13	127
NAT	NAT_PEL	21	45	sim_023	EUR	1991	1968	0.9884480160723255	1968	0	23
NAT	NAT_PEL	21	45	sim_023	AFR	3129	3129	1	3152	23	0
NAT	NAT_PEL	21	46	sim_023	NAT	2121	2037	0.9603960396039604	2198	161	84
NAT	NAT_PEL	21	46	sim_023	EUR	2551	2408	0.9439435515484124	2493	85	143
NAT	NAT_PEL	21	46	sim_023	AFR	448	429	0.9575892857142857	429	0	19
NAT	NAT_PEL	21	47	sim_024	EUR	4854	4854	1	4870	16	0
NAT	NAT_PEL	21	47	sim_024	AFR	266	250	0.9398496240601504	250	0	16
NAT	NAT_PEL	21	48	sim_024	NAT	9	0	0	0	0	9
NAT	NAT_PEL	21	48	sim_024	EUR	4702	4702	1	4714	12	0
NAT	NAT_PEL	21	48	sim_024	AFR	409	406	0.9926650366748166	406	0	3
NAT	NAT_PEL	21	49	sim_025	EUR	3266	3261	0.9984690753214942	3261	0	5
NAT	NAT_PEL	21	49	sim_025	AFR	1854	1854	1	1859	5	0
NAT	NAT_PEL	21	50	sim_025	EUR	4619	4609	0.9978350292271054	4609	0	10
NAT	NAT_PEL	21	50	sim_025	AFR	501	501	1	511	10	0
NAT	NAT_PEL	21	51	sim_026	NAT	614	608	0.990228013029316	608	0	6
NAT	NAT_PEL	21	51	sim_026	EUR	712	587	0.824438202247191	587	0	125
NAT	NAT_PEL	21	51	sim_026	AFR	3794	3794	1	3925	131	0
NAT	NAT_PEL	21	52	sim_026	NAT	421	421	1	507	86	0
NAT	NAT_PEL	21	52	sim_026	EUR	4491	4405	0.980850590069027	4406	1	86
NAT	NAT_PEL	21	52	sim_026	AFR	208	207	0.9951923076923077	207	0	1
NAT	NAT_PEL	21	53	sim_027	EUR	3104	3027	0.9751932989690721	3055	28	77
NAT	NAT_PEL	21	53	sim_027	AFR	2016	1988	0.9861111111111112	2065	77	28
NAT	NAT_PEL	21	54	sim_027	NAT	1820	1813	0.9961538461538462	2038	225	7
NAT	NAT_PEL	21	54	sim_027	EUR	3236	2877	0.8890605686032138	2948	71	359
NAT	NAT_PEL	21	54	sim_027	AFR	64	0	0	134	134	64
NAT	NAT_PEL	21	55	sim_028	NAT	3396	3395	0.9997055359246172	3438	43	1
NAT	NAT_PEL	21	55	sim_028	EUR	1357	1314	0.9683124539425203	1413	99	43
NAT	NAT_PEL	21	55	sim_028	AFR	367	269	0.7329700272479565	269	0	98
NAT	NAT_PEL	21	56	sim_028	NAT	2214	1831	0.8270099367660343	1925	94	383
NAT	NAT_PEL	21	56	sim_028	EUR	2906	2812	0.9676531314521679	3195	383	94
NAT	NAT_PEL	21	57	sim_029	EUR	2725	2687	0.9860550458715597	2689	2	38
NAT	NAT_PEL	21	57	sim_029	AFR	2395	2393	0.9991649269311065	2431	38	2
NAT	NAT_PEL	21	58	sim_029	NAT	2860	2282	0.7979020979020979	2292	10	578
NAT	NAT_PEL	21	58	sim_029	EUR	1882	1872	0.9946865037194474	2349	477	10
NAT	NAT_PEL	21	58	sim_029	AFR	378	353	0.9338624338624338	479	126	25
NAT	NAT_PEL	21	59	sim_030	EUR	2134	2086	0.9775070290534208	2086	0	48
NAT	NAT_PEL	21	59	sim_030	AFR	2986	2986	1	3034	48	0
NAT	NAT_PEL	21	60	sim_030	NAT	347	347	1	578	231	0
NAT	NAT_PEL	21	60	sim_030	EUR	4657	4452	0.9559802447927851	4462	10	205
NAT	NAT_PEL	21	60	sim_030	AFR	116	80	0.6896551724137931	80	0	36
NATMXB	NAT_PEL	21	1	sim_001	NAT	43	0	0	0	0	43
NATMXB	NAT_PEL	21	1	sim_001	EUR	3224	3090	0.9584367245657568	3213	123	134
NATMXB	NAT_PEL	21	1	sim_001	AFR	1853	1766	0.9530491095520777	1907	141	87
NATMXB	NAT_PEL	21	2	sim_001	NAT	785	218	0.27770700636942675	225	7	567
NATMXB	NAT_PEL	21	2	sim_001	EUR	3637	3634	0.9991751443497388	4208	574	3
NATMXB	NAT_PEL	21	2	sim_001	AFR	698	687	0.9842406876790831	687	0	11
NATMXB	NAT_PEL	21	3	sim_002	EUR	4562	4562	1	4562	0	0
NATMXB	NAT_PEL	21	3	sim_002	AFR	558	558	1	558	0	0
NATMXB	NAT_PEL	21	4	sim_002	NAT	1930	1799	0.9321243523316062	1886	87	131
NATMXB	NAT_PEL	21	4	sim_002	EUR	3190	3103	0.9727272727272728	3234	131	87
NATMXB	NAT_PEL	21	5	sim_003	NAT	1966	1966	1	1966	0	0
NATMXB	NAT_PEL	21	5	sim_003	AFR	3154	3154	1	3154	0	0
NATMXB	NAT_PEL	21	6	sim_003	NAT	1666	1666	1	1711	45	0
NATMXB	NAT_PEL	21	6	sim_003	EUR	3027	2716	0.8972580112322431	2716	0	311
NATMXB	NAT_PEL	21	6	sim_003	AFR	427	427	1	693	266	0
NATMXB	NAT_PEL	21	7	sim_004	NAT	1788	1788	1	1913	125	0
NATMXB	NAT_PEL	21	7	sim_004	EUR	3332	3207	0.962484993997599	3207	0	125
NATMXB	NAT_PEL	21	8	sim_004	EUR	4512	4497	0.9966755319148937	4647	150	15
NATMXB	NAT_PEL	21	8	sim_004	AFR	608	458	0.7532894736842105	473	15	150
NATMXB	NAT_PEL	21	9	sim_005	EUR	5100	5100	1	5120	20	0
NATMXB	NAT_PEL	21	9	sim_005	AFR	20	0	0	0	0	20
NATMXB	NAT_PEL	21	10	sim_005	NAT	289	289	1	289	0	0
NATMXB	NAT_PEL	21	10	sim_005	EUR	4380	4053	0.9253424657534246	4065	12	327
NATMXB	NAT_PEL	21	10	sim_005	AFR	451	439	0.9733924611973392	766	327	12
NATMXB	NAT_PEL	21	11	sim_006	NAT	1118	1118	1	1119	1	0
NATMXB	NAT_PEL	21	11	sim_006	EUR	1930	1926	0.9979274611398964	1926	0	4
NATMXB	NAT_PEL	21	11	sim_006	AFR	2072	2072	1	2075	3	0
NATMXB	NAT_PEL	21	12	sim_006	NAT	1749	1749	1	1768	19	0
NATMXB	NAT_PEL	21	12	sim_006	EUR	2186	2152	0.9844464775846294	2170	18	34
NATMXB	NAT_PEL	21	12	sim_006	AFR	1185	1153	0.9729957805907173	1182	29	32
NATMXB	NAT_PEL	21	13	sim_007	NAT	1059	1058	0.9990557129367328	1069	11	1
NATMXB	NAT_PEL	21	13	sim_007	EUR	3427	3386	0.9880361832506566	3415	29	41
NATMXB	NAT_PEL	21	13	sim_007	AFR	634	606	0.9558359621451105	636	30	28
NATMXB	NAT_PEL	21	14	sim_007	EUR	3147	3146	0.9996822370511599	3164	18	1
NATMXB	NAT_PEL	21	14	sim_007	AFR	1973	1955	0.9908768373035985	1956	1	18
NATMXB	NAT_PEL	21	15	sim_008	NAT	422	422	1	892	470	0
NATMXB	NAT_PEL	21	15	sim_008	EUR	4698	4228	0.8999574286930608	4228	0	470
NATMXB	NAT_PEL	21	16	sim_008	NAT	418	418	1	418	0	0
NATMXB	NAT_PEL	21	16	sim_008	EUR	4702	4530	0.963419821352616	4530	0	172
NATMXB	NAT_PEL	21	17	sim_009	NAT	1241	1140	0.9186140209508461	1146	6	101
NATMXB	NAT_PEL	21	17	sim_009	EUR	1581	1430	0.9044908285895004	1528	98	151
NATMXB	NAT_PEL	21	17	sim_009	AFR	2298	2298	1	2446	148	0
NATMXB	NAT_PEL	21	18	sim_009	NAT	25	0	0	0	0	25
NATMXB	NAT_PEL	21	18	sim_009	EUR	3793	3793	1	3797	4	0
NATMXB	NAT_PEL	21	18	sim_009	AFR	1302	1298	0.9969278033794163	1323	25	4
NATMXB	NAT_PEL	21	19	sim_010	NAT	3396	3388	0.9976442873969376	3606	218	8
NATMXB	NAT_PEL	21	19	sim_010	EUR	1724	1506	0.8735498839907193	1514	8	218
NATMXB	NAT_PEL	21	20	sim_010	NAT	702	702	1	761	59	0
NATMXB	NAT_PEL	21	20	sim_010	EUR	3845	3786	0.9846553966189857	3856	70	59
NATMXB	NAT_PEL	21	20	sim_010	AFR	573	503	0.8778359511343804	503	0	70
NATMXB	NAT_PEL	21	21	sim_011	NAT	18	0	0	0	0	18
NATMXB	NAT_PEL	21	21	sim_011	EUR	4486	4476	0.9977708426214891	4476	0	10
NATMXB	NAT_PEL	21	21	sim_011	AFR	616	616	1	644	28	0
NATMXB	NAT_PEL	21	22	sim_011	NAT	2742	2742	1	2794	52	0
NATMXB	NAT_PEL	21	22	sim_011	EUR	1338	1130	0.8445440956651719	1130	0	208
NATMXB	NAT_PEL	21	22	sim_011	AFR	1040	1039	0.9990384615384615	1196	157	1
NATMXB	NAT_PEL	21	23	sim_012	NAT	126	0	0	138	138	126
NATMXB	NAT_PEL	21	23	sim_012	EUR	4834	4695	0.9712453454695904	4821	126	139
NATMXB	NAT_PEL	21	23	sim_012	AFR	160	160	1	161	1	0
NATMXB	NAT_PEL	21	24	sim_012	EUR	1806	1788	0.9900332225913622	1788	0	18
NATMXB	NAT_PEL	21	24	sim_012	AFR	3314	3314	1	3332	18	0
NATMXB	NAT_PEL	21	25	sim_013	NAT	679	644	0.9484536082474226	723	79	35
NATMXB	NAT_PEL	21	25	sim_013	EUR	2679	2600	0.9705113848450915	2732	132	79
NATMXB	NAT_PEL	21	25	sim_013	AFR	1762	1665	0.9449489216799092	1665	0	97
NATMXB	NAT_PEL	21	26	sim_013	NAT	52	0	0	0	0	52
NATMXB	NAT_PEL	21	26	sim_013	EUR	4702	4702	1	4702	0	0
NATMXB	NAT_PEL	21	26	sim_013	AFR	366	366	1	418	52	0
NATMXB	NAT_PEL	21	27	sim_014	NAT	1604	1300	0.8104738154613467	1360	60	304
NATMXB	NAT_PEL	21	27	sim_014	EUR	1875	1804	0.9621333333333333	2152	348	71
NATMXB	NAT_PEL	21	27	sim_014	AFR	1641	1595	0.9719683120048751	1608	13	46
NATMXB	NAT_PEL	21	28	sim_014	EUR	5120	5120	1	5120	0	0
NATMXB	NAT_PEL	21	29	sim_015	EUR	3462	3421	0.988157134604275	3538	117	41
NATMXB	NAT_PEL	21	29	sim_015	AFR	1658	1541	0.9294330518697226	1582	41	117
NATMXB	NAT_PEL	21	30	sim_015	EUR	5120	4973	0.9712890625	4973	0	147
NATMXB	NAT_PEL	21	31	sim_016	EUR	5120	5044	0.98515625	5044	0	76
NATMXB	NAT_PEL	21	32	sim_016	NAT	524	511	0.9751908396946565	584	73	13
NATMXB	NAT_PEL	21	32	sim_016	EUR	4391	4385	0.9986335686631747	4398	13	6
NATMXB	NAT_PEL	21	32	sim_016	AFR	205	133	0.6487804878048781	138	5	72
NATMXB	NAT_PEL	21	33	sim_017	EUR	4538	4428	0.9757602468047598	4539	111	110
NATMXB	NAT_PEL	21	33	sim_017	AFR	582	471	0.8092783505154639	581	110	111
NATMXB	NAT_PEL	21	34	sim_017	NAT	1753	1753	1	1792	39	0
NATMXB	NAT_PEL	21	34	sim_017	EUR	2414	2375	0.9838442419221209	2400	25	39
NATMXB	NAT_PEL	21	34	sim_017	AFR	953	928	0.9737670514165793	928	0	25
NATMXB	NAT_PEL	21	35	sim_018	NAT	358	332	0.9273743016759777	332	0	26
NATMXB	NAT_PEL	21	35	sim_018	EUR	1742	1742	1	1742	0	0
NATMXB	NAT_PEL	21	35	sim_018	AFR	3020	3020	1	3046	26	0
NATMXB	NAT_PEL	21	36	sim_018	EUR	4044	3882	0.9599406528189911	3890	8	162
NATMXB	NAT_PEL	21	36	sim_018	AFR	1076	1068	0.9925650557620818	1093	25	8
NATMXB	NAT_PEL	21	37	sim_019	NAT	280	280	1	323	43	0
NATMXB	NAT_PEL	21	37	sim_019	EUR	3230	3084	0.9547987616099072	3086	2	146
NATMXB	NAT_PEL	21	37	sim_019	AFR	1610	1608	0.9987577639751553	1711	103	2
NATMXB	NAT_PEL	21	38	sim_019	NAT	991	991	1	993	2	0
NATMXB	NAT_PEL	21	38	sim_019	EUR	1266	1168	0.9225908372827805	1168	0	98
NATMXB	NAT_PEL	21	38	sim_019	AFR	2863	2861	0.9993014320642682	2959	98	2
NATMXB	NAT_PEL	21	39	sim_020	EUR	4000	3676	0.919	3676	0	324
NATMXB	NAT_PEL	21	39	sim_020	AFR	1120	1120	1	1444	324	0
NATMXB	NAT_PEL	21	40	sim_020	NAT	1098	1026	0.9344262295081968	1080	54	72
NATMXB	NAT_PEL	21	40	sim_020	EUR	1524	1524	1	1600	76	0
NATMXB	NAT_PEL	21	40	sim_020	AFR	2498	2440	0.9767814251401121	2440	0	58
NATMXB	NAT_PEL	21	41	sim_021	EUR	4498	4317	0.9597598932859048	4347	30	181
NATMXB	NAT_PEL	21	41	sim_021	AFR	622	592	0.9517684887459807	773	181	30
NATMXB	NAT_PEL	21	42	sim_021	EUR	4840	4788	0.9892561983471074	4931	143	52
NATMXB	NAT_PEL	21	42	sim_021	AFR	280	137	0.48928571428571427	189	52	143
NATMXB	NAT_PEL	21	43	sim_022	NAT	1305	1303	0.9984674329501916	1303	0	2
NATMXB	NAT_PEL	21	43	sim_022	EUR	1600	1502	0.93875	1539	37	98
NATMXB	NAT_PEL	21	43	sim_022	AFR	2215	2180	0.9841986455981941	2278	98	35
NATMXB	NAT_PEL	21	44	sim_022	NAT	352	335	0.9517045454545454	344	9	17
NATMXB	NAT_PEL	21	44	sim_022	EUR	3433	3433	1	3467	34	0
NATMXB	NAT_PEL	21	44	sim_022	AFR	1335	1292	0.9677902621722847	1309	17	43
NATMXB	NAT_PEL	21	45	sim_023	EUR	5120	5034	0.983203125	5034	0	86
NATMXB	NAT_PEL	21	46	sim_023	NAT	344	310	0.9011627906976745	327	17	34
NATMXB	NAT_PEL	21	46	sim_023	EUR	4776	4759	0.9964405360134003	4793	34	17
NATMXB	NAT_PEL	21	47	sim_024	EUR	5120	5120	1	5120	0	0
NATMXB	NAT_PEL	21	48	sim_024	NAT	4843	4839	0.9991740656617799	4923	84	4
NATMXB	NAT_PEL	21	48	sim_024	EUR	263	193	0.7338403041825095	197	4	70
NATMXB	NAT_PEL	21	48	sim_024	AFR	14	0	0	0	0	14
NATMXB	NAT_PEL	21	49	sim_025	NAT	2298	2295	0.9986945169712794	2405	110	3
NATMXB	NAT_PEL	21	49	sim_025	EUR	2489	2365	0.9501807955002008	2388	23	124
NATMXB	NAT_PEL	21	49	sim_025	AFR	333	313	0.93993993993994	327	14	20
NATMXB	NAT_PEL	21	50	sim_025	EUR	4164	4093	0.9829490874159462	4093	0	71
NATMXB	NAT_PEL	21	50	sim_025	AFR	956	956	1	1027	71	0
NATMXB	NAT_PEL	21	51	sim_026	EUR	5120	5120	1	5120	0	0
NATMXB	NAT_PEL	21	52	sim_026	NAT	2054	2026	0.9863680623174295	2152	126	28
NATMXB	NAT_PEL	21	52	sim_026	EUR	3066	2940	0.958904109589041	2968	28	126
NATMXB	NAT_PEL	21	53	sim_027	EUR	5120	5120	1	5120	0	0
NATMXB	NAT_PEL	21	54	sim_027	NAT	1974	1801	0.9123606889564336	1801	0	173
NATMXB	NAT_PEL	21	54	sim_027	EUR	2404	2399	0.9979201331114809	2572	173	5
NATMXB	NAT_PEL	21	54	sim_027	AFR	742	742	1	747	5	0
NATMXB	NAT_PEL	21	55	sim_028	EUR	3064	3060	0.9986945169712794	3087	27	4
NATMXB	NAT_PEL	21	55	sim_028	AFR	2056	2029	0.9868677042801557	2033	4	27
NATMXB	NAT_PEL	21	56	sim_028	NAT	225	225	1	275	50	0
NATMXB	NAT_PEL	21	56	sim_028	EUR	4895	4845	0.9897854954034729	4845	0	50
NATMXB	NAT_PEL	21	57	sim_029	NAT	1242	1242	1	1250	8	0
NATMXB	NAT_PEL	21	57	sim_029	EUR	2890	2890	1	2945	55	0
NATMXB	NAT_PEL	21	57	sim_029	AFR	988	925	0.9362348178137652	925	0	63
NATMXB	NAT_PEL	21	58	sim_029	NAT	3097	3097	1	3654	557	0
NATMXB	NAT_PEL	21	58	sim_029	EUR	1798	1241	0.6902113459399333	1309	68	557
NATMXB	NAT_PEL	21	58	sim_029	AFR	225	157	0.6977777777777778	157	0	68
NATMXB	NAT_PEL	21	59	sim_030	NAT	2051	1684	0.8210628961482204	1758	74	367
NATMXB	NAT_PEL	21	59	sim_030	EUR	3069	2995	0.9758879113717823	3362	367	74
NATMXB	NAT_PEL	21	60	sim_030	EUR	2026	2026	1	2026	0	0
NATMXB	NAT_PEL	21	60	sim_030	AFR	3094	3094	1	3094	0	0
NAT	NAT_PEL_EAS	21	1	sim_001	NAT	21	0	0	0	0	21
NAT	NAT_PEL_EAS	21	1	sim_001	EUR	4637	4593	0.9905111063187406	4614	21	44
NAT	NAT_PEL_EAS	21	1	sim_001	AFR	462	462	1	506	44	0
NAT	NAT_PEL_EAS	21	2	sim_001	EUR	4312	4182	0.9698515769944341	4183	1	130
NAT	NAT_PEL_EAS	21	2	sim_001	AFR	808	807	0.9987623762376238	937	130	1
NAT	NAT_PEL_EAS	21	3	sim_002	NAT	817	469	0.5740514075887393	691	222	348
NAT	NAT_PEL_EAS	21	3	sim_002	EUR	4303	4081	0.9484080873808971	4429	348	222
NAT	NAT_PEL_EAS	21	4	sim_002	NAT	1217	1020	0.838126540673788	1037	17	197
NAT	NAT_PEL_EAS	21	4	sim_002	EUR	2399	2391	0.9966652771988328	2663	272	8
NAT	NAT_PEL_EAS	21	4	sim_002	AFR	1504	1405	0.9341755319148937	1420	15	99
NAT	NAT_PEL_EAS	21	5	sim_003	EUR	5120	5120	1	5120	0	0
NAT	NAT_PEL_EAS	21	6	sim_003	EUR	1827	1808	0.9896004378762999	1863	55	19
NAT	NAT_PEL_EAS	21	6	sim_003	AFR	3293	3238	0.9832979046462192	3257	19	55
NAT	NAT_PEL_EAS	21	7	sim_004	NAT	4	0	0	0	0	4
NAT	NAT_PEL_EAS	21	7	sim_004	EUR	3755	3676	0.9789613848202396	3680	4	79
NAT	NAT_PEL_EAS	21	7	sim_004	AFR	1361	1361	1	1440	79	0
NAT	NAT_PEL_EAS	21	8	sim_004	NAT	376	358	0.9521276595744681	390	32	18
NAT	NAT_PEL_EAS	21	8	sim_004	EUR	3186	3138	0.9849340866290018	3150	12	48
NAT	NAT_PEL_EAS	21	8	sim_004	AFR	1558	1546	0.9922978177150192	1580	34	12
NAT	NAT_PEL_EAS	21	9	sim_005	NAT	128	105	0.8203125	150	45	23
NAT	NAT_PEL_EAS	21	9	sim_005	EUR	3613	3596	0.995294768890119	3626	30	17
NAT	NAT_PEL_EAS	21	9	sim_005	AFR	1379	1344	0.9746192893401016	1344	0	35
NAT	NAT_PEL_EAS	21	10	sim_005	EUR	3921	3921	1	3997	76	0
NAT	NAT_PEL_EAS	21	10	sim_005	AFR	1199	1123	0.9366138448707256	1123	0	76
NAT	NAT_PEL_EAS	21	11	sim_006	NAT	200	0	0	0	0	200
NAT	NAT_PEL_EAS	21	11	sim_006	EUR	3582	3577	0.9986041317699609	3830	253	5
NAT	NAT_PEL_EAS	21	11	sim_006	AFR	1338	1285	0.9603886397608371	1290	5	53
NAT	NAT_PEL_EAS	21	12	sim_006	NAT	3224	2981	0.9246277915632755	3020	39	243
NAT	NAT_PEL_EAS	21	12	sim_006	EUR	1857	1857	1	2100	243	0
NAT	NAT_PEL_EAS	21	12	sim_006	AFR	39	0	0	0	0	39
NAT	NAT_PEL_EAS	21	13	sim_007	NAT	1666	1634	0.9807923169267707	1634	0	32
NAT	NAT_PEL_EAS	21	13	sim_007	EUR	2469	2469	1	2501	32	0
NAT	NAT_PEL_EAS	21	13	sim_007	AFR	985	985	1	985	0	0
NAT	NAT_PEL_EAS	21	14	sim_007	EUR	5025	4863	0.9677611940298507	4863	0	162
NAT	NAT_PEL_EAS	21	14	sim_007	AFR	95	95	1	257	162	0
NAT	NAT_PEL_EAS	21	15	sim_008	NAT	2649	2645	0.9984899962249906	2707	62	4
NAT	NAT_PEL_EAS	21	15	sim_008	EUR	2471	2252	0.9113719142047754	2256	4	219
NAT	NAT_PEL_EAS	21	16	sim_008	NAT	46	46	1	600	554	0
NAT	NAT_PEL_EAS	21	16	sim_008	EUR	3036	2377	0.7829380764163373	2377	0	659
NAT	NAT_PEL_EAS	21	16	sim_008	AFR	2038	1845	0.9052993130520117	2143	298	193
NAT	NAT_PEL_EAS	21	17	sim_009	EUR	1007	627	0.6226415094339622	629	2	380
NAT	NAT_PEL_EAS	21	17	sim_009	AFR	4113	4111	0.99951373693168	4321	210	2
NAT	NAT_PEL_EAS	21	18	sim_009	NAT	418	418	1	490	72	0
NAT	NAT_PEL_EAS	21	18	sim_009	EUR	3815	3502	0.9179554390563565	3512	10	313
NAT	NAT_PEL_EAS	21	18	sim_009	AFR	887	877	0.9887260428410372	1118	241	10
NAT	NAT_PEL_EAS	21	19	sim_010	NAT	787	781	0.9923761118170267	916	135	6
NAT	NAT_PEL_EAS	21	19	sim_010	EUR	1283	1127	0.8784099766173032	1140	13	156
NAT	NAT_PEL_EAS	21	19	sim_010	AFR	3050	3043	0.9977049180327869	3064	21	7
NAT	NAT_PEL_EAS	21	20	sim_010	NAT	1445	1420	0.9826989619377162	1487	67	25
NAT	NAT_PEL_EAS	21	20	sim_010	EUR	3140	3073	0.9786624203821656	3083	10	67
NAT	NAT_PEL_EAS	21	20	sim_010	AFR	535	530	0.9906542056074766	550	20	5
NAT	NAT_PEL_EAS	21	21	sim_011	EUR	3195	3190	0.9984350547730829	3242	52	5
NAT	NAT_PEL_EAS	21	21	sim_011	AFR	1925	1873	0.972987012987013	1878	5	52
NAT	NAT_PEL_EAS	21	22	sim_011	NAT	4923	4913	0.9979687182612228	4913	0	10
NAT	NAT_PEL_EAS	21	22	sim_011	EUR	197	197	1	207	10	0
NAT	NAT_PEL_EAS	21	23	sim_012	NAT	2861	2450	0.8563439356868228	2482	32	411
NAT	NAT_PEL_EAS	21	23	sim_012	EUR	2055	2023	0.9844282238442822	2448	425	32
NAT	NAT_PEL_EAS	21	23	sim_012	AFR	204	190	0.9313725490196079	190	0	14
NAT	NAT_PEL_EAS	21	24	sim_012	NAT	1041	1037	0.9961575408261287	1158	121	4
NAT	NAT_PEL_EAS	21	24	sim_012	EUR	1028	885	0.8608949416342413	968	83	143
NAT	NAT_PEL_EAS	21	24	sim_012	AFR	3051	2968	0.9727958046542118	2994	26	83
NAT	NAT_PEL_EAS	21	25	sim_013	NAT	871	869	0.9977037887485649	869	0	2
NAT	NAT_PEL_EAS	21	25	sim_013	EUR	3917	3917	1	3917	0	0
NAT	NAT_PEL_EAS	21	25	sim_013	AFR	332	332	1	334	2	0
NAT	NAT_PEL_EAS	21	26	sim_013	NAT	2007	1580	0.7872446437468859	1596	16	427
NAT	NAT_PEL_EAS	21	26	sim_013	EUR	3113	3097	0.9948602634115001	3524	427	16
NAT	NAT_PEL_EAS	21	27	sim_014	NAT	5	0	0	169	169	5
NAT	NAT_PEL_EAS	21	27	sim_014	EUR	4891	4708	0.9625843385810673	4713	5	183
NAT	NAT_PEL_EAS	21	27	sim_014	AFR	224	217	0.96875	238	21	7
NAT	NAT_PEL_EAS	21	28	sim_014	NAT	4603	4191	0.9104931566369758	4231	40	412
NAT	NAT_PEL_EAS	21	28	sim_014	EUR	517	477	0.9226305609284333	705	228	40
NAT	NAT_PEL_EAS	21	29	sim_015	NAT	333	271	0.8138138138138138	271	0	62
NAT	NAT_PEL_EAS	21	29	sim_015	EUR	503	364	0.7236580516898609	418	54	139
NAT	NAT_PEL_EAS	21	29	sim_015	AFR	4284	4278	0.9985994397759104	4431	153	6
NAT	NAT_PEL_EAS	21	30	sim_015	EUR	3177	3177	1	3201	24	0
NAT	NAT_PEL_EAS	21	30	sim_015	AFR	1943	1919	0.9876479670612455	1919	0	24
NAT	NAT_PEL_EAS	21	31	sim_016	NAT	144	0	0	0	0	144
NAT	NAT_PEL_EAS	21	31	sim_016	EUR	4119	4095	0.9941733430444283	4299	204	24
NAT	NAT_PEL_EAS	21	31	sim_016	AFR	857	797	0.9299883313885647	821	24	60
NAT	NAT_PEL_EAS	21	32	sim_016	EUR	4390	4202	0.9571753986332574	4204	2	188
NAT	NAT_PEL_EAS	21	32	sim_016	AFR	730	728	0.9972602739726028	916	188	2
NAT	NAT_PEL_EAS	21	33	sim_017	EUR	4879	4850	0.9940561590489855	4878	28	29
NAT	NAT_PEL_EAS	21	33	sim_017	AFR	241	213	0.8838174273858921	242	29	28
NAT	NAT_PEL_EAS	21	34	sim_017	NAT	97	97	1	128	31	0
NAT	NAT_PEL_EAS	21	34	sim_017	EUR	4950	4915	0.9929292929292929	4915	0	35
NAT	NAT_PEL_EAS	21	34	sim_017	AFR	73	73	1	77	4	0
NAT	NAT_PEL_EAS	21	35	sim_018	NAT	593	581	0.9797639123102867	623	42	12
NAT	NAT_PEL_EAS	21	35	sim_018	EUR	4527	4485	0.9907223326706428	4497	12	42
NAT	NAT_PEL_EAS	21	36	sim_018	NAT	1460	1460	1	1536	76	0
NAT	NAT_PEL_EAS	21	36	sim_018	EUR	2435	2357	0.9679671457905544	2360	3	78
NAT	NAT_PEL_EAS	21	36	sim_018	AFR	1225	1216	0.9926530612244898	1224	8	9
NAT	NAT_PEL_EAS	21	37	sim_019	NAT	414	391	0.9444444444444444	405	14	23
NAT	NAT_PEL_EAS	21	37	sim_019	EUR	1863	1741	0.9345142243692969	1767	26	122
NAT	NAT_PEL_EAS	21	37	sim_019	AFR	2843	2803	0.9859303552585297	2948	145	40
NAT	NAT_PEL_EAS	21	38	sim_019	NAT	49	22	0.4489795918367347	320	298	27
NAT	NAT_PEL_EAS	21	38	sim_019	EUR	2208	1865	0.8446557971014492	1868	3	343
NAT	NAT_PEL_EAS	21	38	sim_019	AFR	2863	2860	0.9989521480964024	2932	72	3
NAT	NAT_PEL_EAS	21	39	sim_020	NAT	1411	1411	1	1417	6	0
NAT	NAT_PEL_EAS	21	39	sim_020	EUR	1745	1739	0.9965616045845272	1739	0	6
NAT	NAT_PEL_EAS	21	39	sim_020	AFR	1964	1964	1	1964	0	0
NAT	NAT_PEL_EAS	21	40	sim_020	NAT	3037	3037	1	3257	220	0
NAT	NAT_PEL_EAS	21	40	sim_020	AFR	2083	1863	0.8943831012962074	1863	0	220
NAT	NAT_PEL_EAS	21	41	sim_021	EUR	4588	4588	1	4596	8	0
NAT	NAT_PEL_EAS	21	41	sim_021	AFR	532	524	0.9849624060150376	524	0	8
NAT	NAT_PEL_EAS	21	42	sim_021	NAT	565	565	1	819	254	0
NAT	NAT_PEL_EAS	21	42	sim_021	EUR	3052	2768	0.9069462647444299	2768	0	284
NAT	NAT_PEL_EAS	21	42	sim_021	AFR	1503	1503	1	1533	30	0
NAT	NAT_PEL_EAS	21	43	sim_022	EUR	4384	4293	0.979242700729927	4293	0	91
NAT	NAT_PEL_EAS	21	43	sim_022	AFR	736	736	1	827	91	0
NAT	NAT_PEL_EAS	21	44	sim_022	NAT	497	468	0.9416498993963782	633	165	29
NAT	NAT_PEL_EAS	21	44	sim_022	EUR	4623	4458	0.9643088903309539	4487	29	165
NAT	NAT_PEL_EAS	21	45	sim_023	EUR	1991	1980	0.994475138121547	1980	0	11
NAT	NAT_PEL_EAS	21	45	sim_023	AFR	3129	3129	1	3140	11	0
NAT	NAT_PEL_EAS	21	46	sim_023	NAT	2121	2035	0.9594530881659594	2035	0	86
NAT	NAT_PEL_EAS	21	46	sim_023	EUR	2551	2551	1	2638	87	0
NAT	NAT_PEL_EAS	21	46	sim_023	AFR	448	447	0.9977678571428571	447	0	1
NAT	NAT_PEL_EAS	21	47	sim_024	EUR	4854	4854	1	4870	16	0
NAT	NAT_PEL_EAS	21	47	sim_024	AFR	266	250	0.9398496240601504	250	0	16
NAT	NAT_PEL_EAS	21	48	sim_024	NAT	9	0	0	0	0	9
NAT	NAT_PEL_EAS	21	48	sim_024	EUR	4702	4682	0.9957464908549554	4694	12	20
NAT	NAT_PEL_EAS	21	48	sim_024	AFR	409	406	0.9926650366748166	426	20	3
NAT	NAT_PEL_EAS	21	49	sim_025	EUR	3266	3261	0.9984690753214942	3272	11	5
NAT	NAT_PEL_EAS	21	49	sim_025	AFR	1854	1843	0.994066882416397	1848	5	11
NAT	NAT_PEL_EAS	21	50	sim_025	EUR	4619	4309	0.9328859060402684	4309	0	310
NAT	NAT_PEL_EAS	21	50	sim_025	AFR	501	501	1	593	92	0
NAT	NAT_PEL_EAS	21	51	sim_026	NAT	614	608	0.990228013029316	608	0	6
NAT	NAT_PEL_EAS	21	51	sim_026	EUR	712	587	0.824438202247191	587	0	125
NAT	NAT_PEL_EAS	21	51	sim_026	AFR	3794	3794	1	3925	131	0
NAT	NAT_PEL_EAS	21	52	sim_026	NAT	421	421	1	507	86	0
NAT	NAT_PEL_EAS	21	52	sim_026	EUR	4491	4405	0.980850590069027	4406	1	86
NAT	NAT_PEL_EAS	21	52	sim_026	AFR	208	207	0.9951923076923077	207	0	1
NAT	NAT_PEL_EAS	21	53	sim_027	EUR	3104	2996	0.9652061855670103	2997	1	108
NAT	NAT_PEL_EAS	21	53	sim_027	AFR	2016	2015	0.9995039682539683	2123	108	1
NAT	NAT_PEL_EAS	21	54	sim_027	NAT	1820	1724	0.9472527472527472	1724	0	96
NAT	NAT_PEL_EAS	21	54	sim_027	EUR	3236	3102	0.9585908529048207	3262	160	134
NAT	NAT_PEL_EAS	21	54	sim_027	AFR	64	0	0	134	134	64
NAT	NAT_PEL_EAS	21	55	sim_028	NAT	3396	3350	0.9864546525323911	3350	0	46
NAT	NAT_PEL_EAS	21	55	sim_028	EUR	1357	1357	1	1406	49	0
NAT	NAT_PEL_EAS	21	55	sim_028	AFR	367	364	0.9918256130790191	364	0	3
NAT	NAT_PEL_EAS	21	56	sim_028	NAT	2214	1432	0.6467931345980127	1526	94	782
NAT	NAT_PEL_EAS	21	56	sim_028	EUR	2906	2812	0.9676531314521679	3500	688	94
NAT	NAT_PEL_EAS	21	57	sim_029	EUR	2725	2503	0.9185321100917431	2505	2	222
NAT	NAT_PEL_EAS	21	57	sim_029	AFR	2395	2393	0.9991649269311065	2401	8	2
NAT	NAT_PEL_EAS	21	58	sim_029	NAT	2860	2520	0.8811188811188811	2560	40	340
NAT	NAT_PEL_EAS	21	58	sim_029	EUR	1882	1842	0.9787460148777896	2193	351	40
NAT	NAT_PEL_EAS	21	58	sim_029	AFR	378	353	0.9338624338624338	367	14	25
NAT	NAT_PEL_EAS	21	59	sim_030	EUR	2134	2129	0.9976569821930646	2133	4	5
NAT	NAT_PEL_EAS	21	59	sim_030	AFR	2986	2982	0.9986604152712659	2987	5	4
NAT	NAT_PEL_EAS	21	60	sim_030	NAT	347	347	1	431	84	0
NAT	NAT_PEL_EAS	21	60	sim_030	EUR	4657	4599	0.9875456302340563	4609	10	58
NAT	NAT_PEL_EAS	21	60	sim_030	AFR	116	80	0.6896551724137931	80	0	36
NATMXB	NAT_PEL_EAS	21	1	sim_001	NAT	43	0	0	0	0	43
NATMXB	NAT_PEL_EAS	21	1	sim_001	EUR	3224	3115	0.9661910669975186	3204	89	109
NATMXB	NAT_PEL_EAS	21	1	sim_001	AFR	1853	1800	0.9713977334052887	1916	116	53
NATMXB	NAT_PEL_EAS	21	2	sim_001	NAT	785	197	0.25095541401273885	201	4	588
NATMXB	NAT_PEL_EAS	21	2	sim_001	EUR	3637	3637	1	4232	595	0
NATMXB	NAT_PEL_EAS	21	2	sim_001	AFR	698	687	0.9842406876790831	687	0	11
NATMXB	NAT_PEL_EAS	21	3	sim_002	EUR	4562	4197	0.9199912319158264	4197	0	365
NATMXB	NAT_PEL_EAS	21	3	sim_002	AFR	558	558	1	923	365	0
NATMXB	NAT_PEL_EAS	21	4	sim_002	NAT	1930	1790	0.927461139896373	1810	20	140
NATMXB	NAT_PEL_EAS	21	4	sim_002	EUR	3190	3170	0.9937304075235109	3310	140	20
NATMXB	NAT_PEL_EAS	21	5	sim_003	NAT	1966	1966	1	1966	0	0
NATMXB	NAT_PEL_EAS	21	5	sim_003	AFR	3154	3154	1	3154	0	0
NATMXB	NAT_PEL_EAS	21	6	sim_003	NAT	1666	1479	0.8877551020408163	1479	0	187
NATMXB	NAT_PEL_EAS	21	6	sim_003	EUR	3027	2912	0.9620085893624051	3114	202	115
NATMXB	NAT_PEL_EAS	21	6	sim_003	AFR	427	412	0.9648711943793911	527	115	15
NATMXB	NAT_PEL_EAS	21	7	sim_004	NAT	1788	1788	1	1788	0	0
NATMXB	NAT_PEL_EAS	21	7	sim_004	EUR	3332	3332	1	3332	0	0
NATMXB	NAT_PEL_EAS	21	8	sim_004	EUR	4512	4477	0.9922429078014184	4627	150	35
NATMXB	NAT_PEL_EAS	21	8	sim_004	AFR	608	458	0.7532894736842105	493	35	150
NATMXB	NAT_PEL_EAS	21	9	sim_005	EUR	5100	5100	1	5120	20	0
NATMXB	NAT_PEL_EAS	21	9	sim_005	AFR	20	0	0	0	0	20
NATMXB	NAT_PEL_EAS	21	10	sim_005	NAT	289	289	1	402	113	0
NATMXB	NAT_PEL_EAS	21	10	sim_005	EUR	4380	3940	0.8995433789954338	3952	12	440
NATMXB	NAT_PEL_EAS	21	10	sim_005	AFR	451	439	0.9733924611973392	766	327	12
NATMXB	NAT_PEL_EAS	21	11	sim_006	NAT	1118	935	0.8363148479427549	935	0	183
NATMXB	NAT_PEL_EAS	21	11	sim_006	EUR	1930	1927	0.9984455958549223	2110	183	3
NATMXB	NAT_PEL_EAS	21	11	sim_006	AFR	2072	2072	1	2075	3	0
NATMXB	NAT_PEL_EAS	21	12	sim_006	NAT	1749	1749	1	1965	216	0
NATMXB	NAT_PEL_EAS	21	12	sim_006	EUR	2186	2152	0.9844464775846294	2170	18	34
NATMXB	NAT_PEL_EAS	21	12	sim_006	AFR	1185	985	0.8312236286919831	985	0	200
NATMXB	NAT_PEL_EAS	21	13	sim_007	NAT	1059	1025	0.9678942398489141	1025	0	34
NATMXB	NAT_PEL_EAS	21	13	sim_007	EUR	3427	3397	0.9912459877443829	3459	62	30
NATMXB	NAT_PEL_EAS	21	13	sim_007	AFR	634	606	0.9558359621451105	636	30	28
NATMXB	NAT_PEL_EAS	21	14	sim_007	EUR	3147	3133	0.9955513187162377	3133	0	14
NATMXB	NAT_PEL_EAS	21	14	sim_007	AFR	1973	1973	1	1987	14	0
NATMXB	NAT_PEL_EAS	21	15	sim_008	NAT	422	422	1	703	281	0
NATMXB	NAT_PEL_EAS	21	15	sim_008	EUR	4698	4397	0.9359301830566198	4397	0	301
NATMXB	NAT_PEL_EAS	21	16	sim_008	NAT	418	418	1	418	0	0
NATMXB	NAT_PEL_EAS	21	16	sim_008	EUR	4702	4530	0.963419821352616	4530	0	172
NATMXB	NAT_PEL_EAS	21	17	sim_009	NAT	1241	976	0.7864625302175665	976	0	265
NATMXB	NAT_PEL_EAS	21	17	sim_009	EUR	1581	1436	0.9082858950031626	1721	285	145
NATMXB	NAT_PEL_EAS	21	17	sim_009	AFR	2298	2278	0.9912967798085291	2423	145	20
NATMXB	NAT_PEL_EAS	21	18	sim_009	NAT	25	0	0	0	0	25
NATMXB	NAT_PEL_EAS	21	18	sim_009	EUR	3793	3793	1	3797	4	0
NATMXB	NAT_PEL_EAS	21	18	sim_009	AFR	1302	1298	0.9969278033794163	1323	25	4
NATMXB	NAT_PEL_EAS	21	19	sim_010	NAT	3396	3394	0.9994110718492344	3400	6	2
NATMXB	NAT_PEL_EAS	21	19	sim_010	EUR	1724	1718	0.9965197215777262	1720	2	6
NATMXB	NAT_PEL_EAS	21	20	sim_010	NAT	702	702	1	917	215	0
NATMXB	NAT_PEL_EAS	21	20	sim_010	EUR	3845	3630	0.9440832249674902	3700	70	215
NATMXB	NAT_PEL_EAS	21	20	sim_010	AFR	573	503	0.8778359511343804	503	0	70
NATMXB	NAT_PEL_EAS	21	21	sim_011	NAT	18	0	0	0	0	18
NATMXB	NAT_PEL_EAS	21	21	sim_011	EUR	4486	4476	0.9977708426214891	4476	0	10
NATMXB	NAT_PEL_EAS	21	21	sim_011	AFR	616	616	1	644	28	0
NATMXB	NAT_PEL_EAS	21	22	sim_011	NAT	2742	2742	1	2794	52	0
NATMXB	NAT_PEL_EAS	21	22	sim_011	EUR	1338	1130	0.8445440956651719	1130	0	208
NATMXB	NAT_PEL_EAS	21	22	sim_011	AFR	1040	1039	0.9990384615384615	1196	157	1
NATMXB	NAT_PEL_EAS	21	23	sim_012	NAT	126	0	0	236	236	126
NATMXB	NAT_PEL_EAS	21	23	sim_012	EUR	4834	4458	0.922217625155151	4584	126	376
NATMXB	NAT_PEL_EAS	21	23	sim_012	AFR	160	160	1	300	140	0
NATMXB	NAT_PEL_EAS	21	24	sim_012	EUR	1806	1768	0.9789590254706534	1768	0	38
NATMXB	NAT_PEL_EAS	21	24	sim_012	AFR	3314	3314	1	3332	18	0
NATMXB	NAT_PEL_EAS	21	25	sim_013	NAT	679	623	0.9175257731958762	780	157	56
NATMXB	NAT_PEL_EAS	21	25	sim_013	EUR	2679	2504	0.9346771183277343	2657	153	175
NATMXB	NAT_PEL_EAS	21	25	sim_013	AFR	1762	1601	0.9086265607264472	1683	82	161
NATMXB	NAT_PEL_EAS	21	26	sim_013	NAT	52	52	1	129	77	0
NATMXB	NAT_PEL_EAS	21	26	sim_013	EUR	4702	4702	1	4702	0	0
NATMXB	NAT_PEL_EAS	21	26	sim_013	AFR	366	289	0.7896174863387978	289	0	77
NATMXB	NAT_PEL_EAS	21	27	sim_014	NAT	1604	1264	0.7880299251870324	1264	0	340
NATMXB	NAT_PEL_EAS	21	27	sim_014	EUR	1875	1862	0.9930666666666667	2213	351	13
NATMXB	NAT_PEL_EAS	21	27	sim_014	AFR	1641	1597	0.9731870810481413	1643	46	44
NATMXB	NAT_PEL_EAS	21	28	sim_014	EUR	5120	5120	1	5120	0	0
NATMXB	NAT_PEL_EAS	21	29	sim_015	EUR	3462	3421	0.988157134604275	3538	117	41
NATMXB	NAT_PEL_EAS	21	29	sim_015	AFR	1658	1541	0.9294330518697226	1582	41	117
NATMXB	NAT_PEL_EAS	21	30	sim_015	EUR	5120	5120	1	5120	0	0
NATMXB	NAT_PEL_EAS	21	31	sim_016	EUR	5120	5044	0.98515625	5044	0	76
NATMXB	NAT_PEL_EAS	21	32	sim_016	NAT	524	483	0.9217557251908397	649	166	41
NATMXB	NAT_PEL_EAS	21	32	sim_016	EUR	4391	4297	0.9785925757230699	4471	174	94
NATMXB	NAT_PEL_EAS	21	32	sim_016	AFR	205	0	0	0	0	205
NATMXB	NAT_PEL_EAS	21	33	sim_017	EUR	4538	4349	0.9583516967827237	4349	0	189
NATMXB	NAT_PEL_EAS	21	33	sim_017	AFR	582	582	1	771	189	0
NATMXB	NAT_PEL_EAS	21	34	sim_017	NAT	1753	1753	1	1792	39	0
NATMXB	NAT_PEL_EAS	21	34	sim_017	EUR	2414	2375	0.9838442419221209	2400	25	39
NATMXB	NAT_PEL_EAS	21	34	sim_017	AFR	953	928	0.9737670514165793	928	0	25
NATMXB	NAT_PEL_EAS	21	35	sim_018	NAT	358	332	0.9273743016759777	332	0	26
NATMXB	NAT_PEL_EAS	21	35	sim_018	EUR	1742	1742	1	1742	0	0
NATMXB	NAT_PEL_EAS	21	35	sim_018	AFR	3020	3020	1	3046	26	0
NATMXB	NAT_PEL_EAS	21	36	sim_018	EUR	4044	4039	0.9987636003956478	4047	8	5
NATMXB	NAT_PEL_EAS	21	36	sim_018	AFR	1076	1068	0.9925650557620818	1073	5	8
NATMXB	NAT_PEL_EAS	21	37	sim_019	NAT	280	280	1	462	182	0
NATMXB	NAT_PEL_EAS	21	37	sim_019	EUR	3230	2946	0.9120743034055727	3001	55	284
NATMXB	NAT_PEL_EAS	21	37	sim_019	AFR	1610	1555	0.9658385093167702	1657	102	55
NATMXB	NAT_PEL_EAS	21	38	sim_019	NAT	991	991	1	993	2	0
NATMXB	NAT_PEL_EAS	21	38	sim_019	EUR	1266	1262	0.9968404423380727	1333	71	4
NATMXB	NAT_PEL_EAS	21	38	sim_019	AFR	2863	2790	0.9745022703457912	2794	4	73
NATMXB	NAT_PEL_EAS	21	39	sim_020	EUR	4000	3481	0.87025	3481	0	519
NATMXB	NAT_PEL_EAS	21	39	sim_020	AFR	1120	1120	1	1639	519	0
NATMXB	NAT_PEL_EAS	21	40	sim_020	NAT	1098	1098	1	1528	430	0
NATMXB	NAT_PEL_EAS	21	40	sim_020	EUR	1524	1152	0.7559055118110236	1152	0	372
NATMXB	NAT_PEL_EAS	21	40	sim_020	AFR	2498	2440	0.9767814251401121	2440	0	58
NATMXB	NAT_PEL_EAS	21	41	sim_021	EUR	4498	3695	0.821476211649622	3709	14	803
NATMXB	NAT_PEL_EAS	21	41	sim_021	AFR	622	608	0.977491961414791	798	190	14
NATMXB	NAT_PEL_EAS	21	42	sim_021	EUR	4840	4788	0.9892561983471074	4931	143	52
NATMXB	NAT_PEL_EAS	21	42	sim_021	AFR	280	137	0.48928571428571427	189	52	143
NATMXB	NAT_PEL_EAS	21	43	sim_022	NAT	1305	1303	0.9984674329501916	1303	0	2
NATMXB	NAT_PEL_EAS	21	43	sim_022	EUR	1600	1502	0.93875	1519	17	98
NATMXB	NAT_PEL_EAS	21	43	sim_022	AFR	2215	2200	0.9932279909706546	2298	98	15
NATMXB	NAT_PEL_EAS	21	44	sim_022	NAT	352	335	0.9517045454545454	416	81	17
NATMXB	NAT_PEL_EAS	21	44	sim_022	EUR	3433	3132	0.912321584619866	3132	0	301
NATMXB	NAT_PEL_EAS	21	44	sim_022	AFR	1335	1326	0.9932584269662922	1572	246	9
NATMXB	NAT_PEL_EAS	21	45	sim_023	EUR	5120	4985	0.9736328125	4985	0	135
NATMXB	NAT_PEL_EAS	21	46	sim_023	NAT	344	310	0.9011627906976745	327	17	34
NATMXB	NAT_PEL_EAS	21	46	sim_023	EUR	4776	4759	0.9964405360134003	4793	34	17
NATMXB	NAT_PEL_EAS	21	47	sim_024	EUR	5120	5120	1	5120	0	0
NATMXB	NAT_PEL_EAS	21	48	sim_024	NAT	4843	4839	0.9991740656617799	4937	98	4
NATMXB	NAT_PEL_EAS	21	48	sim_024	EUR	263	179	0.6806083650190115	183	4	84
NATMXB	NAT_PEL_EAS	21	48	sim_024	AFR	14	0	0	0	0	14
NATMXB	NAT_PEL_EAS	21	49	sim_025	NAT	2298	2295	0.9986945169712794	2405	110	3
NATMXB	NAT_PEL_EAS	21	49	sim_025	EUR	2489	2375	0.9541984732824428	2398	23	114
NATMXB	NAT_PEL_EAS	21	49	sim_025	AFR	333	313	0.93993993993994	317	4	20
NATMXB	NAT_PEL_EAS	21	50	sim_025	EUR	4164	4156	0.9980787704130644	4176	20	8
NATMXB	NAT_PEL_EAS	21	50	sim_025	AFR	956	936	0.9790794979079498	944	8	20
NATMXB	NAT_PEL_EAS	21	51	sim_026	EUR	5120	5120	1	5120	0	0
NATMXB	NAT_PEL_EAS	21	52	sim_026	NAT	2054	1730	0.8422590068159689	1758	28	324
NATMXB	NAT_PEL_EAS	21	52	sim_026	EUR	3066	3038	0.9908675799086758	3362	324	28
NATMXB	NAT_PEL_EAS	21	53	sim_027	EUR	5120	5120	1	5120	0	0
NATMXB	NAT_PEL_EAS	21	54	sim_027	NAT	1974	1537	0.7786220871327254	1569	32	437
NATMXB	NAT_PEL_EAS	21	54	sim_027	EUR	2404	2399	0.9979201331114809	2836	437	5
NATMXB	NAT_PEL_EAS	21	54	sim_027	AFR	742	710	0.9568733153638814	715	5	32
NATMXB	NAT_PEL_EAS	21	55	sim_028	EUR	3064	3047	0.9944516971279374	3059	12	17
NATMXB	NAT_PEL_EAS	21	55	sim_028	AFR	2056	2044	0.9941634241245136	2061	17	12
NATMXB	NAT_PEL_EAS	21	56	sim_028	NAT	225	225	1	245	20	0
NATMXB	NAT_PEL_EAS	21	56	sim_028	EUR	4895	4875	0.9959141981613892	4875	0	20
NATMXB	NAT_PEL_EAS	21	57	sim_029	NAT	1242	1242	1	1250	8	0
NATMXB	NAT_PEL_EAS	21	57	sim_029	EUR	2890	2889	0.9996539792387543	2896	7	1
NATMXB	NAT_PEL_EAS	21	57	sim_029	AFR	988	973	0.9848178137651822	974	1	15
NATMXB	NAT_PEL_EAS	21	58	sim_029	NAT	3097	3097	1	3469	372	0
NATMXB	NAT_PEL_EAS	21	58	sim_029	EUR	1798	1422	0.7908787541713015	1422	0	376
NATMXB	NAT_PEL_EAS	21	58	sim_029	AFR	225	225	1	229	4	0
NATMXB	NAT_PEL_EAS	21	59	sim_030	NAT	2051	1376	0.6708922476840565	1459	83	675
NATMXB	NAT_PEL_EAS	21	59	sim_030	EUR	3069	2986	0.9729553600521342	3567	581	83
NATMXB	NAT_PEL_EAS	21	60	sim_030	EUR	2026	2026	1	2026	0	0
NATMXB	NAT_PEL_EAS	21	60	sim_030	AFR	3094	3094	1	3094	0	0
NAT	NAT_HGDPMXB	21	1	sim_001	NAT	21	0	0	0	0	21
NAT	NAT_HGDPMXB	21	1	sim_001	EUR	4637	4559	0.983178779383222	4580	21	78
NAT	NAT_HGDPMXB	21	1	sim_001	AFR	462	462	1	540	78	0
NAT	NAT_HGDPMXB	21	2	sim_001	EUR	4312	4077	0.9455009276437848	4078	1	235
NAT	NAT_HGDPMXB	21	2	sim_001	AFR	808	807	0.9987623762376238	1042	235	1
NAT	NAT_HGDPMXB	21	3	sim_002	NAT	817	361	0.4418604651162791	361	0	456
NAT	NAT_HGDPMXB	21	3	sim_002	EUR	4303	4303	1	4759	456	0
NAT	NAT_HGDPMXB	21	4	sim_002	NAT	1217	1011	0.8307313064913723	1076	65	206
NAT	NAT_HGDPMXB	21	4	sim_002	EUR	2399	2333	0.972488536890371	2776	443	66
NAT	NAT_HGDPMXB	21	4	sim_002	AFR	1504	1244	0.8271276595744681	1268	24	260
NAT	NAT_HGDPMXB	21	5	sim_003	EUR	5120	5120	1	5120	0	0
NAT	NAT_HGDPMXB	21	6	sim_003	EUR	1827	1806	0.9885057471264368	1806	0	21
NAT	NAT_HGDPMXB	21	6	sim_003	AFR	3293	3293	1	3314	21	0
NAT	NAT_HGDPMXB	21	7	sim_004	NAT	4	0	0	0	0	4
NAT	NAT_HGDPMXB	21	7	sim_004	EUR	3755	3724	0.9917443408788282	3728	4	31
NAT	NAT_HGDPMXB	21	7	sim_004	AFR	1361	1361	1	1392	31	0
NAT	NAT_HGDPMXB	21	8	sim_004	NAT	376	358	0.9521276595744681	390	32	18
NAT	NAT_HGDPMXB	21	8	sim_004	EUR	3186	3153	0.9896421845574388	3182	29	33
NAT	NAT_HGDPMXB	21	8	sim_004	AFR	1558	1529	0.9813863928112966	1548	19	29
NAT	NAT_HGDPMXB	21	9	sim_005	NAT	128	127	0.9921875	226	99	1
NAT	NAT_HGDPMXB	21	9	sim_005	EUR	3613	3522	0.9748131746471077	3523	1	91
NAT	NAT_HGDPMXB	21	9	sim_005	AFR	1379	1351	0.9796954314720813	1371	20	28
NAT	NAT_HGDPMXB	21	10	sim_005	EUR	3921	3921	1	3997	76	0
NAT	NAT_HGDPMXB	21	10	sim_005	AFR	1199	1123	0.9366138448707256	1123	0	76
NAT	NAT_HGDPMXB	21	11	sim_006	NAT	200	0	0	0	0	200
NAT	NAT_HGDPMXB	21	11	sim_006	EUR	3582	3577	0.9986041317699609	3830	253	5
NAT	NAT_HGDPMXB	21	11	sim_006	AFR	1338	1285	0.9603886397608371	1290	5	53
NAT	NAT_HGDPMXB	21	12	sim_006	NAT	3224	3202	0.9931761786600496	3241	39	22
NAT	NAT_HGDPMXB	21	12	sim_006	EUR	1857	1857	1	1879	22	0
NAT	NAT_HGDPMXB	21	12	sim_006	AFR	39	0	0	0	0	39
NAT	NAT_HGDPMXB	21	13	sim_007	NAT	1666	1658	0.9951980792316927	1719	61	8
NAT	NAT_HGDPMXB	21	13	sim_007	EUR	2469	2408	0.9752936411502633	2416	8	61
NAT	NAT_HGDPMXB	21	13	sim_007	AFR	985	985	1	985	0	0
NAT	NAT_HGDPMXB	21	14	sim_007	EUR	5025	4863	0.9677611940298507	4863	0	162
NAT	NAT_HGDPMXB	21	14	sim_007	AFR	95	95	1	257	162	0
NAT	NAT_HGDPMXB	21	15	sim_008	NAT	2649	2645	0.9984899962249906	2646	1	4
NAT	NAT_HGDPMXB	21	15	sim_008	EUR	2471	2313	0.9360582760016187	2317	4	158
NAT	NAT_HGDPMXB	21	16	sim_008	NAT	46	0	0	0	0	46
NAT	NAT_HGDPMXB	21	16	sim_008	EUR	3036	2687	0.8850461133069829	2813	126	349
NAT	NAT_HGDPMXB	21	16	sim_008	AFR	2038	1912	0.9381746810598626	2307	395	126
NAT	NAT_HGDPMXB	21	17	sim_009	EUR	1007	760	0.7547169811320755	762	2	247
NAT	NAT_HGDPMXB	21	17	sim_009	AFR	4113	4111	0.99951373693168	4188	77	2
NAT	NAT_HGDPMXB	21	18	sim_009	NAT	418	418	1	418	0	0
NAT	NAT_HGDPMXB	21	18	sim_009	EUR	3815	3804	0.9971166448230668	3918	114	11
NAT	NAT_HGDPMXB	21	18	sim_009	AFR	887	773	0.8714768883878241	784	11	114
NAT	NAT_HGDPMXB	21	19	sim_010	NAT	787	575	0.7306226175349428	575	0	212
NAT	NAT_HGDPMXB	21	19	sim_010	EUR	1283	1253	0.9766173031956352	1472	219	30
NAT	NAT_HGDPMXB	21	19	sim_010	AFR	3050	3043	0.9977049180327869	3073	30	7
NAT	NAT_HGDPMXB	21	20	sim_010	NAT	1445	1425	0.986159169550173	1488	63	20
NAT	NAT_HGDPMXB	21	20	sim_010	EUR	3140	3070	0.9777070063694268	3070	0	70
NAT	NAT_HGDPMXB	21	20	sim_010	AFR	535	535	1	562	27	0
NAT	NAT_HGDPMXB	21	21	sim_011	EUR	3195	3190	0.9984350547730829	3242	52	5
NAT	NAT_HGDPMXB	21	21	sim_011	AFR	1925	1873	0.972987012987013	1878	5	52
NAT	NAT_HGDPMXB	21	22	sim_011	NAT	4923	4913	0.9979687182612228	4913	0	10
NAT	NAT_HGDPMXB	21	22	sim_011	EUR	197	197	1	207	10	0
NAT	NAT_HGDPMXB	21	23	sim_012	NAT	2861	2590	0.905277874868927	2628	38	271
NAT	NAT_HGDPMXB	21	23	sim_012	EUR	2055	2017	0.9815085158150851	2492	475	38
NAT	NAT_HGDPMXB	21	23	sim_012	AFR	204	0	0	0	0	204
NAT	NAT_HGDPMXB	21	24	sim_012	NAT	1041	1037	0.9961575408261287	1101	64	4
NAT	NAT_HGDPMXB	21	24	sim_012	EUR	1028	885	0.8608949416342413	968	83	143
NAT	NAT_HGDPMXB	21	24	sim_012	AFR	3051	2968	0.9727958046542118	3051	83	83
NAT	NAT_HGDPMXB	21	25	sim_013	NAT	871	869	0.9977037887485649	869	0	2
NAT	NAT_HGDPMXB	21	25	sim_013	EUR	3917	3712	0.9476640285933112	3731	19	205
NAT	NAT_HGDPMXB	21	25	sim_013	AFR	332	313	0.9427710843373494	520	207	19
NAT	NAT_HGDPMXB	21	26	sim_013	NAT	2007	1998	0.9955156950672646	2062	64	9
NAT	NAT_HGDPMXB	21	26	sim_013	EUR	3113	3049	0.9794410536460006	3058	9	64
NAT	NAT_HGDPMXB	21	27	sim_014	NAT	5	0	0	0	0	5
NAT	NAT_HGDPMXB	21	27	sim_014	EUR	4891	4890	0.9997955428337764	4902	12	1
NAT	NAT_HGDPMXB	21	27	sim_014	AFR	224	217	0.96875	218	1	7
NAT	NAT_HGDPMXB	21	28	sim_014	NAT	4603	3972	0.8629154898978927	3972	0	631
NAT	NAT_HGDPMXB	21	28	sim_014	EUR	517	517	1	1040	523	0
NAT	NAT_HGDPMXB	21	29	sim_015	NAT	333	285	0.8558558558558559	285	0	48
NAT	NAT_HGDPMXB	21	29	sim_015	EUR	503	164	0.3260437375745527	217	53	339
NAT	NAT_HGDPMXB	21	29	sim_015	AFR	4284	4279	0.9988328664799253	4618	339	5
NAT	NAT_HGDPMXB	21	30	sim_015	EUR	3177	3177	1	3177	0	0
NAT	NAT_HGDPMXB	21	30	sim_015	AFR	1943	1943	1	1943	0	0
NAT	NAT_HGDPMXB	21	31	sim_016	NAT	144	0	0	0	0	144
NAT	NAT_HGDPMXB	21	31	sim_016	EUR	4119	4095	0.9941733430444283	4299	204	24
NAT	NAT_HGDPMXB	21	31	sim_016	AFR	857	797	0.9299883313885647	821	24	60
NAT	NAT_HGDPMXB	21	32	sim_016	EUR	4390	4251	0.9683371298405467	4300	49	139
NAT	NAT_HGDPMXB	21	32	sim_016	AFR	730	681	0.9328767123287671	820	139	49
NAT	NAT_HGDPMXB	21	33	sim_017	EUR	4879	4850	0.9940561590489855	4878	28	29
NAT	NAT_HGDPMXB	21	33	sim_017	AFR	241	213	0.8838174273858921	242	29	28
NAT	NAT_HGDPMXB	21	34	sim_017	NAT	97	97	1	166	69	0
NAT	NAT_HGDPMXB	21	34	sim_017	EUR	4950	4775	0.9646464646464646	4848	73	175
NAT	NAT_HGDPMXB	21	34	sim_017	AFR	73	0	0	106	106	73
NAT	NAT_HGDPMXB	21	35	sim_018	NAT	593	523	0.8819561551433389	560	37	70
NAT	NAT_HGDPMXB	21	35	sim_018	EUR	4527	4490	0.9918268168765186	4560	70	37
NAT	NAT_HGDPMXB	21	36	sim_018	NAT	1460	1460	1	1644	184	0
NAT	NAT_HGDPMXB	21	36	sim_018	EUR	2435	2099	0.8620123203285421	2170	71	336
NAT	NAT_HGDPMXB	21	36	sim_018	AFR	1225	1148	0.9371428571428572	1306	158	77
NAT	NAT_HGDPMXB	21	37	sim_019	NAT	414	391	0.9444444444444444	405	14	23
NAT	NAT_HGDPMXB	21	37	sim_019	EUR	1863	1741	0.9345142243692969	1767	26	122
NAT	NAT_HGDPMXB	21	37	sim_019	AFR	2843	2803	0.9859303552585297	2948	145	40
NAT	NAT_HGDPMXB	21	38	sim_019	NAT	49	22	0.4489795918367347	22	0	27
NAT	NAT_HGDPMXB	21	38	sim_019	EUR	2208	2123	0.9615036231884058	2123	0	85
NAT	NAT_HGDPMXB	21	38	sim_019	AFR	2863	2863	1	2975	112	0
NAT	NAT_HGDPMXB	21	39	sim_020	NAT	1411	1411	1	1417	6	0
NAT	NAT_HGDPMXB	21	39	sim_020	EUR	1745	1739	0.9965616045845272	1739	0	6
NAT	NAT_HGDPMXB	21	39	sim_020	AFR	1964	1964	1	1964	0	0
NAT	NAT_HGDPMXB	21	40	sim_020	NAT	3037	3028	0.9970365492262101	3028	0	9
NAT	NAT_HGDPMXB	21	40	sim_020	AFR	2083	2083	1	2092	9	0
NAT	NAT_HGDPMXB	21	41	sim_021	EUR	4588	4570	0.9960767218831735	4570	0	18
NAT	NAT_HGDPMXB	21	41	sim_021	AFR	532	532	1	550	18	0
NAT	NAT_HGDPMXB	21	42	sim_021	NAT	565	525	0.9292035398230089	525	0	40
NAT	NAT_HGDPMXB	21	42	sim_021	EUR	3052	3022	0.990170380078637	3062	40	30
NAT	NAT_HGDPMXB	21	42	sim_021	AFR	1503	1503	1	1533	30	0
NAT	NAT_HGDPMXB	21	43	sim_022	EUR	4384	4293	0.979242700729927	4293	0	91
NAT	NAT_HGDPMXB	21	43	sim_022	AFR	736	736	1	827	91	0
NAT	NAT_HGDPMXB	21	44	sim_022	NAT	497	393	0.7907444668008048	393	0	104
NAT	NAT_HGDPMXB	21	44	sim_022	EUR	4623	4623	1	4727	104	0
NAT	NAT_HGDPMXB	21	45	sim_023	EUR	1991	1867	0.9377197388247112	1867	0	124
NAT	NAT_HGDPMXB	21	45	sim_023	AFR	3129	3129	1	3253	124	0
NAT	NAT_HGDPMXB	21	46	sim_023	NAT	2121	2037	0.9603960396039604	2180	143	84
NAT	NAT_HGDPMXB	21	46	sim_023	EUR	2551	2408	0.9439435515484124	2506	98	143
NAT	NAT_HGDPMXB	21	46	sim_023	AFR	448	434	0.96875	434	0	14
NAT	NAT_HGDPMXB	21	47	sim_024	EUR	4854	4854	1	4870	16	0
NAT	NAT_HGDPMXB	21	47	sim_024	AFR	266	250	0.9398496240601504	250	0	16
NAT	NAT_HGDPMXB	21	48	sim_024	NAT	9	0	0	0	0	9
NAT	NAT_HGDPMXB	21	48	sim_024	EUR	4702	4702	1	4714	12	0
NAT	NAT_HGDPMXB	21	48	sim_024	AFR	409	406	0.9926650366748166	406	0	3
NAT	NAT_HGDPMXB	21	49	sim_025	EUR	3266	3261	0.9984690753214942	3272	11	5
NAT	NAT_HGDPMXB	21	49	sim_025	AFR	1854	1843	0.994066882416397	1848	5	11
NAT	NAT_HGDPMXB	21	50	sim_025	EUR	4619	4609	0.9978350292271054	4609	0	10
NAT	NAT_HGDPMXB	21	50	sim_025	AFR	501	501	1	511	10	0
NAT	NAT_HGDPMXB	21	51	sim_026	NAT	614	576	0.9381107491856677	576	0	38
NAT	NAT_HGDPMXB	21	51	sim_026	EUR	712	587	0.824438202247191	587	0	125
NAT	NAT_HGDPMXB	21	51	sim_026	AFR	3794	3794	1	3957	163	0
NAT	NAT_HGDPMXB	21	52	sim_026	NAT	421	421	1	484	63	0
NAT	NAT_HGDPMXB	21	52	sim_026	EUR	4491	4428	0.9859719438877755	4429	1	63
NAT	NAT_HGDPMXB	21	52	sim_026	AFR	208	207	0.9951923076923077	207	0	1
NAT	NAT_HGDPMXB	21	53	sim_027	EUR	3104	3027	0.9751932989690721	3055	28	77
NAT	NAT_HGDPMXB	21	53	sim_027	AFR	2016	1988	0.9861111111111112	2065	77	28
NAT	NAT_HGDPMXB	21	54	sim_027	NAT	1820	1724	0.9472527472527472	1724	0	96
NAT	NAT_HGDPMXB	21	54	sim_027	EUR	3236	3102	0.9585908529048207	3262	160	134
NAT	NAT_HGDPMXB	21	54	sim_027	AFR	64	0	0	134	134	64
NAT	NAT_HGDPMXB	21	55	sim_028	NAT	3396	3350	0.9864546525323911	3350	0	46
NAT	NAT_HGDPMXB	21	55	sim_028	EUR	1357	1357	1	1501	144	0
NAT	NAT_HGDPMXB	21	55	sim_028	AFR	367	269	0.7329700272479565	269	0	98
NAT	NAT_HGDPMXB	21	56	sim_028	NAT	2214	1498	0.6766034327009937	1563	65	716
NAT	NAT_HGDPMXB	21	56	sim_028	EUR	2906	2841	0.977632484514797	3557	716	65
NAT	NAT_HGDPMXB	21	57	sim_029	EUR	2725	2687	0.9860550458715597	2689	2	38
NAT	NAT_HGDPMXB	21	57	sim_029	AFR	2395	2393	0.9991649269311065	2431	38	2
NAT	NAT_HGDPMXB	21	58	sim_029	NAT	2860	2429	0.8493006993006993	2439	10	431
NAT	NAT_HGDPMXB	21	58	sim_029	EUR	1882	1872	0.9946865037194474	2202	330	10
NAT	NAT_HGDPMXB	21	58	sim_029	AFR	378	353	0.9338624338624338	479	126	25
NAT	NAT_HGDPMXB	21	59	sim_030	EUR	2134	2086	0.9775070290534208	2086	0	48
NAT	NAT_HGDPMXB	21	59	sim_030	AFR	2986	2986	1	3034	48	0
NAT	NAT_HGDPMXB	21	60	sim_030	NAT	347	347	1	431	84	0
NAT	NAT_HGDPMXB	21	60	sim_030	EUR	4657	4599	0.9875456302340563	4609	10	58
NAT	NAT_HGDPMXB	21	60	sim_030	AFR	116	80	0.6896551724137931	80	0	36
NATMXB	NAT_HGDPMXB	21	1	sim_001	NAT	43	0	0	0	0	43
NATMXB	NAT_HGDPMXB	21	1	sim_001	EUR	3224	3198	0.9919354838709677	3304	106	26
NATMXB	NAT_HGDPMXB	21	1	sim_001	AFR	1853	1783	0.9622234214786832	1816	33	70
NATMXB	NAT_HGDPMXB	21	2	sim_001	NAT	785	315	0.4012738853503185	322	7	470
NATMXB	NAT_HGDPMXB	21	2	sim_001	EUR	3637	3634	0.9991751443497388	4111	477	3
NATMXB	NAT_HGDPMXB	21	2	sim_001	AFR	698	687	0.9842406876790831	687	0	11
NATMXB	NAT_HGDPMXB	21	3	sim_002	EUR	4562	4441	0.9734765453748356	4441	0	121
NATMXB	NAT_HGDPMXB	21	3	sim_002	AFR	558	558	1	679	121	0
NATMXB	NAT_HGDPMXB	21	4	sim_002	NAT	1930	1930	1	2005	75	0
NATMXB	NAT_HGDPMXB	21	4	sim_002	EUR	3190	3115	0.9764890282131662	3115	0	75
NATMXB	NAT_HGDPMXB	21	5	sim_003	NAT	1966	1966	1	1966	0	0
NATMXB	NAT_HGDPMXB	21	5	sim_003	AFR	3154	3154	1	3154	0	0
NATMXB	NAT_HGDPMXB	21	6	sim_003	NAT	1666	1666	1	1711	45	0
NATMXB	NAT_HGDPMXB	21	6	sim_003	EUR	3027	2968	0.9805087545424512	2983	15	59
NATMXB	NAT_HGDPMXB	21	6	sim_003	AFR	427	412	0.9648711943793911	426	14	15
NATMXB	NAT_HGDPMXB	21	7	sim_004	NAT	1788	1788	1	1788	0	0
NATMXB	NAT_HGDPMXB	21	7	sim_004	EUR	3332	3332	1	3332	0	0
NATMXB	NAT_HGDPMXB	21	8	sim_004	EUR	4512	4497	0.9966755319148937	4647	150	15
NATMXB	NAT_HGDPMXB	21	8	sim_004	AFR	608	458	0.7532894736842105	473	15	150
NATMXB	NAT_HGDPMXB	21	9	sim_005	EUR	5100	5100	1	5120	20	0
NATMXB	NAT_HGDPMXB	21	9	sim_005	AFR	20	0	0	0	0	20
NATMXB	NAT_HGDPMXB	21	10	sim_005	NAT	289	289	1	289	0	0
NATMXB	NAT_HGDPMXB	21	10	sim_005	EUR	4380	4236	0.9671232876712329	4248	12	144
NATMXB	NAT_HGDPMXB	21	10	sim_005	AFR	451	439	0.9733924611973392	583	144	12
NATMXB	NAT_HGDPMXB	21	11	sim_006	NAT	1118	908	0.8121645796064401	908	0	210
NATMXB	NAT_HGDPMXB	21	11	sim_006	EUR	1930	1927	0.9984455958549223	2137	210	3
NATMXB	NAT_HGDPMXB	21	11	sim_006	AFR	2072	2072	1	2075	3	0
NATMXB	NAT_HGDPMXB	21	12	sim_006	NAT	1749	1749	1	1794	45	0
NATMXB	NAT_HGDPMXB	21	12	sim_006	EUR	2186	2152	0.9844464775846294	2170	18	34
NATMXB	NAT_HGDPMXB	21	12	sim_006	AFR	1185	1153	0.9729957805907173	1156	3	32
NATMXB	NAT_HGDPMXB	21	13	sim_007	NAT	1059	1045	0.9867799811142587	1045	0	14
NATMXB	NAT_HGDPMXB	21	13	sim_007	EUR	3427	3397	0.9912459877443829	3439	42	30
NATMXB	NAT_HGDPMXB	21	13	sim_007	AFR	634	606	0.9558359621451105	636	30	28
NATMXB	NAT_HGDPMXB	21	14	sim_007	EUR	3147	3091	0.9822052748649508	3091	0	56
NATMXB	NAT_HGDPMXB	21	14	sim_007	AFR	1973	1973	1	2029	56	0
NATMXB	NAT_HGDPMXB	21	15	sim_008	NAT	422	422	1	703	281	0
NATMXB	NAT_HGDPMXB	21	15	sim_008	EUR	4698	4397	0.9359301830566198	4397	0	301
NATMXB	NAT_HGDPMXB	21	16	sim_008	NAT	418	418	1	418	0	0
NATMXB	NAT_HGDPMXB	21	16	sim_008	EUR	4702	4424	0.9408762228838792	4424	0	278
NATMXB	NAT_HGDPMXB	21	17	sim_009	NAT	1241	1140	0.9186140209508461	1146	6	101
NATMXB	NAT_HGDPMXB	21	17	sim_009	EUR	1581	1430	0.9044908285895004	1528	98	151
NATMXB	NAT_HGDPMXB	21	17	sim_009	AFR	2298	2298	1	2446	148	0
NATMXB	NAT_HGDPMXB	21	18	sim_009	NAT	25	0	0	0	0	25
NATMXB	NAT_HGDPMXB	21	18	sim_009	EUR	3793	3793	1	3807	14	0
NATMXB	NAT_HGDPMXB	21	18	sim_009	AFR	1302	1288	0.989247311827957	1313	25	14
NATMXB	NAT_HGDPMXB	21	19	sim_010	NAT	3396	3386	0.997055359246172	3386	0	10
NATMXB	NAT_HGDPMXB	21	19	sim_010	EUR	1724	1724	1	1734	10	0
NATMXB	NAT_HGDPMXB	21	20	sim_010	NAT	702	702	1	712	10	0
NATMXB	NAT_HGDPMXB	21	20	sim_010	EUR	3845	3828	0.9955786736020806	3891	63	17
NATMXB	NAT_HGDPMXB	21	20	sim_010	AFR	573	510	0.8900523560209425	517	7	63
NATMXB	NAT_HGDPMXB	21	21	sim_011	NAT	18	0	0	66	66	18
NATMXB	NAT_HGDPMXB	21	21	sim_011	EUR	4486	4411	0.983281319661168	4419	8	75
NATMXB	NAT_HGDPMXB	21	21	sim_011	AFR	616	608	0.987012987012987	635	27	8
NATMXB	NAT_HGDPMXB	21	22	sim_011	NAT	2742	2742	1	2794	52	0
NATMXB	NAT_HGDPMXB	21	22	sim_011	EUR	1338	1130	0.8445440956651719	1130	0	208
NATMXB	NAT_HGDPMXB	21	22	sim_011	AFR	1040	1039	0.9990384615384615	1196	157	1
NATMXB	NAT_HGDPMXB	21	23	sim_012	NAT	126	0	0	138	138	126
NATMXB	NAT_HGDPMXB	21	23	sim_012	EUR	4834	4556	0.9424906909391808	4682	126	278
NATMXB	NAT_HGDPMXB	21	23	sim_012	AFR	160	160	1	300	140	0
NATMXB	NAT_HGDPMXB	21	24	sim_012	EUR	1806	1768	0.9789590254706534	1768	0	38
NATMXB	NAT_HGDPMXB	21	24	sim_012	AFR	3314	3314	1	3352	38	0
NATMXB	NAT_HGDPMXB	21	25	sim_013	NAT	679	644	0.9484536082474226	753	109	35
NATMXB	NAT_HGDPMXB	21	25	sim_013	EUR	2679	2600	0.9705113848450915	2732	132	79
NATMXB	NAT_HGDPMXB	21	25	sim_013	AFR	1762	1635	0.9279228149829739	1635	0	127
NATMXB	NAT_HGDPMXB	21	26	sim_013	NAT	52	52	1	97	45	0
NATMXB	NAT_HGDPMXB	21	26	sim_013	EUR	4702	4702	1	4734	32	0
NATMXB	NAT_HGDPMXB	21	26	sim_013	AFR	366	289	0.7896174863387978	289	0	77
NATMXB	NAT_HGDPMXB	21	27	sim_014	NAT	1604	1243	0.7749376558603491	1303	60	361
NATMXB	NAT_HGDPMXB	21	27	sim_014	EUR	1875	1804	0.9621333333333333	2235	431	71
NATMXB	NAT_HGDPMXB	21	27	sim_014	AFR	1641	1569	0.9561243144424132	1582	13	72
NATMXB	NAT_HGDPMXB	21	28	sim_014	EUR	5120	5120	1	5120	0	0
NATMXB	NAT_HGDPMXB	21	29	sim_015	EUR	3462	3394	0.9803581744656268	3395	1	68
NATMXB	NAT_HGDPMXB	21	29	sim_015	AFR	1658	1657	0.9993968636911942	1725	68	1
NATMXB	NAT_HGDPMXB	21	30	sim_015	EUR	5120	5120	1	5120	0	0
NATMXB	NAT_HGDPMXB	21	31	sim_016	EUR	5120	5044	0.98515625	5044	0	76
NATMXB	NAT_HGDPMXB	21	32	sim_016	NAT	524	524	1	629	105	0
NATMXB	NAT_HGDPMXB	21	32	sim_016	EUR	4391	4353	0.9913459348667729	4353	0	38
NATMXB	NAT_HGDPMXB	21	32	sim_016	AFR	205	133	0.6487804878048781	138	5	72
NATMXB	NAT_HGDPMXB	21	33	sim_017	EUR	4538	4538	1	4649	111	0
NATMXB	NAT_HGDPMXB	21	33	sim_017	AFR	582	471	0.8092783505154639	471	0	111
NATMXB	NAT_HGDPMXB	21	34	sim_017	NAT	1753	1753	1	1792	39	0
NATMXB	NAT_HGDPMXB	21	34	sim_017	EUR	2414	2375	0.9838442419221209	2400	25	39
NATMXB	NAT_HGDPMXB	21	34	sim_017	AFR	953	928	0.9737670514165793	928	0	25
NATMXB	NAT_HGDPMXB	21	35	sim_018	NAT	358	332	0.9273743016759777	332	0	26
NATMXB	NAT_HGDPMXB	21	35	sim_018	EUR	1742	1742	1	1742	0	0
NATMXB	NAT_HGDPMXB	21	35	sim_018	AFR	3020	3020	1	3046	26	0
NATMXB	NAT_HGDPMXB	21	36	sim_018	EUR	4044	4039	0.9987636003956478	4047	8	5
NATMXB	NAT_HGDPMXB	21	36	sim_018	AFR	1076	1068	0.9925650557620818	1073	5	8
NATMXB	NAT_HGDPMXB	21	37	sim_019	NAT	280	280	1	323	43	0
NATMXB	NAT_HGDPMXB	21	37	sim_019	EUR	3230	3084	0.9547987616099072	3086	2	146
NATMXB	NAT_HGDPMXB	21	37	sim_019	AFR	1610	1608	0.9987577639751553	1711	103	2
NATMXB	NAT_HGDPMXB	21	38	sim_019	NAT	991	991	1	999	8	0
NATMXB	NAT_HGDPMXB	21	38	sim_019	EUR	1266	1156	0.9131121642969984	1156	0	110
NATMXB	NAT_HGDPMXB	21	38	sim_019	AFR	2863	2855	0.997205728257073	2965	110	8
NATMXB	NAT_HGDPMXB	21	39	sim_020	EUR	4000	3640	0.91	3640	0	360
NATMXB	NAT_HGDPMXB	21	39	sim_020	AFR	1120	1120	1	1480	360	0
NATMXB	NAT_HGDPMXB	21	40	sim_020	NAT	1098	1013	0.9225865209471766	1067	54	85
NATMXB	NAT_HGDPMXB	21	40	sim_020	EUR	1524	1524	1	1613	89	0
NATMXB	NAT_HGDPMXB	21	40	sim_020	AFR	2498	2440	0.9767814251401121	2440	0	58
NATMXB	NAT_HGDPMXB	21	41	sim_021	EUR	4498	4308	0.9577590040017786	4322	14	190
NATMXB	NAT_HGDPMXB	21	41	sim_021	AFR	622	608	0.977491961414791	798	190	14
NATMXB	NAT_HGDPMXB	21	42	sim_021	EUR	4840	4788	0.9892561983471074	4931	143	52
NATMXB	NAT_HGDPMXB	21	42	sim_021	AFR	280	137	0.48928571428571427	189	52	143
NATMXB	NAT_HGDPMXB	21	43	sim_022	NAT	1305	1303	0.9984674329501916	1303	0	2
NATMXB	NAT_HGDPMXB	21	43	sim_022	EUR	1600	1502	0.93875	1539	37	98
NATMXB	NAT_HGDPMXB	21	43	sim_022	AFR	2215	2180	0.9841986455981941	2278	98	35
NATMXB	NAT_HGDPMXB	21	44	sim_022	NAT	352	335	0.9517045454545454	344	9	17
NATMXB	NAT_HGDPMXB	21	44	sim_022	EUR	3433	3433	1	3467	34	0
NATMXB	NAT_HGDPMXB	21	44	sim_022	AFR	1335	1292	0.9677902621722847	1309	17	43
NATMXB	NAT_HGDPMXB	21	45	sim_023	EUR	5120	5034	0.983203125	5034	0	86
NATMXB	NAT_HGDPMXB	21	46	sim_023	NAT	344	310	0.9011627906976745	327	17	34
NATMXB	NAT_HGDPMXB	21	46	sim_023	EUR	4776	4759	0.9964405360134003	4793	34	17
NATMXB	NAT_HGDPMXB	21	47	sim_024	EUR	5120	5120	1	5120	0	0
NATMXB	NAT_HGDPMXB	21	48	sim_024	NAT	4843	4839	0.9991740656617799	4923	84	4
NATMXB	NAT_HGDPMXB	21	48	sim_024	EUR	263	193	0.7338403041825095	197	4	70
NATMXB	NAT_HGDPMXB	21	48	sim_024	AFR	14	0	0	0	0	14
NATMXB	NAT_HGDPMXB	21	49	sim_025	NAT	2298	2255	0.9812880765883377	2255	0	43
NATMXB	NAT_HGDPMXB	21	49	sim_025	EUR	2489	2475	0.9943752511048614	2538	63	14
NATMXB	NAT_HGDPMXB	21	49	sim_025	AFR	333	313	0.93993993993994	327	14	20
NATMXB	NAT_HGDPMXB	21	50	sim_025	EUR	4164	4093	0.9829490874159462	4093	0	71
NATMXB	NAT_HGDPMXB	21	50	sim_025	AFR	956	956	1	1027	71	0
NATMXB	NAT_HGDPMXB	21	51	sim_026	EUR	5120	5120	1	5120	0	0
NATMXB	NAT_HGDPMXB	21	52	sim_026	NAT	2054	2031	0.9888023369036028	2112	81	23
NATMXB	NAT_HGDPMXB	21	52	sim_026	EUR	3066	2985	0.9735812133072407	3008	23	81
NATMXB	NAT_HGDPMXB	21	53	sim_027	EUR	5120	5120	1	5120	0	0
NATMXB	NAT_HGDPMXB	21	54	sim_027	NAT	1974	1801	0.9123606889564336	1801	0	173
NATMXB	NAT_HGDPMXB	21	54	sim_027	EUR	2404	2399	0.9979201331114809	2572	173	5
NATMXB	NAT_HGDPMXB	21	54	sim_027	AFR	742	742	1	747	5	0
NATMXB	NAT_HGDPMXB	21	55	sim_028	EUR	3064	3060	0.9986945169712794	3087	27	4
NATMXB	NAT_HGDPMXB	21	55	sim_028	AFR	2056	2029	0.9868677042801557	2033	4	27
NATMXB	NAT_HGDPMXB	21	56	sim_028	NAT	225	204	0.9066666666666666	234	30	21
NATMXB	NAT_HGDPMXB	21	56	sim_028	EUR	4895	4865	0.9938712972420838	4886	21	30
NATMXB	NAT_HGDPMXB	21	57	sim_029	NAT	1242	1242	1	1250	8	0
NATMXB	NAT_HGDPMXB	21	57	sim_029	EUR	2890	2890	1	2945	55	0
NATMXB	NAT_HGDPMXB	21	57	sim_029	AFR	988	925	0.9362348178137652	925	0	63
NATMXB	NAT_HGDPMXB	21	58	sim_029	NAT	3097	3097	1	3654	557	0
NATMXB	NAT_HGDPMXB	21	58	sim_029	EUR	1798	1237	0.6879866518353727	1237	0	561
NATMXB	NAT_HGDPMXB	21	58	sim_029	AFR	225	225	1	229	4	0
NATMXB	NAT_HGDPMXB	21	59	sim_030	NAT	2051	1409	0.6869819600195027	1483	74	642
NATMXB	NAT_HGDPMXB	21	59	sim_030	EUR	3069	2995	0.9758879113717823	3637	642	74
NATMXB	NAT_HGDPMXB	21	60	sim_030	EUR	2026	2026	1	2026	0	0
NATMXB	NAT_HGDPMXB	21	60	sim_030	AFR	3094	3094	1	3094	0	0
NAT	NAT_HGDPMXB_FULL	21	1	sim_001	NAT	21	0	0	0	0	21
NAT	NAT_HGDPMXB_FULL	21	1	sim_001	EUR	4637	4559	0.983178779383222	4580	21	78
NAT	NAT_HGDPMXB_FULL	21	1	sim_001	AFR	462	462	1	540	78	0
NAT	NAT_HGDPMXB_FULL	21	2	sim_001	EUR	4312	4278	0.9921150278293135	4279	1	34
NAT	NAT_HGDPMXB_FULL	21	2	sim_001	AFR	808	807	0.9987623762376238	841	34	1
NAT	NAT_HGDPMXB_FULL	21	3	sim_002	NAT	817	361	0.4418604651162791	361	0	456
NAT	NAT_HGDPMXB_FULL	21	3	sim_002	EUR	4303	4303	1	4759	456	0
NAT	NAT_HGDPMXB_FULL	21	4	sim_002	NAT	1217	1034	0.8496302382908792	1109	75	183
NAT	NAT_HGDPMXB_FULL	21	4	sim_002	EUR	2399	2333	0.972488536890371	2810	477	66
NAT	NAT_HGDPMXB_FULL	21	4	sim_002	AFR	1504	1200	0.7978723404255319	1201	1	304
NAT	NAT_HGDPMXB_FULL	21	5	sim_003	EUR	5120	5120	1	5120	0	0
NAT	NAT_HGDPMXB_FULL	21	6	sim_003	EUR	1827	1808	0.9896004378762999	1863	55	19
NAT	NAT_HGDPMXB_FULL	21	6	sim_003	AFR	3293	3238	0.9832979046462192	3257	19	55
NAT	NAT_HGDPMXB_FULL	21	7	sim_004	NAT	4	0	0	0	0	4
NAT	NAT_HGDPMXB_FULL	21	7	sim_004	EUR	3755	3539	0.9424766977363516	3543	4	216
NAT	NAT_HGDPMXB_FULL	21	7	sim_004	AFR	1361	1361	1	1577	216	0
NAT	NAT_HGDPMXB_FULL	21	8	sim_004	NAT	376	358	0.9521276595744681	390	32	18
NAT	NAT_HGDPMXB_FULL	21	8	sim_004	EUR	3186	3153	0.9896421845574388	3182	29	33
NAT	NAT_HGDPMXB_FULL	21	8	sim_004	AFR	1558	1529	0.9813863928112966	1548	19	29
NAT	NAT_HGDPMXB_FULL	21	9	sim_005	NAT	128	94	0.734375	111	17	34
NAT	NAT_HGDPMXB_FULL	21	9	sim_005	EUR	3613	3576	0.9897592028784943	3599	23	37
NAT	NAT_HGDPMXB_FULL	21	9	sim_005	AFR	1379	1379	1	1410	31	0
NAT	NAT_HGDPMXB_FULL	21	10	sim_005	EUR	3921	3921	1	3997	76	0
NAT	NAT_HGDPMXB_FULL	21	10	sim_005	AFR	1199	1123	0.9366138448707256	1123	0	76
NAT	NAT_HGDPMXB_FULL	21	11	sim_006	NAT	200	0	0	0	0	200
NAT	NAT_HGDPMXB_FULL	21	11	sim_006	EUR	3582	3577	0.9986041317699609	3830	253	5
NAT	NAT_HGDPMXB_FULL	21	11	sim_006	AFR	1338	1285	0.9603886397608371	1290	5	53
NAT	NAT_HGDPMXB_FULL	21	12	sim_006	NAT	3224	3202	0.9931761786600496	3241	39	22
NAT	NAT_HGDPMXB_FULL	21	12	sim_006	EUR	1857	1857	1	1879	22	0
NAT	NAT_HGDPMXB_FULL	21	12	sim_006	AFR	39	0	0	0	0	39
NAT	NAT_HGDPMXB_FULL	21	13	sim_007	NAT	1666	1658	0.9951980792316927	1719	61	8
NAT	NAT_HGDPMXB_FULL	21	13	sim_007	EUR	2469	2408	0.9752936411502633	2416	8	61
NAT	NAT_HGDPMXB_FULL	21	13	sim_007	AFR	985	985	1	985	0	0
NAT	NAT_HGDPMXB_FULL	21	14	sim_007	EUR	5025	4949	0.9848756218905472	5044	95	76
NAT	NAT_HGDPMXB_FULL	21	14	sim_007	AFR	95	0	0	76	76	95
NAT	NAT_HGDPMXB_FULL	21	15	sim_008	NAT	2649	2645	0.9984899962249906	2646	1	4
NAT	NAT_HGDPMXB_FULL	21	15	sim_008	EUR	2471	2313	0.9360582760016187	2317	4	158
NAT	NAT_HGDPMXB_FULL	21	16	sim_008	NAT	46	0	0	0	0	46
NAT	NAT_HGDPMXB_FULL	21	16	sim_008	EUR	3036	2654	0.8741765480895916	2780	126	382
NAT	NAT_HGDPMXB_FULL	21	16	sim_008	AFR	2038	1912	0.9381746810598626	2340	428	126
NAT	NAT_HGDPMXB_FULL	21	17	sim_009	EUR	1007	693	0.6881827209533267	695	2	314
NAT	NAT_HGDPMXB_FULL	21	17	sim_009	AFR	4113	4111	0.99951373693168	4253	142	2
NAT	NAT_HGDPMXB_FULL	21	18	sim_009	NAT	418	418	1	418	0	0
NAT	NAT_HGDPMXB_FULL	21	18	sim_009	EUR	3815	3592	0.9415465268676277	3706	114	223
NAT	NAT_HGDPMXB_FULL	21	18	sim_009	AFR	887	773	0.8714768883878241	996	223	114
NAT	NAT_HGDPMXB_FULL	21	19	sim_010	NAT	787	575	0.7306226175349428	575	0	212
NAT	NAT_HGDPMXB_FULL	21	19	sim_010	EUR	1283	1262	0.9836321122369447	1481	219	21
NAT	NAT_HGDPMXB_FULL	21	19	sim_010	AFR	3050	3043	0.9977049180327869	3064	21	7
NAT	NAT_HGDPMXB_FULL	21	20	sim_010	NAT	1445	1422	0.9840830449826989	1444	22	23
NAT	NAT_HGDPMXB_FULL	21	20	sim_010	EUR	3140	3118	0.9929936305732484	3126	8	22
NAT	NAT_HGDPMXB_FULL	21	20	sim_010	AFR	535	530	0.9906542056074766	550	20	5
NAT	NAT_HGDPMXB_FULL	21	21	sim_011	EUR	3195	3190	0.9984350547730829	3258	68	5
NAT	NAT_HGDPMXB_FULL	21	21	sim_011	AFR	1925	1857	0.9646753246753247	1862	5	68
NAT	NAT_HGDPMXB_FULL	21	22	sim_011	NAT	4923	4913	0.9979687182612228	4913	0	10
NAT	NAT_HGDPMXB_FULL	21	22	sim_011	EUR	197	197	1	207	10	0
NAT	NAT_HGDPMXB_FULL	21	23	sim_012	NAT	2861	2590	0.905277874868927	2628	38	271
NAT	NAT_HGDPMXB_FULL	21	23	sim_012	EUR	2055	2017	0.9815085158150851	2492	475	38
NAT	NAT_HGDPMXB_FULL	21	23	sim_012	AFR	204	0	0	0	0	204
NAT	NAT_HGDPMXB_FULL	21	24	sim_012	NAT	1041	1037	0.9961575408261287	1101	64	4
NAT	NAT_HGDPMXB_FULL	21	24	sim_012	EUR	1028	885	0.8608949416342413	968	83	143
NAT	NAT_HGDPMXB_FULL	21	24	sim_012	AFR	3051	2968	0.9727958046542118	3051	83	83
NAT	NAT_HGDPMXB_FULL	21	25	sim_013	NAT	871	869	0.9977037887485649	869	0	2
NAT	NAT_HGDPMXB_FULL	21	25	sim_013	EUR	3917	3712	0.9476640285933112	3731	19	205
NAT	NAT_HGDPMXB_FULL	21	25	sim_013	AFR	332	313	0.9427710843373494	520	207	19
NAT	NAT_HGDPMXB_FULL	21	26	sim_013	NAT	2007	1922	0.9576482311908321	1986	64	85
NAT	NAT_HGDPMXB_FULL	21	26	sim_013	EUR	3113	3049	0.9794410536460006	3134	85	64
NAT	NAT_HGDPMXB_FULL	21	27	sim_014	NAT	5	0	0	0	0	5
NAT	NAT_HGDPMXB_FULL	21	27	sim_014	EUR	4891	4890	0.9997955428337764	4902	12	1
NAT	NAT_HGDPMXB_FULL	21	27	sim_014	AFR	224	217	0.96875	218	1	7
NAT	NAT_HGDPMXB_FULL	21	28	sim_014	NAT	4603	3734	0.8112100803823593	3734	0	869
NAT	NAT_HGDPMXB_FULL	21	28	sim_014	EUR	517	517	1	1278	761	0
NAT	NAT_HGDPMXB_FULL	21	29	sim_015	NAT	333	104	0.3123123123123123	104	0	229
NAT	NAT_HGDPMXB_FULL	21	29	sim_015	EUR	503	164	0.3260437375745527	398	234	339
NAT	NAT_HGDPMXB_FULL	21	29	sim_015	AFR	4284	4279	0.9988328664799253	4618	339	5
NAT	NAT_HGDPMXB_FULL	21	30	sim_015	EUR	3177	3177	1	3177	0	0
NAT	NAT_HGDPMXB_FULL	21	30	sim_015	AFR	1943	1943	1	1943	0	0
NAT	NAT_HGDPMXB_FULL	21	31	sim_016	NAT	144	0	0	0	0	144
NAT	NAT_HGDPMXB_FULL	21	31	sim_016	EUR	4119	4095	0.9941733430444283	4299	204	24
NAT	NAT_HGDPMXB_FULL	21	31	sim_016	AFR	857	797	0.9299883313885647	821	24	60
NAT	NAT_HGDPMXB_FULL	21	32	sim_016	EUR	4390	4251	0.9683371298405467	4253	2	139
NAT	NAT_HGDPMXB_FULL	21	32	sim_016	AFR	730	728	0.9972602739726028	867	139	2
NAT	NAT_HGDPMXB_FULL	21	33	sim_017	EUR	4879	4850	0.9940561590489855	4878	28	29
NAT	NAT_HGDPMXB_FULL	21	33	sim_017	AFR	241	213	0.8838174273858921	242	29	28
NAT	NAT_HGDPMXB_FULL	21	34	sim_017	NAT	97	0	0	0	0	97
NAT	NAT_HGDPMXB_FULL	21	34	sim_017	EUR	4950	4926	0.9951515151515151	5023	97	24
NAT	NAT_HGDPMXB_FULL	21	34	sim_017	AFR	73	73	1	97	24	0
NAT	NAT_HGDPMXB_FULL	21	35	sim_018	NAT	593	523	0.8819561551433389	560	37	70
NAT	NAT_HGDPMXB_FULL	21	35	sim_018	EUR	4527	4490	0.9918268168765186	4560	70	37
NAT	NAT_HGDPMXB_FULL	21	36	sim_018	NAT	1460	1460	1	1644	184	0
NAT	NAT_HGDPMXB_FULL	21	36	sim_018	EUR	2435	2099	0.8620123203285421	2170	71	336
NAT	NAT_HGDPMXB_FULL	21	36	sim_018	AFR	1225	1148	0.9371428571428572	1306	158	77
NAT	NAT_HGDPMXB_FULL	21	37	sim_019	NAT	414	391	0.9444444444444444	405	14	23
NAT	NAT_HGDPMXB_FULL	21	37	sim_019	EUR	1863	1741	0.9345142243692969	1767	26	122
NAT	NAT_HGDPMXB_FULL	21	37	sim_019	AFR	2843	2803	0.9859303552585297	2948	145	40
NAT	NAT_HGDPMXB_FULL	21	38	sim_019	NAT	49	22	0.4489795918367347	197	175	27
NAT	NAT_HGDPMXB_FULL	21	38	sim_019	EUR	2208	1915	0.8673007246376812	1915	0	293
NAT	NAT_HGDPMXB_FULL	21	38	sim_019	AFR	2863	2863	1	3008	145	0
NAT	NAT_HGDPMXB_FULL	21	39	sim_020	NAT	1411	1345	0.9532246633593197	1345	0	66
NAT	NAT_HGDPMXB_FULL	21	39	sim_020	EUR	1745	1745	1	1811	66	0
NAT	NAT_HGDPMXB_FULL	21	39	sim_020	AFR	1964	1964	1	1964	0	0
NAT	NAT_HGDPMXB_FULL	21	40	sim_020	NAT	3037	3031	0.9980243661508067	3033	2	6
NAT	NAT_HGDPMXB_FULL	21	40	sim_020	AFR	2083	2081	0.9990398463754201	2087	6	2
NAT	NAT_HGDPMXB_FULL	21	41	sim_021	EUR	4588	4570	0.9960767218831735	4570	0	18
NAT	NAT_HGDPMXB_FULL	21	41	sim_021	AFR	532	532	1	550	18	0
NAT	NAT_HGDPMXB_FULL	21	42	sim_021	NAT	565	525	0.9292035398230089	525	0	40
NAT	NAT_HGDPMXB_FULL	21	42	sim_021	EUR	3052	3022	0.990170380078637	3062	40	30
NAT	NAT_HGDPMXB_FULL	21	42	sim_021	AFR	1503	1503	1	1533	30	0
NAT	NAT_HGDPMXB_FULL	21	43	sim_022	EUR	4384	4293	0.979242700729927	4293	0	91
NAT	NAT_HGDPMXB_FULL	21	43	sim_022	AFR	736	736	1	827	91	0
NAT	NAT_HGDPMXB_FULL	21	44	sim_022	NAT	497	468	0.9416498993963782	595	127	29
NAT	NAT_HGDPMXB_FULL	21	44	sim_022	EUR	4623	4496	0.972528661042613	4525	29	127
NAT	NAT_HGDPMXB_FULL	21	45	sim_023	EUR	1991	1968	0.9884480160723255	1968	0	23
NAT	NAT_HGDPMXB_FULL	21	45	sim_023	AFR	3129	3129	1	3152	23	0
NAT	NAT_HGDPMXB_FULL	21	46	sim_023	NAT	2121	2037	0.9603960396039604	2180	143	84
NAT	NAT_HGDPMXB_FULL	21	46	sim_023	EUR	2551	2408	0.9439435515484124	2506	98	143
NAT	NAT_HGDPMXB_FULL	21	46	sim_023	AFR	448	434	0.96875	434	0	14
NAT	NAT_HGDPMXB_FULL	21	47	sim_024	EUR	4854	4854	1	4870	16	0
NAT	NAT_HGDPMXB_FULL	21	47	sim_024	AFR	266	250	0.9398496240601504	250	0	16
NAT	NAT_HGDPMXB_FULL	21	48	sim_024	NAT	9	0	0	0	0	9
NAT	NAT_HGDPMXB_FULL	21	48	sim_024	EUR	4702	4702	1	4714	12	0
NAT	NAT_HGDPMXB_FULL	21	48	sim_024	AFR	409	406	0.9926650366748166	406	0	3
NAT	NAT_HGDPMXB_FULL	21	49	sim_025	EUR	3266	3171	0.9709124311083894	3182	11	95
NAT	NAT_HGDPMXB_FULL	21	49	sim_025	AFR	1854	1843	0.994066882416397	1938	95	11
NAT	NAT_HGDPMXB_FULL	21	50	sim_025	EUR	4619	4609	0.9978350292271054	4609	0	10
NAT	NAT_HGDPMXB_FULL	21	50	sim_025	AFR	501	501	1	511	10	0
NAT	NAT_HGDPMXB_FULL	21	51	sim_026	NAT	614	608	0.990228013029316	608	0	6
NAT	NAT_HGDPMXB_FULL	21	51	sim_026	EUR	712	587	0.824438202247191	587	0	125
NAT	NAT_HGDPMXB_FULL	21	51	sim_026	AFR	3794	3794	1	3925	131	0
NAT	NAT_HGDPMXB_FULL	21	52	sim_026	NAT	421	421	1	484	63	0
NAT	NAT_HGDPMXB_FULL	21	52	sim_026	EUR	4491	4428	0.9859719438877755	4429	1	63
NAT	NAT_HGDPMXB_FULL	21	52	sim_026	AFR	208	207	0.9951923076923077	207	0	1
NAT	NAT_HGDPMXB_FULL	21	53	sim_027	EUR	3104	2996	0.9652061855670103	3017	21	108
NAT	NAT_HGDPMXB_FULL	21	53	sim_027	AFR	2016	1995	0.9895833333333334	2103	108	21
NAT	NAT_HGDPMXB_FULL	21	54	sim_027	NAT	1820	1724	0.9472527472527472	1724	0	96
NAT	NAT_HGDPMXB_FULL	21	54	sim_027	EUR	3236	3102	0.9585908529048207	3262	160	134
NAT	NAT_HGDPMXB_FULL	21	54	sim_027	AFR	64	0	0	134	134	64
NAT	NAT_HGDPMXB_FULL	21	55	sim_028	NAT	3396	3350	0.9864546525323911	3350	0	46
NAT	NAT_HGDPMXB_FULL	21	55	sim_028	EUR	1357	1357	1	1501	144	0
NAT	NAT_HGDPMXB_FULL	21	55	sim_028	AFR	367	269	0.7329700272479565	269	0	98
NAT	NAT_HGDPMXB_FULL	21	56	sim_028	NAT	2214	1486	0.6711833785004516	1580	94	728
NAT	NAT_HGDPMXB_FULL	21	56	sim_028	EUR	2906	2812	0.9676531314521679	3540	728	94
NAT	NAT_HGDPMXB_FULL	21	57	sim_029	EUR	2725	2687	0.9860550458715597	2689	2	38
NAT	NAT_HGDPMXB_FULL	21	57	sim_029	AFR	2395	2393	0.9991649269311065	2431	38	2
NAT	NAT_HGDPMXB_FULL	21	58	sim_029	NAT	2860	2261	0.7905594405594406	2271	10	599
NAT	NAT_HGDPMXB_FULL	21	58	sim_029	EUR	1882	1872	0.9946865037194474	2370	498	10
NAT	NAT_HGDPMXB_FULL	21	58	sim_029	AFR	378	353	0.9338624338624338	479	126	25
NAT	NAT_HGDPMXB_FULL	21	59	sim_030	EUR	2134	2095	0.9817244611059044	2099	4	39
NAT	NAT_HGDPMXB_FULL	21	59	sim_030	AFR	2986	2982	0.9986604152712659	3021	39	4
NAT	NAT_HGDPMXB_FULL	21	60	sim_030	NAT	347	347	1	431	84	0
NAT	NAT_HGDPMXB_FULL	21	60	sim_030	EUR	4657	4599	0.9875456302340563	4609	10	58
NAT	NAT_HGDPMXB_FULL	21	60	sim_030	AFR	116	80	0.6896551724137931	80	0	36
NAT	NAT_HOMOG	21	1	sim_001	NAT	21	0	0	0	0	21
NAT	NAT_HOMOG	21	1	sim_001	EUR	4637	4559	0.983178779383222	4580	21	78
NAT	NAT_HOMOG	21	1	sim_001	AFR	462	462	1	540	78	0
NAT	NAT_HOMOG	21	2	sim_001	EUR	4312	4278	0.9921150278293135	4279	1	34
NAT	NAT_HOMOG	21	2	sim_001	AFR	808	807	0.9987623762376238	841	34	1
NAT	NAT_HOMOG	21	3	sim_002	NAT	817	418	0.5116279069767442	418	0	399
NAT	NAT_HOMOG	21	3	sim_002	EUR	4303	4303	1	4702	399	0
NAT	NAT_HOMOG	21	4	sim_002	NAT	1217	1011	0.8307313064913723	1076	65	206
NAT	NAT_HOMOG	21	4	sim_002	EUR	2399	2333	0.972488536890371	2605	272	66
NAT	NAT_HOMOG	21	4	sim_002	AFR	1504	1415	0.9408244680851063	1439	24	89
NAT	NAT_HOMOG	21	5	sim_003	EUR	5120	5120	1	5120	0	0
NAT	NAT_HOMOG	21	6	sim_003	EUR	1827	1808	0.9896004378762999	1863	55	19
NAT	NAT_HOMOG	21	6	sim_003	AFR	3293	3238	0.9832979046462192	3257	19	55
NAT	NAT_HOMOG	21	7	sim_004	NAT	4	0	0	0	0	4
NAT	NAT_HOMOG	21	7	sim_004	EUR	3755	3539	0.9424766977363516	3543	4	216
NAT	NAT_HOMOG	21	7	sim_004	AFR	1361	1361	1	1577	216	0
NAT	NAT_HOMOG	21	8	sim_004	NAT	376	358	0.9521276595744681	390	32	18
NAT	NAT_HOMOG	21	8	sim_004	EUR	3186	3153	0.9896421845574388	3182	29	33
NAT	NAT_HOMOG	21	8	sim_004	AFR	1558	1529	0.9813863928112966	1548	19	29
NAT	NAT_HOMOG	21	9	sim_005	NAT	128	116	0.90625	187	71	12
NAT	NAT_HOMOG	21	9	sim_005	EUR	3613	3542	0.9803487406587323	3550	8	71
NAT	NAT_HOMOG	21	9	sim_005	AFR	1379	1372	0.9949238578680203	1383	11	7
NAT	NAT_HOMOG	21	10	sim_005	EUR	3921	3921	1	3997	76	0
NAT	NAT_HOMOG	21	10	sim_005	AFR	1199	1123	0.9366138448707256	1123	0	76
NAT	NAT_HOMOG	21	11	sim_006	NAT	200	0	0	0	0	200
NAT	NAT_HOMOG	21	11	sim_006	EUR	3582	3577	0.9986041317699609	3830	253	5
NAT	NAT_HOMOG	21	11	sim_006	AFR	1338	1285	0.9603886397608371	1290	5	53
NAT	NAT_HOMOG	21	12	sim_006	NAT	3224	3087	0.9575062034739454	3126	39	137
NAT	NAT_HOMOG	21	12	sim_006	EUR	1857	1857	1	1994	137	0
NAT	NAT_HOMOG	21	12	sim_006	AFR	39	0	0	0	0	39
NAT	NAT_HOMOG	21	13	sim_007	NAT	1666	1658	0.9951980792316927	1719	61	8
NAT	NAT_HOMOG	21	13	sim_007	EUR	2469	2408	0.9752936411502633	2416	8	61
NAT	NAT_HOMOG	21	13	sim_007	AFR	985	985	1	985	0	0
NAT	NAT_HOMOG	21	14	sim_007	EUR	5025	4949	0.9848756218905472	5044	95	76
NAT	NAT_HOMOG	21	14	sim_007	AFR	95	0	0	76	76	95
NAT	NAT_HOMOG	21	15	sim_008	NAT	2649	2645	0.9984899962249906	2646	1	4
NAT	NAT_HOMOG	21	15	sim_008	EUR	2471	2313	0.9360582760016187	2317	4	158
NAT	NAT_HOMOG	21	16	sim_008	NAT	46	0	0	0	0	46
NAT	NAT_HOMOG	21	16	sim_008	EUR	3036	2711	0.8929512516469038	2837	126	325
NAT	NAT_HOMOG	21	16	sim_008	AFR	2038	1912	0.9381746810598626	2283	371	126
NAT	NAT_HOMOG	21	17	sim_009	EUR	1007	693	0.6881827209533267	695	2	314
NAT	NAT_HOMOG	21	17	sim_009	AFR	4113	4111	0.99951373693168	4255	144	2
NAT	NAT_HOMOG	21	18	sim_009	NAT	418	418	1	418	0	0
NAT	NAT_HOMOG	21	18	sim_009	EUR	3815	3804	0.9971166448230668	3918	114	11
NAT	NAT_HOMOG	21	18	sim_009	AFR	887	773	0.8714768883878241	784	11	114
NAT	NAT_HOMOG	21	19	sim_010	NAT	787	787	1	832	45	0
NAT	NAT_HOMOG	21	19	sim_010	EUR	1283	1217	0.9485580670303975	1224	7	66
NAT	NAT_HOMOG	21	19	sim_010	AFR	3050	3043	0.9977049180327869	3064	21	7
NAT	NAT_HOMOG	21	20	sim_010	NAT	1445	1425	0.986159169550173	1448	23	20
NAT	NAT_HOMOG	21	20	sim_010	EUR	3140	3117	0.9926751592356687	3122	5	23
NAT	NAT_HOMOG	21	20	sim_010	AFR	535	530	0.9906542056074766	550	20	5
NAT	NAT_HOMOG	21	21	sim_011	EUR	3195	3190	0.9984350547730829	3242	52	5
NAT	NAT_HOMOG	21	21	sim_011	AFR	1925	1873	0.972987012987013	1878	5	52
NAT	NAT_HOMOG	21	22	sim_011	NAT	4923	4913	0.9979687182612228	4913	0	10
NAT	NAT_HOMOG	21	22	sim_011	EUR	197	197	1	207	10	0
NAT	NAT_HOMOG	21	23	sim_012	NAT	2861	2810	0.9821740650122335	2850	40	51
NAT	NAT_HOMOG	21	23	sim_012	EUR	2055	2015	0.9805352798053528	2270	255	40
NAT	NAT_HOMOG	21	23	sim_012	AFR	204	0	0	0	0	204
NAT	NAT_HOMOG	21	24	sim_012	NAT	1041	1037	0.9961575408261287	1158	121	4
NAT	NAT_HOMOG	21	24	sim_012	EUR	1028	885	0.8608949416342413	968	83	143
NAT	NAT_HOMOG	21	24	sim_012	AFR	3051	2968	0.9727958046542118	2994	26	83
NAT	NAT_HOMOG	21	25	sim_013	NAT	871	869	0.9977037887485649	869	0	2
NAT	NAT_HOMOG	21	25	sim_013	EUR	3917	3917	1	3936	19	0
NAT	NAT_HOMOG	21	25	sim_013	AFR	332	313	0.9427710843373494	315	2	19
NAT	NAT_HOMOG	21	26	sim_013	NAT	2007	1998	0.9955156950672646	2062	64	9
NAT	NAT_HOMOG	21	26	sim_013	EUR	3113	3049	0.9794410536460006	3058	9	64
NAT	NAT_HOMOG	21	27	sim_014	NAT	5	0	0	0	0	5
NAT	NAT_HOMOG	21	27	sim_014	EUR	4891	4874	0.9965242281741975	4886	12	17
NAT	NAT_HOMOG	21	27	sim_014	AFR	224	217	0.96875	234	17	7
NAT	NAT_HOMOG	21	28	sim_014	NAT	4603	4169	0.9057136650010863	4169	0	434
NAT	NAT_HOMOG	21	28	sim_014	EUR	517	517	1	843	326	0
NAT	NAT_HOMOG	21	29	sim_015	NAT	333	285	0.8558558558558559	285	0	48
NAT	NAT_HOMOG	21	29	sim_015	EUR	503	164	0.3260437375745527	217	53	339
NAT	NAT_HOMOG	21	29	sim_015	AFR	4284	4279	0.9988328664799253	4618	339	5
NAT	NAT_HOMOG	21	30	sim_015	EUR	3177	3177	1	3201	24	0
NAT	NAT_HOMOG	21	30	sim_015	AFR	1943	1919	0.9876479670612455	1919	0	24
NAT	NAT_HOMOG	21	31	sim_016	NAT	144	0	0	0	0	144
NAT	NAT_HOMOG	21	31	sim_016	EUR	4119	4095	0.9941733430444283	4299	204	24
NAT	NAT_HOMOG	21	31	sim_016	AFR	857	797	0.9299883313885647	821	24	60
NAT	NAT_HOMOG	21	32	sim_016	EUR	4390	4251	0.9683371298405467	4253	2	139
NAT	NAT_HOMOG	21	32	sim_016	AFR	730	728	0.9972602739726028	867	139	2
NAT	NAT_HOMOG	21	33	sim_017	EUR	4879	4850	0.9940561590489855	4878	28	29
NAT	NAT_HOMOG	21	33	sim_017	AFR	241	213	0.8838174273858921	242	29	28
NAT	NAT_HOMOG	21	34	sim_017	NAT	97	97	1	166	69	0
NAT	NAT_HOMOG	21	34	sim_017	EUR	4950	4775	0.9646464646464646	4848	73	175
NAT	NAT_HOMOG	21	34	sim_017	AFR	73	0	0	106	106	73
NAT	NAT_HOMOG	21	35	sim_018	NAT	593	581	0.9797639123102867	636	55	12
NAT	NAT_HOMOG	21	35	sim_018	EUR	4527	4472	0.9878506737353656	4484	12	55
NAT	NAT_HOMOG	21	36	sim_018	NAT	1460	1375	0.9417808219178082	1558	183	85
NAT	NAT_HOMOG	21	36	sim_018	EUR	2435	1986	0.815605749486653	2074	88	449
NAT	NAT_HOMOG	21	36	sim_018	AFR	1225	1216	0.9926530612244898	1488	272	9
NAT	NAT_HOMOG	21	37	sim_019	NAT	414	379	0.9154589371980676	379	0	35
NAT	NAT_HOMOG	21	37	sim_019	EUR	1863	1741	0.9345142243692969	1767	26	122
NAT	NAT_HOMOG	21	37	sim_019	AFR	2843	2817	0.9908547309180443	2974	157	26
NAT	NAT_HOMOG	21	38	sim_019	NAT	49	22	0.4489795918367347	22	0	27
NAT	NAT_HOMOG	21	38	sim_019	EUR	2208	2123	0.9615036231884058	2123	0	85
NAT	NAT_HOMOG	21	38	sim_019	AFR	2863	2863	1	2975	112	0
NAT	NAT_HOMOG	21	39	sim_020	NAT	1411	1411	1	1417	6	0
NAT	NAT_HOMOG	21	39	sim_020	EUR	1745	1739	0.9965616045845272	1739	0	6
NAT	NAT_HOMOG	21	39	sim_020	AFR	1964	1964	1	1964	0	0
NAT	NAT_HOMOG	21	40	sim_020	NAT	3037	3028	0.9970365492262101	3028	0	9
NAT	NAT_HOMOG	21	40	sim_020	AFR	2083	2083	1	2092	9	0
NAT	NAT_HOMOG	21	41	sim_021	EUR	4588	4570	0.9960767218831735	4570	0	18
NAT	NAT_HOMOG	21	41	sim_021	AFR	532	532	1	550	18	0
NAT	NAT_HOMOG	21	42	sim_021	NAT	565	525	0.9292035398230089	525	0	40
NAT	NAT_HOMOG	21	42	sim_021	EUR	3052	3022	0.990170380078637	3062	40	30
NAT	NAT_HOMOG	21	42	sim_021	AFR	1503	1503	1	1533	30	0
NAT	NAT_HOMOG	21	43	sim_022	EUR	4384	4293	0.979242700729927	4293	0	91
NAT	NAT_HOMOG	21	43	sim_022	AFR	736	736	1	827	91	0
NAT	NAT_HOMOG	21	44	sim_022	NAT	497	405	0.8148893360160966	405	0	92
NAT	NAT_HOMOG	21	44	sim_022	EUR	4623	4623	1	4715	92	0
NAT	NAT_HOMOG	21	45	sim_023	EUR	1991	1951	0.9799095931692616	1951	0	40
NAT	NAT_HOMOG	21	45	sim_023	AFR	3129	3129	1	3169	40	0
NAT	NAT_HOMOG	21	46	sim_023	NAT	2121	2037	0.9603960396039604	2198	161	84
NAT	NAT_HOMOG	21	46	sim_023	EUR	2551	2408	0.9439435515484124	2506	98	143
NAT	NAT_HOMOG	21	46	sim_023	AFR	448	416	0.9285714285714286	416	0	32
NAT	NAT_HOMOG	21	47	sim_024	EUR	4854	4854	1	4870	16	0
NAT	NAT_HOMOG	21	47	sim_024	AFR	266	250	0.9398496240601504	250	0	16
NAT	NAT_HOMOG	21	48	sim_024	NAT	9	0	0	0	0	9
NAT	NAT_HOMOG	21	48	sim_024	EUR	4702	4702	1	4714	12	0
NAT	NAT_HOMOG	21	48	sim_024	AFR	409	406	0.9926650366748166	406	0	3
NAT	NAT_HOMOG	21	49	sim_025	EUR	3266	3261	0.9984690753214942	3272	11	5
NAT	NAT_HOMOG	21	49	sim_025	AFR	1854	1843	0.994066882416397	1848	5	11
NAT	NAT_HOMOG	21	50	sim_025	EUR	4619	4609	0.9978350292271054	4609	0	10
NAT	NAT_HOMOG	21	50	sim_025	AFR	501	501	1	511	10	0
NAT	NAT_HOMOG	21	51	sim_026	NAT	614	576	0.9381107491856677	576	0	38
NAT	NAT_HOMOG	21	51	sim_026	EUR	712	587	0.824438202247191	587	0	125
NAT	NAT_HOMOG	21	51	sim_026	AFR	3794	3794	1	3957	163	0
NAT	NAT_HOMOG	21	52	sim_026	NAT	421	421	1	484	63	0
NAT	NAT_HOMOG	21	52	sim_026	EUR	4491	4428	0.9859719438877755	4429	1	63
NAT	NAT_HOMOG	21	52	sim_026	AFR	208	207	0.9951923076923077	207	0	1
NAT	NAT_HOMOG	21	53	sim_027	EUR	3104	2996	0.9652061855670103	3017	21	108
NAT	NAT_HOMOG	21	53	sim_027	AFR	2016	1995	0.9895833333333334	2103	108	21
NAT	NAT_HOMOG	21	54	sim_027	NAT	1820	1813	0.9961538461538462	1942	129	7
NAT	NAT_HOMOG	21	54	sim_027	EUR	3236	3029	0.9360321384425216	3100	71	207
NAT	NAT_HOMOG	21	54	sim_027	AFR	64	0	0	78	78	64
NAT	NAT_HOMOG	21	55	sim_028	NAT	3396	3395	0.9997055359246172	3438	43	1
NAT	NAT_HOMOG	21	55	sim_028	EUR	1357	1314	0.9683124539425203	1413	99	43
NAT	NAT_HOMOG	21	55	sim_028	AFR	367	269	0.7329700272479565	269	0	98
NAT	NAT_HOMOG	21	56	sim_028	NAT	2214	1547	0.6987353206865402	1612	65	667
NAT	NAT_HOMOG	21	56	sim_028	EUR	2906	2841	0.977632484514797	3508	667	65
NAT	NAT_HOMOG	21	57	sim_029	EUR	2725	2687	0.9860550458715597	2689	2	38
NAT	NAT_HOMOG	21	57	sim_029	AFR	2395	2393	0.9991649269311065	2431	38	2
NAT	NAT_HOMOG	21	58	sim_029	NAT	2860	2282	0.7979020979020979	2292	10	578
NAT	NAT_HOMOG	21	58	sim_029	EUR	1882	1872	0.9946865037194474	2349	477	10
NAT	NAT_HOMOG	21	58	sim_029	AFR	378	353	0.9338624338624338	479	126	25
NAT	NAT_HOMOG	21	59	sim_030	EUR	2134	2086	0.9775070290534208	2086	0	48
NAT	NAT_HOMOG	21	59	sim_030	AFR	2986	2986	1	3034	48	0
NAT	NAT_HOMOG	21	60	sim_030	NAT	347	347	1	431	84	0
NAT	NAT_HOMOG	21	60	sim_030	EUR	4657	4599	0.9875456302340563	4609	10	58
NAT	NAT_HOMOG	21	60	sim_030	AFR	116	80	0.6896551724137931	80	0	36
NATMXB	NAT_HOMOG	21	1	sim_001	NAT	43	0	0	0	0	43
NATMXB	NAT_HOMOG	21	1	sim_001	EUR	3224	3081	0.9556451612903226	3187	106	143
NATMXB	NAT_HOMOG	21	1	sim_001	AFR	1853	1783	0.9622234214786832	1933	150	70
NATMXB	NAT_HOMOG	21	2	sim_001	NAT	785	262	0.33375796178343947	269	7	523
NATMXB	NAT_HOMOG	21	2	sim_001	EUR	3637	3634	0.9991751443497388	4164	530	3
NATMXB	NAT_HOMOG	21	2	sim_001	AFR	698	687	0.9842406876790831	687	0	11
NATMXB	NAT_HOMOG	21	3	sim_002	EUR	4562	4562	1	4562	0	0
NATMXB	NAT_HOMOG	21	3	sim_002	AFR	558	558	1	558	0	0
NATMXB	NAT_HOMOG	21	4	sim_002	NAT	1930	1911	0.9901554404145078	1998	87	19
NATMXB	NAT_HOMOG	21	4	sim_002	EUR	3190	3103	0.9727272727272728	3122	19	87
NATMXB	NAT_HOMOG	21	5	sim_003	NAT	1966	1966	1	1966	0	0
NATMXB	NAT_HOMOG	21	5	sim_003	AFR	3154	3154	1	3154	0	0
NATMXB	NAT_HOMOG	21	6	sim_003	NAT	1666	1579	0.9477791116446579	1579	0	87
NATMXB	NAT_HOMOG	21	6	sim_003	EUR	3027	3013	0.9953749587049885	3115	102	14
NATMXB	NAT_HOMOG	21	6	sim_003	AFR	427	412	0.9648711943793911	426	14	15
NATMXB	NAT_HOMOG	21	7	sim_004	NAT	1788	1788	1	1788	0	0
NATMXB	NAT_HOMOG	21	7	sim_004	EUR	3332	3332	1	3332	0	0
NATMXB	NAT_HOMOG	21	8	sim_004	EUR	4512	4497	0.9966755319148937	4647	150	15
NATMXB	NAT_HOMOG	21	8	sim_004	AFR	608	458	0.7532894736842105	473	15	150
NATMXB	NAT_HOMOG	21	9	sim_005	EUR	5100	5100	1	5120	20	0
NATMXB	NAT_HOMOG	21	9	sim_005	AFR	20	0	0	0	0	20
NATMXB	NAT_HOMOG	21	10	sim_005	NAT	289	289	1	289	0	0
NATMXB	NAT_HOMOG	21	10	sim_005	EUR	4380	4236	0.9671232876712329	4248	12	144
NATMXB	NAT_HOMOG	21	10	sim_005	AFR	451	439	0.9733924611973392	583	144	12
NATMXB	NAT_HOMOG	21	11	sim_006	NAT	1118	908	0.8121645796064401	908	0	210
NATMXB	NAT_HOMOG	21	11	sim_006	EUR	1930	1901	0.9849740932642487	2111	210	29
NATMXB	NAT_HOMOG	21	11	sim_006	AFR	2072	2072	1	2101	29	0
NATMXB	NAT_HOMOG	21	12	sim_006	NAT	1749	1749	1	1768	19	0
NATMXB	NAT_HOMOG	21	12	sim_006	EUR	2186	1887	0.863220494053065	1887	0	299
NATMXB	NAT_HOMOG	21	12	sim_006	AFR	1185	1171	0.9881856540084388	1465	294	14
NATMXB	NAT_HOMOG	21	13	sim_007	NAT	1059	1045	0.9867799811142587	1045	0	14
NATMXB	NAT_HOMOG	21	13	sim_007	EUR	3427	3397	0.9912459877443829	3439	42	30
NATMXB	NAT_HOMOG	21	13	sim_007	AFR	634	606	0.9558359621451105	636	30	28
NATMXB	NAT_HOMOG	21	14	sim_007	EUR	3147	3146	0.9996822370511599	3248	102	1
NATMXB	NAT_HOMOG	21	14	sim_007	AFR	1973	1871	0.9483020780537252	1872	1	102
NATMXB	NAT_HOMOG	21	15	sim_008	NAT	422	422	1	703	281	0
NATMXB	NAT_HOMOG	21	15	sim_008	EUR	4698	4397	0.9359301830566198	4397	0	301
NATMXB	NAT_HOMOG	21	16	sim_008	NAT	418	418	1	418	0	0
NATMXB	NAT_HOMOG	21	16	sim_008	EUR	4702	4530	0.963419821352616	4530	0	172
NATMXB	NAT_HOMOG	21	17	sim_009	NAT	1241	1140	0.9186140209508461	1146	6	101
NATMXB	NAT_HOMOG	21	17	sim_009	EUR	1581	1430	0.9044908285895004	1528	98	151
NATMXB	NAT_HOMOG	21	17	sim_009	AFR	2298	2298	1	2446	148	0
NATMXB	NAT_HOMOG	21	18	sim_009	NAT	25	0	0	0	0	25
NATMXB	NAT_HOMOG	21	18	sim_009	EUR	3793	3793	1	3797	4	0
NATMXB	NAT_HOMOG	21	18	sim_009	AFR	1302	1298	0.9969278033794163	1323	25	4
NATMXB	NAT_HOMOG	21	19	sim_010	NAT	3396	3386	0.997055359246172	3386	0	10
NATMXB	NAT_HOMOG	21	19	sim_010	EUR	1724	1724	1	1734	10	0
NATMXB	NAT_HOMOG	21	20	sim_010	NAT	702	702	1	712	10	0
NATMXB	NAT_HOMOG	21	20	sim_010	EUR	3845	3835	0.9973992197659298	3905	70	10
NATMXB	NAT_HOMOG	21	20	sim_010	AFR	573	503	0.8778359511343804	503	0	70
NATMXB	NAT_HOMOG	21	21	sim_011	NAT	18	0	0	0	0	18
NATMXB	NAT_HOMOG	21	21	sim_011	EUR	4486	4477	0.9979937583593401	4485	8	9
NATMXB	NAT_HOMOG	21	21	sim_011	AFR	616	608	0.987012987012987	635	27	8
NATMXB	NAT_HOMOG	21	22	sim_011	NAT	2742	2742	1	2794	52	0
NATMXB	NAT_HOMOG	21	22	sim_011	EUR	1338	1130	0.8445440956651719	1130	0	208
NATMXB	NAT_HOMOG	21	22	sim_011	AFR	1040	1039	0.9990384615384615	1196	157	1
NATMXB	NAT_HOMOG	21	23	sim_012	NAT	126	0	0	160	160	126
NATMXB	NAT_HOMOG	21	23	sim_012	EUR	4834	4534	0.9379395945386844	4660	126	300
NATMXB	NAT_HOMOG	21	23	sim_012	AFR	160	160	1	300	140	0
NATMXB	NAT_HOMOG	21	24	sim_012	EUR	1806	1794	0.9933554817275747	1794	0	12
NATMXB	NAT_HOMOG	21	24	sim_012	AFR	3314	3314	1	3326	12	0
NATMXB	NAT_HOMOG	21	25	sim_013	NAT	679	644	0.9484536082474226	753	109	35
NATMXB	NAT_HOMOG	21	25	sim_013	EUR	2679	2600	0.9705113848450915	2732	132	79
NATMXB	NAT_HOMOG	21	25	sim_013	AFR	1762	1635	0.9279228149829739	1635	0	127
NATMXB	NAT_HOMOG	21	26	sim_013	NAT	52	52	1	97	45	0
NATMXB	NAT_HOMOG	21	26	sim_013	EUR	4702	4702	1	4734	32	0
NATMXB	NAT_HOMOG	21	26	sim_013	AFR	366	289	0.7896174863387978	289	0	77
NATMXB	NAT_HOMOG	21	27	sim_014	NAT	1604	1243	0.7749376558603491	1312	69	361
NATMXB	NAT_HOMOG	21	27	sim_014	EUR	1875	1795	0.9573333333333334	2200	405	80
NATMXB	NAT_HOMOG	21	27	sim_014	AFR	1641	1595	0.9719683120048751	1608	13	46
NATMXB	NAT_HOMOG	21	28	sim_014	EUR	5120	5120	1	5120	0	0
NATMXB	NAT_HOMOG	21	29	sim_015	EUR	3462	3435	0.9922010398613518	3436	1	27
NATMXB	NAT_HOMOG	21	29	sim_015	AFR	1658	1657	0.9993968636911942	1684	27	1
NATMXB	NAT_HOMOG	21	30	sim_015	EUR	5120	5120	1	5120	0	0
NATMXB	NAT_HOMOG	21	31	sim_016	EUR	5120	5044	0.98515625	5044	0	76
NATMXB	NAT_HOMOG	21	32	sim_016	NAT	524	524	1	629	105	0
NATMXB	NAT_HOMOG	21	32	sim_016	EUR	4391	4353	0.9913459348667729	4353	0	38
NATMXB	NAT_HOMOG	21	32	sim_016	AFR	205	133	0.6487804878048781	138	5	72
NATMXB	NAT_HOMOG	21	33	sim_017	EUR	4538	4331	0.9543851917144116	4340	9	207
NATMXB	NAT_HOMOG	21	33	sim_017	AFR	582	573	0.9845360824742269	780	207	9
NATMXB	NAT_HOMOG	21	34	sim_017	NAT	1753	1753	1	1792	39	0
NATMXB	NAT_HOMOG	21	34	sim_017	EUR	2414	2375	0.9838442419221209	2400	25	39
NATMXB	NAT_HOMOG	21	34	sim_017	AFR	953	928	0.9737670514165793	928	0	25
NATMXB	NAT_HOMOG	21	35	sim_018	NAT	358	332	0.9273743016759777	332	0	26
NATMXB	NAT_HOMOG	21	35	sim_018	EUR	1742	1742	1	1742	0	0
NATMXB	NAT_HOMOG	21	35	sim_018	AFR	3020	3020	1	3046	26	0
NATMXB	NAT_HOMOG	21	36	sim_018	EUR	4044	3882	0.9599406528189911	3890	8	162
NATMXB	NAT_HOMOG	21	36	sim_018	AFR	1076	1068	0.9925650557620818	1158	90	8
NATMXB	NAT_HOMOG	21	37	sim_019	NAT	280	280	1	323	43	0
NATMXB	NAT_HOMOG	21	37	sim_019	EUR	3230	3084	0.9547987616099072	3086	2	146
NATMXB	NAT_HOMOG	21	37	sim_019	AFR	1610	1608	0.9987577639751553	1711	103	2
NATMXB	NAT_HOMOG	21	38	sim_019	NAT	991	991	1	993	2	0
NATMXB	NAT_HOMOG	21	38	sim_019	EUR	1266	1156	0.9131121642969984	1156	0	110
NATMXB	NAT_HOMOG	21	38	sim_019	AFR	2863	2861	0.9993014320642682	2971	110	2
NATMXB	NAT_HOMOG	21	39	sim_020	EUR	4000	3640	0.91	3640	0	360
NATMXB	NAT_HOMOG	21	39	sim_020	AFR	1120	1120	1	1480	360	0
NATMXB	NAT_HOMOG	21	40	sim_020	NAT	1098	1026	0.9344262295081968	1080	54	72
NATMXB	NAT_HOMOG	21	40	sim_020	EUR	1524	1524	1	1600	76	0
NATMXB	NAT_HOMOG	21	40	sim_020	AFR	2498	2440	0.9767814251401121	2440	0	58
NATMXB	NAT_HOMOG	21	41	sim_021	EUR	4498	4308	0.9577590040017786	4322	14	190
NATMXB	NAT_HOMOG	21	41	sim_021	AFR	622	608	0.977491961414791	798	190	14
NATMXB	NAT_HOMOG	21	42	sim_021	EUR	4840	4788	0.9892561983471074	4931	143	52
NATMXB	NAT_HOMOG	21	42	sim_021	AFR	280	137	0.48928571428571427	189	52	143
NATMXB	NAT_HOMOG	21	43	sim_022	NAT	1305	1303	0.9984674329501916	1303	0	2
NATMXB	NAT_HOMOG	21	43	sim_022	EUR	1600	1502	0.93875	1539	37	98
NATMXB	NAT_HOMOG	21	43	sim_022	AFR	2215	2180	0.9841986455981941	2278	98	35
NATMXB	NAT_HOMOG	21	44	sim_022	NAT	352	335	0.9517045454545454	344	9	17
NATMXB	NAT_HOMOG	21	44	sim_022	EUR	3433	3416	0.9950480629187299	3416	0	17
NATMXB	NAT_HOMOG	21	44	sim_022	AFR	1335	1326	0.9932584269662922	1360	34	9
NATMXB	NAT_HOMOG	21	45	sim_023	EUR	5120	5034	0.983203125	5034	0	86
NATMXB	NAT_HOMOG	21	46	sim_023	NAT	344	310	0.9011627906976745	327	17	34
NATMXB	NAT_HOMOG	21	46	sim_023	EUR	4776	4759	0.9964405360134003	4793	34	17
NATMXB	NAT_HOMOG	21	47	sim_024	EUR	5120	5120	1	5120	0	0
NATMXB	NAT_HOMOG	21	48	sim_024	NAT	4843	4839	0.9991740656617799	4923	84	4
NATMXB	NAT_HOMOG	21	48	sim_024	EUR	263	193	0.7338403041825095	197	4	70
NATMXB	NAT_HOMOG	21	48	sim_024	AFR	14	0	0	0	0	14
NATMXB	NAT_HOMOG	21	49	sim_025	NAT	2298	2277	0.9908616187989556	2277	0	21
NATMXB	NAT_HOMOG	21	49	sim_025	EUR	2489	2485	0.9983929288871033	2526	41	4
NATMXB	NAT_HOMOG	21	49	sim_025	AFR	333	313	0.93993993993994	317	4	20
NATMXB	NAT_HOMOG	21	50	sim_025	EUR	4164	4093	0.9829490874159462	4093	0	71
NATMXB	NAT_HOMOG	21	50	sim_025	AFR	956	956	1	1027	71	0
NATMXB	NAT_HOMOG	21	51	sim_026	EUR	5120	5120	1	5120	0	0
NATMXB	NAT_HOMOG	21	52	sim_026	NAT	2054	2054	1	2135	81	0
NATMXB	NAT_HOMOG	21	52	sim_026	EUR	3066	2985	0.9735812133072407	2985	0	81
NATMXB	NAT_HOMOG	21	53	sim_027	EUR	5120	5120	1	5120	0	0
NATMXB	NAT_HOMOG	21	54	sim_027	NAT	1974	1660	0.8409321175278622	1660	0	314
NATMXB	NAT_HOMOG	21	54	sim_027	EUR	2404	2399	0.9979201331114809	2713	314	5
NATMXB	NAT_HOMOG	21	54	sim_027	AFR	742	742	1	747	5	0
NATMXB	NAT_HOMOG	21	55	sim_028	EUR	3064	3047	0.9944516971279374	3059	12	17
NATMXB	NAT_HOMOG	21	55	sim_028	AFR	2056	2044	0.9941634241245136	2061	17	12
NATMXB	NAT_HOMOG	21	56	sim_028	NAT	225	204	0.9066666666666666	204	0	21
NATMXB	NAT_HOMOG	21	56	sim_028	EUR	4895	4895	1	4916	21	0
NATMXB	NAT_HOMOG	21	57	sim_029	NAT	1242	1242	1	1250	8	0
NATMXB	NAT_HOMOG	21	57	sim_029	EUR	2890	2890	1	2945	55	0
NATMXB	NAT_HOMOG	21	57	sim_029	AFR	988	925	0.9362348178137652	925	0	63
NATMXB	NAT_HOMOG	21	58	sim_029	NAT	3097	3097	1	3459	362	0
NATMXB	NAT_HOMOG	21	58	sim_029	EUR	1798	1432	0.796440489432703	1432	0	366
NATMXB	NAT_HOMOG	21	58	sim_029	AFR	225	225	1	229	4	0
NATMXB	NAT_HOMOG	21	59	sim_030	NAT	2051	1428	0.6962457337883959	1502	74	623
NATMXB	NAT_HOMOG	21	59	sim_030	EUR	3069	2995	0.9758879113717823	3618	623	74
NATMXB	NAT_HOMOG	21	60	sim_030	EUR	2026	2026	1	2026	0	0
NATMXB	NAT_HOMOG	21	60	sim_030	AFR	3094	3094	1	3094	0	0
NAT	NAT_HGDP	22	1	sim_001	NAT	854	854	1	854	0	0
NAT	NAT_HGDP	22	1	sim_001	EUR	1731	1731	1	1734	3	0
NAT	NAT_HGDP	22	1	sim_001	AFR	2884	2881	0.9989597780859917	2881	0	3
NAT	NAT_HGDP	22	2	sim_001	NAT	782	769	0.9833759590792839	772	3	13
NAT	NAT_HGDP	22	2	sim_001	EUR	338	327	0.9674556213017751	398	71	11
NAT	NAT_HGDP	22	2	sim_001	AFR	4349	4288	0.9859737870774891	4299	11	61
NAT	NAT_HGDP	22	3	sim_002	NAT	328	328	1	328	0	0
NAT	NAT_HGDP	22	3	sim_002	EUR	3724	3708	0.9957035445757251	3708	0	16
NAT	NAT_HGDP	22	3	sim_002	AFR	1417	1417	1	1433	16	0
NAT	NAT_HGDP	22	4	sim_002	NAT	429	428	0.9976689976689976	445	17	1
NAT	NAT_HGDP	22	4	sim_002	EUR	4049	4024	0.9938256359594961	4051	27	25
NAT	NAT_HGDP	22	4	sim_002	AFR	991	965	0.9737638748738647	973	8	26
NAT	NAT_HGDP	22	5	sim_003	NAT	1709	1707	0.9988297249853716	1707	0	2
NAT	NAT_HGDP	22	5	sim_003	EUR	483	435	0.9006211180124224	454	19	48
NAT	NAT_HGDP	22	5	sim_003	AFR	3277	3258	0.9942020140372292	3308	50	19
NAT	NAT_HGDP	22	6	sim_003	NAT	1326	1285	0.969079939668175	1318	33	41
NAT	NAT_HGDP	22	6	sim_003	EUR	4143	4110	0.9920347574221579	4151	41	33
NAT	NAT_HGDP	22	7	sim_004	NAT	806	798	0.9900744416873449	798	0	8
NAT	NAT_HGDP	22	7	sim_004	EUR	2780	2772	0.9971223021582734	2853	81	8
NAT	NAT_HGDP	22	7	sim_004	AFR	1883	1802	0.9569835369091875	1818	16	81
NAT	NAT_HGDP	22	8	sim_004	NAT	176	149	0.8465909090909091	149	0	27
NAT	NAT_HGDP	22	8	sim_004	EUR	3541	3540	0.9997175939000282	3569	29	1
NAT	NAT_HGDP	22	8	sim_004	AFR	1752	1750	0.9988584474885844	1751	1	2
NAT	NAT_HGDP	22	9	sim_005	NAT	711	706	0.9929676511954993	706	0	5
NAT	NAT_HGDP	22	9	sim_005	EUR	4503	4182	0.9287141905396402	4187	5	321
NAT	NAT_HGDP	22	9	sim_005	AFR	255	255	1	576	321	0
NAT	NAT_HGDP	22	10	sim_005	EUR	1035	1015	0.9806763285024155	1094	79	20
NAT	NAT_HGDP	22	10	sim_005	AFR	4434	4355	0.9821831303563374	4375	20	79
NAT	NAT_HGDP	22	11	sim_006	NAT	2061	1836	0.8908296943231441	2231	395	225
NAT	NAT_HGDP	22	11	sim_006	EUR	2549	2144	0.841114162416634	2369	225	405
NAT	NAT_HGDP	22	11	sim_006	AFR	859	859	1	869	10	0
NAT	NAT_HGDP	22	12	sim_006	NAT	2214	1200	0.5420054200542005	1284	84	1014
NAT	NAT_HGDP	22	12	sim_006	EUR	1428	1268	0.8879551820728291	2282	1014	160
NAT	NAT_HGDP	22	12	sim_006	AFR	1827	1827	1	1903	76	0
NAT	NAT_HGDP	22	13	sim_007	EUR	4442	4415	0.9939216569113012	4533	118	27
NAT	NAT_HGDP	22	13	sim_007	AFR	1027	909	0.8851022395326192	936	27	118
NAT	NAT_HGDP	22	14	sim_007	NAT	61	61	1	221	160	0
NAT	NAT_HGDP	22	14	sim_007	EUR	4927	4433	0.899736147757256	4434	1	494
NAT	NAT_HGDP	22	14	sim_007	AFR	481	480	0.997920997920998	814	334	1
NAT	NAT_HGDP	22	15	sim_008	NAT	691	682	0.9869753979739508	1046	364	9
NAT	NAT_HGDP	22	15	sim_008	EUR	4684	4013	0.8567463706233988	4116	103	671
NAT	NAT_HGDP	22	15	sim_008	AFR	94	0	0	307	307	94
NAT	NAT_HGDP	22	16	sim_008	NAT	2418	2014	0.8329197684036393	2030	16	404
NAT	NAT_HGDP	22	16	sim_008	EUR	2447	2257	0.9223539027380466	2263	6	190
NAT	NAT_HGDP	22	16	sim_008	AFR	604	604	1	1176	572	0
NAT	NAT_HGDP	22	17	sim_009	NAT	1389	1370	0.986321094312455	1522	152	19
NAT	NAT_HGDP	22	17	sim_009	EUR	1187	1035	0.8719460825610783	1051	16	152
NAT	NAT_HGDP	22	17	sim_009	AFR	2893	2877	0.9944694089180781	2896	19	16
NAT	NAT_HGDP	22	18	sim_009	EUR	2976	2976	1	3041	65	0
NAT	NAT_HGDP	22	18	sim_009	AFR	2493	2428	0.9739269955876454	2428	0	65
NAT	NAT_HGDP	22	19	sim_010	EUR	4119	4071	0.9883466860888566	4228	157	48
NAT	NAT_HGDP	22	19	sim_010	AFR	1350	1193	0.8837037037037037	1241	48	157
NAT	NAT_HGDP	22	20	sim_010	NAT	482	465	0.9647302904564315	525	60	17
NAT	NAT_HGDP	22	20	sim_010	EUR	2654	2309	0.8700075357950263	2312	3	345
NAT	NAT_HGDP	22	20	sim_010	AFR	2333	2330	0.9987141020145736	2632	302	3
NAT	NAT_HGDP	22	21	sim_011	EUR	36	0	0	0	0	36
NAT	NAT_HGDP	22	21	sim_011	AFR	5433	5433	1	5469	36	0
NAT	NAT_HGDP	22	22	sim_011	NAT	820	808	0.9853658536585366	853	45	12
NAT	NAT_HGDP	22	22	sim_011	EUR	1264	1203	0.9517405063291139	1215	12	61
NAT	NAT_HGDP	22	22	sim_011	AFR	3385	3370	0.9955686853766618	3401	31	15
NAT	NAT_HGDP	22	23	sim_012	NAT	672	672	1	672	0	0
NAT	NAT_HGDP	22	23	sim_012	EUR	3773	3773	1	3798	25	0
NAT	NAT_HGDP	22	23	sim_012	AFR	1024	999	0.9755859375	999	0	25
NAT	NAT_HGDP	22	24	sim_012	NAT	217	217	1	296	79	0
NAT	NAT_HGDP	22	24	sim_012	EUR	2957	2828	0.9563747040919851	2828	0	129
NAT	NAT_HGDP	22	24	sim_012	AFR	2295	2295	1	2345	50	0
NAT	NAT_HGDP	22	25	sim_013	NAT	2726	2718	0.9970652971386648	3012	294	8
NAT	NAT_HGDP	22	25	sim_013	EUR	1734	1498	0.8638985005767013	1506	8	236
NAT	NAT_HGDP	22	25	sim_013	AFR	1009	940	0.931615460852329	951	11	69
NAT	NAT_HGDP	22	26	sim_013	NAT	1097	1093	0.9963536918869644	1150	57	4
NAT	NAT_HGDP	22	26	sim_013	EUR	3547	3492	0.984493938539611	3532	40	55
NAT	NAT_HGDP	22	26	sim_013	AFR	825	786	0.9527272727272728	787	1	39
NAT	NAT_HGDP	22	27	sim_014	NAT	3615	3561	0.9850622406639005	3561	0	54
NAT	NAT_HGDP	22	27	sim_014	EUR	1389	1389	1	1432	43	0
NAT	NAT_HGDP	22	27	sim_014	AFR	465	465	1	476	11	0
NAT	NAT_HGDP	22	28	sim_014	NAT	1729	1555	0.8993637941006362	1666	111	174
NAT	NAT_HGDP	22	28	sim_014	EUR	3554	3443	0.9687675858187957	3611	168	111
NAT	NAT_HGDP	22	28	sim_014	AFR	186	186	1	192	6	0
NAT	NAT_HGDP	22	29	sim_015	NAT	242	242	1	244	2	0
NAT	NAT_HGDP	22	29	sim_015	EUR	4253	4251	0.9995297437103221	4261	10	2
NAT	NAT_HGDP	22	29	sim_015	AFR	974	964	0.9897330595482546	964	0	10
NAT	NAT_HGDP	22	30	sim_015	NAT	547	541	0.9890310786106032	541	0	6
NAT	NAT_HGDP	22	30	sim_015	EUR	3866	3866	1	3999	133	0
NAT	NAT_HGDP	22	30	sim_015	AFR	1056	929	0.8797348484848485	929	0	127
NAT	NAT_HGDP	22	31	sim_016	NAT	694	643	0.9265129682997119	643	0	51
NAT	NAT_HGDP	22	31	sim_016	EUR	4731	4731	1	4826	95	0
NAT	NAT_HGDP	22	31	sim_016	AFR	44	0	0	0	0	44
NAT	NAT_HGDP	22	32	sim_016	NAT	281	235	0.8362989323843416	272	37	46
NAT	NAT_HGDP	22	32	sim_016	EUR	4007	3970	0.9907661592213626	4069	99	37
NAT	NAT_HGDP	22	32	sim_016	AFR	1181	1128	0.9551227773073666	1128	0	53
NAT	NAT_HGDP	22	33	sim_017	NAT	1869	1869	1	1888	19	0
NAT	NAT_HGDP	22	33	sim_017	EUR	3469	3440	0.9916402421447102	3440	0	29
NAT	NAT_HGDP	22	33	sim_017	AFR	131	131	1	141	10	0
NAT	NAT_HGDP	22	34	sim_017	EUR	2628	2608	0.9923896499238964	2612	4	20
NAT	NAT_HGDP	22	34	sim_017	AFR	2841	2837	0.9985920450545582	2857	20	4
NAT	NAT_HGDP	22	35	sim_018	NAT	902	825	0.9146341463414634	865	40	77
NAT	NAT_HGDP	22	35	sim_018	EUR	3686	3642	0.9880629408572978	3719	77	44
NAT	NAT_HGDP	22	35	sim_018	AFR	881	880	0.9988649262202043	885	5	1
NAT	NAT_HGDP	22	36	sim_018	NAT	2831	2831	1	2865	34	0
NAT	NAT_HGDP	22	36	sim_018	EUR	886	853	0.9627539503386005	853	0	33
NAT	NAT_HGDP	22	36	sim_018	AFR	1752	1718	0.980593607305936	1751	33	34
NAT	NAT_HGDP	22	37	sim_019	EUR	5248	5248	1	5248	0	0
NAT	NAT_HGDP	22	37	sim_019	AFR	221	221	1	221	0	0
NAT	NAT_HGDP	22	38	sim_019	EUR	2072	2005	0.9676640926640927	2044	39	67
NAT	NAT_HGDP	22	38	sim_019	AFR	3397	3358	0.9885192817191639	3425	67	39
NAT	NAT_HGDP	22	39	sim_020	EUR	5393	5393	1	5469	76	0
NAT	NAT_HGDP	22	39	sim_020	AFR	76	0	0	0	0	76
NAT	NAT_HGDP	22	40	sim_020	EUR	3903	3895	0.9979502946451447	3901	6	8
NAT	NAT_HGDP	22	40	sim_020	AFR	1566	1560	0.9961685823754789	1568	8	6
NAT	NAT_HGDP	22	41	sim_021	NAT	1848	1751	0.9475108225108225	1889	138	97
NAT	NAT_HGDP	22	41	sim_021	EUR	962	823	0.8555093555093555	961	138	139
NAT	NAT_HGDP	22	41	sim_021	AFR	2659	2596	0.9763068822865739	2619	23	63
NAT	NAT_HGDP	22	42	sim_021	NAT	1981	1979	0.9989904088844018	1979	0	2
NAT	NAT_HGDP	22	42	sim_021	EUR	3488	3488	1	3490	2	0
NAT	NAT_HGDP	22	43	sim_022	EUR	3550	3545	0.9985915492957746	3653	108	5
NAT	NAT_HGDP	22	43	sim_022	AFR	1919	1811	0.9437206878582595	1816	5	108
NAT	NAT_HGDP	22	44	sim_022	EUR	5011	5002	0.9982039513071244	5100	98	9
NAT	NAT_HGDP	22	44	sim_022	AFR	458	360	0.7860262008733624	369	9	98
NAT	NAT_HGDP	22	45	sim_023	NAT	1516	1453	0.9584432717678101	1464	11	63
NAT	NAT_HGDP	22	45	sim_023	EUR	1028	1026	0.9980544747081712	1091	65	2
NAT	NAT_HGDP	22	45	sim_023	AFR	2925	2908	0.9941880341880341	2914	6	17
NAT	NAT_HGDP	22	46	sim_023	NAT	577	577	1	604	27	0
NAT	NAT_HGDP	22	46	sim_023	EUR	3694	3693	0.9997292907417433	3693	0	1
NAT	NAT_HGDP	22	46	sim_023	AFR	1198	1171	0.9774624373956594	1172	1	27
NAT	NAT_HGDP	22	47	sim_024	EUR	3470	3470	1	3470	0	0
NAT	NAT_HGDP	22	47	sim_024	AFR	1999	1999	1	1999	0	0
NAT	NAT_HGDP	22	48	sim_024	NAT	1095	1082	0.9881278538812786	1109	27	13
NAT	NAT_HGDP	22	48	sim_024	EUR	3416	3389	0.992096018735363	3455	66	27
NAT	NAT_HGDP	22	48	sim_024	AFR	958	905	0.9446764091858038	905	0	53
NAT	NAT_HGDP	22	49	sim_025	NAT	197	197	1	328	131	0
NAT	NAT_HGDP	22	49	sim_025	EUR	3006	2875	0.956420492348636	2875	0	131
NAT	NAT_HGDP	22	49	sim_025	AFR	2266	2266	1	2266	0	0
NAT	NAT_HGDP	22	50	sim_025	NAT	824	782	0.9490291262135923	815	33	42
NAT	NAT_HGDP	22	50	sim_025	EUR	3221	3186	0.9891338093759702	3259	73	35
NAT	NAT_HGDP	22	50	sim_025	AFR	1424	1393	0.9782303370786517	1395	2	31
NAT	NAT_HGDP	22	51	sim_026	NAT	2138	1580	0.7390084190832554	1646	66	558
NAT	NAT_HGDP	22	51	sim_026	EUR	2134	2093	0.9807872539831303	2651	558	41
NAT	NAT_HGDP	22	51	sim_026	AFR	1197	1171	0.9782790309106099	1172	1	26
NAT	NAT_HGDP	22	52	sim_026	NAT	2301	2297	0.9982616253802694	2340	43	4
NAT	NAT_HGDP	22	52	sim_026	EUR	1436	1386	0.9651810584958217	1413	27	50
NAT	NAT_HGDP	22	52	sim_026	AFR	1732	1707	0.9855658198614319	1716	9	25
NAT	NAT_HGDP	22	53	sim_027	NAT	227	227	1	277	50	0
NAT	NAT_HGDP	22	53	sim_027	EUR	4746	4696	0.989464812473662	4864	168	50
NAT	NAT_HGDP	22	53	sim_027	AFR	496	328	0.6612903225806451	328	0	168
NAT	NAT_HGDP	22	54	sim_027	EUR	3243	3150	0.971322849213691	3153	3	93
NAT	NAT_HGDP	22	54	sim_027	AFR	2226	2223	0.9986522911051213	2316	93	3
NAT	NAT_HGDP	22	55	sim_028	EUR	4311	4309	0.9995360705172813	4309	0	2
NAT	NAT_HGDP	22	55	sim_028	AFR	1158	1158	1	1160	2	0
NAT	NAT_HGDP	22	56	sim_028	EUR	4932	4753	0.9637064071370641	4789	36	179
NAT	NAT_HGDP	22	56	sim_028	AFR	537	501	0.9329608938547486	680	179	36
NAT	NAT_HGDP	22	57	sim_029	NAT	93	0	0	0	0	93
NAT	NAT_HGDP	22	57	sim_029	EUR	2658	2654	0.9984951091045899	2794	140	4
NAT	NAT_HGDP	22	57	sim_029	AFR	2718	2671	0.9827078734363502	2675	4	47
NAT	NAT_HGDP	22	58	sim_029	NAT	766	763	0.9960835509138382	881	118	3
NAT	NAT_HGDP	22	58	sim_029	EUR	2159	2010	0.9309865678554886	2059	49	149
NAT	NAT_HGDP	22	58	sim_029	AFR	2544	2498	0.9819182389937107	2529	31	46
NAT	NAT_HGDP	22	59	sim_030	NAT	2046	465	0.22727272727272727	465	0	1581
NAT	NAT_HGDP	22	59	sim_030	EUR	1758	1758	1	2086	328	0
NAT	NAT_HGDP	22	59	sim_030	AFR	1665	1656	0.9945945945945946	2918	1262	9
NAT	NAT_HGDP	22	60	sim_030	NAT	524	472	0.9007633587786259	484	12	52
NAT	NAT_HGDP	22	60	sim_030	EUR	2529	2351	0.9296164491894029	2362	11	178
NAT	NAT_HGDP	22	60	sim_030	AFR	2416	2405	0.9954470198675497	2623	218	11
NATMXB	NAT_HGDP	22	1	sim_001	NAT	1956	1369	0.6998977505112475	1369	0	587
NATMXB	NAT_HGDP	22	1	sim_001	EUR	604	604	1	1105	501	0
NATMXB	NAT_HGDP	22	1	sim_001	AFR	2909	2909	1	2995	86	0
NATMXB	NAT_HGDP	22	2	sim_001	NAT	3538	3538	1	3744	206	0
NATMXB	NAT_HGDP	22	2	sim_001	EUR	821	774	0.9427527405602923	774	0	47
NATMXB	NAT_HGDP	22	2	sim_001	AFR	1110	933	0.8405405405405405	951	18	177
NATMXB	NAT_HGDP	22	3	sim_002	EUR	3720	3720	1	3963	243	0
NATMXB	NAT_HGDP	22	3	sim_002	AFR	1749	1506	0.8610634648370498	1506	0	243
NATMXB	NAT_HGDP	22	4	sim_002	NAT	227	220	0.9691629955947136	220	0	7
NATMXB	NAT_HGDP	22	4	sim_002	EUR	5207	5207	1	5249	42	0
NATMXB	NAT_HGDP	22	4	sim_002	AFR	35	0	0	0	0	35
NATMXB	NAT_HGDP	22	5	sim_003	NAT	418	416	0.9952153110047847	425	9	2
NATMXB	NAT_HGDP	22	5	sim_003	EUR	4182	4173	0.9978479196556671	4206	33	9
NATMXB	NAT_HGDP	22	5	sim_003	AFR	869	838	0.9643268124280783	838	0	31
NATMXB	NAT_HGDP	22	6	sim_003	NAT	1051	1051	1	1085	34	0
NATMXB	NAT_HGDP	22	6	sim_003	EUR	3136	3087	0.984375	3119	32	49
NATMXB	NAT_HGDP	22	6	sim_003	AFR	1282	1250	0.9750390015600624	1265	15	32
NATMXB	NAT_HGDP	22	7	sim_004	EUR	3420	3396	0.9929824561403509	3461	65	24
NATMXB	NAT_HGDP	22	7	sim_004	AFR	2049	1984	0.9682772083943387	2008	24	65
NATMXB	NAT_HGDP	22	8	sim_004	NAT	1643	1643	1	2040	397	0
NATMXB	NAT_HGDP	22	8	sim_004	EUR	3634	3237	0.8907539900935608	3237	0	397
NATMXB	NAT_HGDP	22	8	sim_004	AFR	192	192	1	192	0	0
NATMXB	NAT_HGDP	22	9	sim_005	NAT	565	563	0.9964601769911504	563	0	2
NATMXB	NAT_HGDP	22	9	sim_005	EUR	4838	4838	1	4906	68	0
NATMXB	NAT_HGDP	22	9	sim_005	AFR	66	0	0	0	0	66
NATMXB	NAT_HGDP	22	10	sim_005	NAT	336	223	0.6636904761904762	223	0	113
NATMXB	NAT_HGDP	22	10	sim_005	EUR	3417	3372	0.9868305531167691	3522	150	45
NATMXB	NAT_HGDP	22	10	sim_005	AFR	1716	1679	0.9784382284382285	1724	45	37
NATMXB	NAT_HGDP	22	11	sim_006	EUR	421	366	0.8693586698337292	432	66	55
NATMXB	NAT_HGDP	22	11	sim_006	AFR	5048	4982	0.9869255150554676	5037	55	66
NATMXB	NAT_HGDP	22	12	sim_006	NAT	2236	1283	0.5737924865831843	1355	72	953
NATMXB	NAT_HGDP	22	12	sim_006	EUR	2936	2828	0.9632152588555858	3511	683	108
NATMXB	NAT_HGDP	22	12	sim_006	AFR	297	297	1	603	306	0
NATMXB	NAT_HGDP	22	13	sim_007	NAT	156	134	0.8589743589743589	139	5	22
NATMXB	NAT_HGDP	22	13	sim_007	EUR	764	737	0.9646596858638743	815	78	27
NATMXB	NAT_HGDP	22	13	sim_007	AFR	4549	4493	0.987689602110354	4515	22	56
NATMXB	NAT_HGDP	22	14	sim_007	NAT	415	337	0.8120481927710843	357	20	78
NATMXB	NAT_HGDP	22	14	sim_007	EUR	3753	3722	0.9917399413802291	3800	78	31
NATMXB	NAT_HGDP	22	14	sim_007	AFR	1301	1301	1	1312	11	0
NATMXB	NAT_HGDP	22	15	sim_008	NAT	194	148	0.7628865979381443	148	0	46
NATMXB	NAT_HGDP	22	15	sim_008	EUR	3919	3698	0.9436080632814493	3744	46	221
NATMXB	NAT_HGDP	22	15	sim_008	AFR	1356	1356	1	1577	221	0
NATMXB	NAT_HGDP	22	16	sim_008	NAT	375	284	0.7573333333333333	297	13	91
NATMXB	NAT_HGDP	22	16	sim_008	EUR	4314	4301	0.9969865554010199	4406	105	13
NATMXB	NAT_HGDP	22	16	sim_008	AFR	780	766	0.982051282051282	766	0	14
NATMXB	NAT_HGDP	22	17	sim_009	NAT	765	717	0.9372549019607843	717	0	48
NATMXB	NAT_HGDP	22	17	sim_009	EUR	4552	4552	1	4616	64	0
NATMXB	NAT_HGDP	22	17	sim_009	AFR	152	136	0.8947368421052632	136	0	16
NATMXB	NAT_HGDP	22	18	sim_009	NAT	931	877	0.9419978517722879	889	12	54
NATMXB	NAT_HGDP	22	18	sim_009	EUR	3215	2991	0.9303265940902021	3078	87	224
NATMXB	NAT_HGDP	22	18	sim_009	AFR	1323	1285	0.9712773998488284	1502	217	38
NATMXB	NAT_HGDP	22	19	sim_010	EUR	5352	5352	1	5360	8	0
NATMXB	NAT_HGDP	22	19	sim_010	AFR	117	109	0.9316239316239316	109	0	8
NATMXB	NAT_HGDP	22	20	sim_010	NAT	59	51	0.864406779661017	51	0	8
NATMXB	NAT_HGDP	22	20	sim_010	EUR	4509	4371	0.9693945442448436	4379	8	138
NATMXB	NAT_HGDP	22	20	sim_010	AFR	901	901	1	1039	138	0
NATMXB	NAT_HGDP	22	21	sim_011	NAT	3937	3918	0.9951739903479807	3918	0	19
NATMXB	NAT_HGDP	22	21	sim_011	EUR	1532	1532	1	1551	19	0
NATMXB	NAT_HGDP	22	22	sim_011	NAT	2995	2965	0.989983305509182	2965	0	30
NATMXB	NAT_HGDP	22	22	sim_011	EUR	1417	1387	0.9788285109386027	1417	30	30
NATMXB	NAT_HGDP	22	22	sim_011	AFR	1057	1057	1	1087	30	0
NATMXB	NAT_HGDP	22	23	sim_012	NAT	1234	1198	0.9708265802269044	1207	9	36
NATMXB	NAT_HGDP	22	23	sim_012	EUR	4235	4194	0.990318772136954	4230	36	41
NATMXB	NAT_HGDP	22	24	sim_012	NAT	856	826	0.9649532710280374	826	0	30
NATMXB	NAT_HGDP	22	24	sim_012	EUR	4298	4265	0.9923220102373197	4310	45	33
NATMXB	NAT_HGDP	22	24	sim_012	AFR	315	300	0.9523809523809523	333	33	15
NATMXB	NAT_HGDP	22	25	sim_013	EUR	5189	5189	1	5189	0	0
NATMXB	NAT_HGDP	22	25	sim_013	AFR	280	280	1	280	0	0
NATMXB	NAT_HGDP	22	26	sim_013	NAT	646	620	0.9597523219814241	620	0	26
NATMXB	NAT_HGDP	22	26	sim_013	EUR	2705	2647	0.978558225508318	2687	40	58
NATMXB	NAT_HGDP	22	26	sim_013	AFR	2118	2104	0.9933899905571294	2162	58	14
NATMXB	NAT_HGDP	22	27	sim_014	NAT	1445	1438	0.9951557093425606	1672	234	7
NATMXB	NAT_HGDP	22	27	sim_014	EUR	2072	1798	0.8677606177606177	1804	6	274
NATMXB	NAT_HGDP	22	27	sim_014	AFR	1952	1952	1	1993	41	0
NATMXB	NAT_HGDP	22	28	sim_014	EUR	5469	5114	0.9350886816602669	5114	0	355
NATMXB	NAT_HGDP	22	29	sim_015	EUR	4523	4520	0.9993367234136635	4614	94	3
NATMXB	NAT_HGDP	22	29	sim_015	AFR	946	852	0.9006342494714588	855	3	94
NATMXB	NAT_HGDP	22	30	sim_015	EUR	4226	4205	0.9950307619498343	4231	26	21
NATMXB	NAT_HGDP	22	30	sim_015	AFR	1243	1217	0.9790828640386162	1238	21	26
NATMXB	NAT_HGDP	22	31	sim_016	NAT	3310	3131	0.9459214501510574	3131	0	179
NATMXB	NAT_HGDP	22	31	sim_016	EUR	1435	1435	1	1633	198	0
NATMXB	NAT_HGDP	22	31	sim_016	AFR	724	704	0.9723756906077348	705	1	20
NATMXB	NAT_HGDP	22	32	sim_016	EUR	5349	5346	0.9994391475042064	5346	0	3
NATMXB	NAT_HGDP	22	32	sim_016	AFR	120	120	1	123	3	0
NATMXB	NAT_HGDP	22	33	sim_017	NAT	383	375	0.97911227154047	375	0	8
NATMXB	NAT_HGDP	22	33	sim_017	EUR	4988	4988	1	5094	106	0
NATMXB	NAT_HGDP	22	33	sim_017	AFR	98	0	0	0	0	98
NATMXB	NAT_HGDP	22	34	sim_017	NAT	1694	1669	0.9852420306965761	1724	55	25
NATMXB	NAT_HGDP	22	34	sim_017	EUR	3022	2880	0.9530112508272667	2889	9	142
NATMXB	NAT_HGDP	22	34	sim_017	AFR	753	753	1	856	103	0
NATMXB	NAT_HGDP	22	35	sim_018	NAT	898	891	0.9922048997772829	1196	305	7
NATMXB	NAT_HGDP	22	35	sim_018	EUR	3285	3006	0.915068493150685	3013	7	279
NATMXB	NAT_HGDP	22	35	sim_018	AFR	1286	1250	0.9720062208398134	1260	10	36
NATMXB	NAT_HGDP	22	36	sim_018	NAT	1132	885	0.7818021201413428	910	25	247
NATMXB	NAT_HGDP	22	36	sim_018	EUR	2992	2961	0.9896390374331551	3201	240	31
NATMXB	NAT_HGDP	22	36	sim_018	AFR	1345	1333	0.9910780669144982	1358	25	12
NATMXB	NAT_HGDP	22	37	sim_019	NAT	866	855	0.9872979214780601	857	2	11
NATMXB	NAT_HGDP	22	37	sim_019	EUR	2881	2873	0.9972231863936133	2882	9	8
NATMXB	NAT_HGDP	22	37	sim_019	AFR	1722	1711	0.9936120789779327	1730	19	11
NATMXB	NAT_HGDP	22	38	sim_019	NAT	32	32	1	32	0	0
NATMXB	NAT_HGDP	22	38	sim_019	EUR	4404	4386	0.9959128065395095	4392	6	18
NATMXB	NAT_HGDP	22	38	sim_019	AFR	1033	1027	0.9941916747337851	1045	18	6
NATMXB	NAT_HGDP	22	39	sim_020	EUR	4865	4642	0.9541623843782118	4642	0	223
NATMXB	NAT_HGDP	22	39	sim_020	AFR	604	604	1	827	223	0
NATMXB	NAT_HGDP	22	40	sim_020	NAT	2454	2446	0.9967400162999185	2736	290	8
NATMXB	NAT_HGDP	22	40	sim_020	EUR	1396	1073	0.7686246418338109	1073	0	323
NATMXB	NAT_HGDP	22	40	sim_020	AFR	1619	1585	0.9789993823347746	1660	75	34
NATMXB	NAT_HGDP	22	41	sim_021	NAT	93	0	0	0	0	93
NATMXB	NAT_HGDP	22	41	sim_021	EUR	3982	3737	0.9384731290808639	3830	93	245
NATMXB	NAT_HGDP	22	41	sim_021	AFR	1394	1394	1	1639	245	0
NATMXB	NAT_HGDP	22	42	sim_021	NAT	1738	1725	0.9925201380897584	1780	55	13
NATMXB	NAT_HGDP	22	42	sim_021	EUR	2376	2302	0.9688552188552189	2304	2	74
NATMXB	NAT_HGDP	22	42	sim_021	AFR	1355	1353	0.9985239852398524	1385	32	2
NATMXB	NAT_HGDP	22	43	sim_022	NAT	326	326	1	356	30	0
NATMXB	NAT_HGDP	22	43	sim_022	EUR	1104	984	0.8913043478260869	1000	16	120
NATMXB	NAT_HGDP	22	43	sim_022	AFR	4039	4023	0.9960386234216391	4113	90	16
NATMXB	NAT_HGDP	22	44	sim_022	NAT	1550	1459	0.9412903225806452	1459	0	91
NATMXB	NAT_HGDP	22	44	sim_022	EUR	3880	3880	1	4010	130	0
NATMXB	NAT_HGDP	22	44	sim_022	AFR	39	0	0	0	0	39
NATMXB	NAT_HGDP	22	45	sim_023	EUR	3289	3049	0.9270294922468836	3229	180	240
NATMXB	NAT_HGDP	22	45	sim_023	AFR	2180	2000	0.9174311926605505	2240	240	180
NATMXB	NAT_HGDP	22	46	sim_023	EUR	4629	4629	1	4770	141	0
NATMXB	NAT_HGDP	22	46	sim_023	AFR	840	699	0.8321428571428572	699	0	141
NATMXB	NAT_HGDP	22	47	sim_024	NAT	2057	2057	1	2118	61	0
NATMXB	NAT_HGDP	22	47	sim_024	EUR	2080	2036	0.9788461538461538	2036	0	44
NATMXB	NAT_HGDP	22	47	sim_024	AFR	1332	1293	0.9707207207207207	1315	22	39
NATMXB	NAT_HGDP	22	48	sim_024	NAT	124	104	0.8387096774193549	104	0	20
NATMXB	NAT_HGDP	22	48	sim_024	EUR	3896	3896	1	3984	88	0
NATMXB	NAT_HGDP	22	48	sim_024	AFR	1449	1367	0.9434092477570738	1381	14	82
NATMXB	NAT_HGDP	22	49	sim_025	NAT	1148	996	0.867595818815331	1027	31	152
NATMXB	NAT_HGDP	22	49	sim_025	EUR	3620	3362	0.9287292817679558	3514	152	258
NATMXB	NAT_HGDP	22	49	sim_025	AFR	701	701	1	928	227	0
NATMXB	NAT_HGDP	22	50	sim_025	NAT	524	277	0.5286259541984732	327	50	247
NATMXB	NAT_HGDP	22	50	sim_025	EUR	1416	1408	0.9943502824858758	1676	268	8
NATMXB	NAT_HGDP	22	50	sim_025	AFR	3529	3465	0.9818645508642675	3466	1	64
NATMXB	NAT_HGDP	22	51	sim_026	NAT	689	603	0.8751814223512336	603	0	86
NATMXB	NAT_HGDP	22	51	sim_026	EUR	2258	2258	1	2346	88	0
NATMXB	NAT_HGDP	22	51	sim_026	AFR	2522	2520	0.9992069785884219	2520	0	2
NATMXB	NAT_HGDP	22	52	sim_026	EUR	1200	1122	0.935	1162	40	78
NATMXB	NAT_HGDP	22	52	sim_026	AFR	4269	4229	0.990630124150855	4307	78	40
NATMXB	NAT_HGDP	22	53	sim_027	NAT	2364	2364	1	2440	76	0
NATMXB	NAT_HGDP	22	53	sim_027	EUR	3105	3029	0.975523349436393	3029	0	76
NATMXB	NAT_HGDP	22	54	sim_027	NAT	32	0	0	0	0	32
NATMXB	NAT_HGDP	22	54	sim_027	EUR	4098	4060	0.9907271839921913	4113	53	38
NATMXB	NAT_HGDP	22	54	sim_027	AFR	1339	1318	0.9843166542195668	1356	38	21
NATMXB	NAT_HGDP	22	55	sim_028	NAT	1688	1682	0.9964454976303317	1688	6	6
NATMXB	NAT_HGDP	22	55	sim_028	EUR	3781	3775	0.9984131182226924	3781	6	6
NATMXB	NAT_HGDP	22	56	sim_028	NAT	611	598	0.9787234042553191	661	63	13
NATMXB	NAT_HGDP	22	56	sim_028	EUR	3737	3729	0.9978592453839978	3743	14	8
NATMXB	NAT_HGDP	22	56	sim_028	AFR	1121	1063	0.9482604817127565	1065	2	58
NATMXB	NAT_HGDP	22	57	sim_029	NAT	841	808	0.9607609988109393	815	7	33
NATMXB	NAT_HGDP	22	57	sim_029	EUR	3484	3477	0.9979908151549942	3660	183	7
NATMXB	NAT_HGDP	22	57	sim_029	AFR	1144	994	0.8688811188811189	994	0	150
NATMXB	NAT_HGDP	22	58	sim_029	NAT	1354	1321	0.9756277695716395	1321	0	33
NATMXB	NAT_HGDP	22	58	sim_029	EUR	3149	3122	0.9914258494760241	3148	26	27
NATMXB	NAT_HGDP	22	58	sim_029	AFR	966	940	0.9730848861283644	1000	60	26
NATMXB	NAT_HGDP	22	59	sim_030	NAT	406	401	0.9876847290640394	404	3	5
NATMXB	NAT_HGDP	22	59	sim_030	EUR	4323	4130	0.955355077492482	4142	12	193
NATMXB	NAT_HGDP	22	59	sim_030	AFR	740	733	0.9905405405405405	923	190	7
NATMXB	NAT_HGDP	22	60	sim_030	NAT	2446	2420	0.9893704006541292	2484	64	26
NATMXB	NAT_HGDP	22	60	sim_030	EUR	2373	2361	0.9949431099873578	2669	308	12
NATMXB	NAT_HGDP	22	60	sim_030	AFR	650	316	0.48615384615384616	316	0	334
NAT	NAT_PEL	22	1	sim_001	NAT	854	854	1	854	0	0
NAT	NAT_PEL	22	1	sim_001	EUR	1731	1543	0.8913922588099364	1545	2	188
NAT	NAT_PEL	22	1	sim_001	AFR	2884	2882	0.9993065187239945	3070	188	2
NAT	NAT_PEL	22	2	sim_001	NAT	782	712	0.9104859335038363	712	0	70
NAT	NAT_PEL	22	2	sim_001	EUR	338	327	0.9674556213017751	458	131	11
NAT	NAT_PEL	22	2	sim_001	AFR	4349	4288	0.9859737870774891	4299	11	61
NAT	NAT_PEL	22	3	sim_002	NAT	328	328	1	328	0	0
NAT	NAT_PEL	22	3	sim_002	EUR	3724	3708	0.9957035445757251	3708	0	16
NAT	NAT_PEL	22	3	sim_002	AFR	1417	1417	1	1433	16	0
NAT	NAT_PEL	22	4	sim_002	NAT	429	429	1	440	11	0
NAT	NAT_PEL	22	4	sim_002	EUR	4049	4030	0.995307483329217	4033	3	19
NAT	NAT_PEL	22	4	sim_002	AFR	991	988	0.9969727547931383	996	8	3
NAT	NAT_PEL	22	5	sim_003	NAT	1709	1709	1	1711	2	0
NAT	NAT_PEL	22	5	sim_003	EUR	483	435	0.9006211180124224	513	78	48
NAT	NAT_PEL	22	5	sim_003	AFR	3277	3197	0.9755874275251755	3245	48	80
NAT	NAT_PEL	22	6	sim_003	NAT	1326	1221	0.920814479638009	1254	33	105
NAT	NAT_PEL	22	6	sim_003	EUR	4143	4078	0.984310885831523	4183	105	65
NAT	NAT_PEL	22	7	sim_004	NAT	806	798	0.9900744416873449	798	0	8
NAT	NAT_PEL	22	7	sim_004	EUR	2780	2772	0.9971223021582734	2818	46	8
NAT	NAT_PEL	22	7	sim_004	AFR	1883	1837	0.975570897503983	1853	16	46
NAT	NAT_PEL	22	8	sim_004	NAT	176	149	0.8465909090909091	149	0	27
NAT	NAT_PEL	22	8	sim_004	EUR	3541	3540	0.9997175939000282	3569	29	1
NAT	NAT_PEL	22	8	sim_004	AFR	1752	1750	0.9988584474885844	1751	1	2
NAT	NAT_PEL	22	9	sim_005	NAT	711	706	0.9929676511954993	706	0	5
NAT	NAT_PEL	22	9	sim_005	EUR	4503	4124	0.9158338885187652	4129	5	379
NAT	NAT_PEL	22	9	sim_005	AFR	255	255	1	634	379	0
NAT	NAT_PEL	22	10	sim_005	EUR	1035	788	0.7613526570048309	792	4	247
NAT	NAT_PEL	22	10	sim_005	AFR	4434	4377	0.9871447902571042	4435	58	57
NAT	NAT_PEL	22	11	sim_006	NAT	2061	1806	0.87627365356623	2237	431	255
NAT	NAT_PEL	22	11	sim_006	EUR	2549	2144	0.841114162416634	2399	255	405
NAT	NAT_PEL	22	11	sim_006	AFR	859	830	0.9662398137369034	833	3	29
NAT	NAT_PEL	22	12	sim_006	NAT	2214	1203	0.5433604336043361	1226	23	1011
NAT	NAT_PEL	22	12	sim_006	EUR	1428	1273	0.8914565826330533	2274	1001	155
NAT	NAT_PEL	22	12	sim_006	AFR	1827	1827	1	1969	142	0
NAT	NAT_PEL	22	13	sim_007	EUR	4442	4415	0.9939216569113012	4533	118	27
NAT	NAT_PEL	22	13	sim_007	AFR	1027	909	0.8851022395326192	936	27	118
NAT	NAT_PEL	22	14	sim_007	NAT	61	61	1	221	160	0
NAT	NAT_PEL	22	14	sim_007	EUR	4927	4433	0.899736147757256	4434	1	494
NAT	NAT_PEL	22	14	sim_007	AFR	481	480	0.997920997920998	814	334	1
NAT	NAT_PEL	22	15	sim_008	NAT	691	682	0.9869753979739508	682	0	9
NAT	NAT_PEL	22	15	sim_008	EUR	4684	4377	0.9344577284372332	4405	28	307
NAT	NAT_PEL	22	15	sim_008	AFR	94	66	0.7021276595744681	382	316	28
NAT	NAT_PEL	22	16	sim_008	NAT	2418	2014	0.8329197684036393	2030	16	404
NAT	NAT_PEL	22	16	sim_008	EUR	2447	2241	0.9158152840212506	2247	6	206
NAT	NAT_PEL	22	16	sim_008	AFR	604	604	1	1192	588	0
NAT	NAT_PEL	22	17	sim_009	NAT	1389	1370	0.986321094312455	1541	171	19
NAT	NAT_PEL	22	17	sim_009	EUR	1187	925	0.7792754844144903	941	16	262
NAT	NAT_PEL	22	17	sim_009	AFR	2893	2877	0.9944694089180781	2987	110	16
NAT	NAT_PEL	22	18	sim_009	EUR	2976	2976	1	3041	65	0
NAT	NAT_PEL	22	18	sim_009	AFR	2493	2428	0.9739269955876454	2428	0	65
NAT	NAT_PEL	22	19	sim_010	EUR	4119	4071	0.9883466860888566	4228	157	48
NAT	NAT_PEL	22	19	sim_010	AFR	1350	1193	0.8837037037037037	1241	48	157
NAT	NAT_PEL	22	20	sim_010	NAT	482	465	0.9647302904564315	525	60	17
NAT	NAT_PEL	22	20	sim_010	EUR	2654	2340	0.881688018085908	2343	3	314
NAT	NAT_PEL	22	20	sim_010	AFR	2333	2330	0.9987141020145736	2601	271	3
NAT	NAT_PEL	22	21	sim_011	EUR	36	0	0	0	0	36
NAT	NAT_PEL	22	21	sim_011	AFR	5433	5433	1	5469	36	0
NAT	NAT_PEL	22	22	sim_011	NAT	820	819	0.998780487804878	890	71	1
NAT	NAT_PEL	22	22	sim_011	EUR	1264	1203	0.9517405063291139	1204	1	61
NAT	NAT_PEL	22	22	sim_011	AFR	3385	3370	0.9955686853766618	3375	5	15
NAT	NAT_PEL	22	23	sim_012	NAT	672	604	0.8988095238095238	604	0	68
NAT	NAT_PEL	22	23	sim_012	EUR	3773	3773	1	3866	93	0
NAT	NAT_PEL	22	23	sim_012	AFR	1024	999	0.9755859375	999	0	25
NAT	NAT_PEL	22	24	sim_012	NAT	217	217	1	296	79	0
NAT	NAT_PEL	22	24	sim_012	EUR	2957	2782	0.9408183970240108	2782	0	175
NAT	NAT_PEL	22	24	sim_012	AFR	2295	2295	1	2391	96	0
NAT	NAT_PEL	22	25	sim_013	NAT	2726	2718	0.9970652971386648	2896	178	8
NAT	NAT_PEL	22	25	sim_013	EUR	1734	1625	0.9371395617070357	1666	41	109
NAT	NAT_PEL	22	25	sim_013	AFR	1009	907	0.8989098116947473	907	0	102
NAT	NAT_PEL	22	26	sim_013	NAT	1097	1093	0.9963536918869644	1204	111	4
NAT	NAT_PEL	22	26	sim_013	EUR	3547	3474	0.9794192275162109	3478	4	73
NAT	NAT_PEL	22	26	sim_013	AFR	825	786	0.9527272727272728	787	1	39
NAT	NAT_PEL	22	27	sim_014	NAT	3615	3428	0.9482710926694329	3428	0	187
NAT	NAT_PEL	22	27	sim_014	EUR	1389	1389	1	1565	176	0
NAT	NAT_PEL	22	27	sim_014	AFR	465	465	1	476	11	0
NAT	NAT_PEL	22	28	sim_014	NAT	1729	1555	0.8993637941006362	1666	111	174
NAT	NAT_PEL	22	28	sim_014	EUR	3554	3443	0.9687675858187957	3611	168	111
NAT	NAT_PEL	22	28	sim_014	AFR	186	186	1	192	6	0
NAT	NAT_PEL	22	29	sim_015	NAT	242	242	1	244	2	0
NAT	NAT_PEL	22	29	sim_015	EUR	4253	4251	0.9995297437103221	4261	10	2
NAT	NAT_PEL	22	29	sim_015	AFR	974	964	0.9897330595482546	964	0	10
NAT	NAT_PEL	22	30	sim_015	NAT	547	527	0.9634369287020109	527	0	20
NAT	NAT_PEL	22	30	sim_015	EUR	3866	3866	1	4013	147	0
NAT	NAT_PEL	22	30	sim_015	AFR	1056	929	0.8797348484848485	929	0	127
NAT	NAT_PEL	22	31	sim_016	NAT	694	643	0.9265129682997119	643	0	51
NAT	NAT_PEL	22	31	sim_016	EUR	4731	4731	1	4826	95	0
NAT	NAT_PEL	22	31	sim_016	AFR	44	0	0	0	0	44
NAT	NAT_PEL	22	32	sim_016	NAT	281	164	0.5836298932384342	201	37	117
NAT	NAT_PEL	22	32	sim_016	EUR	4007	3967	0.9900174694285001	4136	169	40
NAT	NAT_PEL	22	32	sim_016	AFR	1181	1129	0.955969517358171	1132	3	52
NAT	NAT_PEL	22	33	sim_017	NAT	1869	1869	1	1928	59	0
NAT	NAT_PEL	22	33	sim_017	EUR	3469	3400	0.9801095416546555	3400	0	69
NAT	NAT_PEL	22	33	sim_017	AFR	131	131	1	141	10	0
NAT	NAT_PEL	22	34	sim_017	EUR	2628	2608	0.9923896499238964	2612	4	20
NAT	NAT_PEL	22	34	sim_017	AFR	2841	2837	0.9985920450545582	2857	20	4
NAT	NAT_PEL	22	35	sim_018	NAT	902	825	0.9146341463414634	898	73	77
NAT	NAT_PEL	22	35	sim_018	EUR	3686	3642	0.9880629408572978	3719	77	44
NAT	NAT_PEL	22	35	sim_018	AFR	881	847	0.9614074914869466	852	5	34
NAT	NAT_PEL	22	36	sim_018	NAT	2831	2831	1	2865	34	0
NAT	NAT_PEL	22	36	sim_018	EUR	886	853	0.9627539503386005	853	0	33
NAT	NAT_PEL	22	36	sim_018	AFR	1752	1718	0.980593607305936	1751	33	34
NAT	NAT_PEL	22	37	sim_019	EUR	5248	5248	1	5248	0	0
NAT	NAT_PEL	22	37	sim_019	AFR	221	221	1	221	0	0
NAT	NAT_PEL	22	38	sim_019	EUR	2072	2005	0.9676640926640927	2044	39	67
NAT	NAT_PEL	22	38	sim_019	AFR	3397	3358	0.9885192817191639	3425	67	39
NAT	NAT_PEL	22	39	sim_020	EUR	5393	5393	1	5469	76	0
NAT	NAT_PEL	22	39	sim_020	AFR	76	0	0	0	0	76
NAT	NAT_PEL	22	40	sim_020	EUR	3903	3895	0.9979502946451447	3929	34	8
NAT	NAT_PEL	22	40	sim_020	AFR	1566	1532	0.9782886334610472	1540	8	34
NAT	NAT_PEL	22	41	sim_021	NAT	1848	1848	1	1990	142	0
NAT	NAT_PEL	22	41	sim_021	EUR	962	819	0.8513513513513513	860	41	143
NAT	NAT_PEL	22	41	sim_021	AFR	2659	2596	0.9763068822865739	2619	23	63
NAT	NAT_PEL	22	42	sim_021	NAT	1981	1981	1	2052	71	0
NAT	NAT_PEL	22	42	sim_021	EUR	3488	3417	0.979644495412844	3417	0	71
NAT	NAT_PEL	22	43	sim_022	EUR	3550	3545	0.9985915492957746	3640	95	5
NAT	NAT_PEL	22	43	sim_022	AFR	1919	1824	0.9504950495049505	1829	5	95
NAT	NAT_PEL	22	44	sim_022	EUR	5011	5002	0.9982039513071244	5100	98	9
NAT	NAT_PEL	22	44	sim_022	AFR	458	360	0.7860262008733624	369	9	98
NAT	NAT_PEL	22	45	sim_023	NAT	1516	1512	0.9973614775725593	1523	11	4
NAT	NAT_PEL	22	45	sim_023	EUR	1028	1028	1	1034	6	0
NAT	NAT_PEL	22	45	sim_023	AFR	2925	2908	0.9941880341880341	2912	4	17
NAT	NAT_PEL	22	46	sim_023	NAT	577	577	1	604	27	0
NAT	NAT_PEL	22	46	sim_023	EUR	3694	3693	0.9997292907417433	3693	0	1
NAT	NAT_PEL	22	46	sim_023	AFR	1198	1171	0.9774624373956594	1172	1	27
NAT	NAT_PEL	22	47	sim_024	EUR	3470	3470	1	3470	0	0
NAT	NAT_PEL	22	47	sim_024	AFR	1999	1999	1	1999	0	0
NAT	NAT_PEL	22	48	sim_024	NAT	1095	1082	0.9881278538812786	1109	27	13
NAT	NAT_PEL	22	48	sim_024	EUR	3416	3389	0.992096018735363	3455	66	27
NAT	NAT_PEL	22	48	sim_024	AFR	958	905	0.9446764091858038	905	0	53
NAT	NAT_PEL	22	49	sim_025	NAT	197	197	1	246	49	0
NAT	NAT_PEL	22	49	sim_025	EUR	3006	2957	0.9836992681304059	2957	0	49
NAT	NAT_PEL	22	49	sim_025	AFR	2266	2266	1	2266	0	0
NAT	NAT_PEL	22	50	sim_025	NAT	824	782	0.9490291262135923	792	10	42
NAT	NAT_PEL	22	50	sim_025	EUR	3221	3209	0.996274448928904	3391	182	12
NAT	NAT_PEL	22	50	sim_025	AFR	1424	1284	0.901685393258427	1286	2	140
NAT	NAT_PEL	22	51	sim_026	NAT	2138	1762	0.8241347053320861	1762	0	376
NAT	NAT_PEL	22	51	sim_026	EUR	2134	2121	0.9939081537019682	2497	376	13
NAT	NAT_PEL	22	51	sim_026	AFR	1197	1197	1	1210	13	0
NAT	NAT_PEL	22	52	sim_026	NAT	2301	2297	0.9982616253802694	2299	2	4
NAT	NAT_PEL	22	52	sim_026	EUR	1436	1427	0.9937325905292479	1454	27	9
NAT	NAT_PEL	22	52	sim_026	AFR	1732	1707	0.9855658198614319	1716	9	25
NAT	NAT_PEL	22	53	sim_027	NAT	227	217	0.9559471365638766	217	0	10
NAT	NAT_PEL	22	53	sim_027	EUR	4746	4746	1	4924	178	0
NAT	NAT_PEL	22	53	sim_027	AFR	496	328	0.6612903225806451	328	0	168
NAT	NAT_PEL	22	54	sim_027	EUR	3243	3170	0.9774899784150478	3173	3	73
NAT	NAT_PEL	22	54	sim_027	AFR	2226	2223	0.9986522911051213	2296	73	3
NAT	NAT_PEL	22	55	sim_028	EUR	4311	4309	0.9995360705172813	4309	0	2
NAT	NAT_PEL	22	55	sim_028	AFR	1158	1158	1	1160	2	0
NAT	NAT_PEL	22	56	sim_028	EUR	4932	4741	0.9612733171127331	4777	36	191
NAT	NAT_PEL	22	56	sim_028	AFR	537	501	0.9329608938547486	692	191	36
NAT	NAT_PEL	22	57	sim_029	NAT	93	93	1	99	6	0
NAT	NAT_PEL	22	57	sim_029	EUR	2658	2611	0.9823175319789316	2654	43	47
NAT	NAT_PEL	22	57	sim_029	AFR	2718	2671	0.9827078734363502	2716	45	47
NAT	NAT_PEL	22	58	sim_029	NAT	766	750	0.97911227154047	750	0	16
NAT	NAT_PEL	22	58	sim_029	EUR	2159	2151	0.9962945808244558	2213	62	8
NAT	NAT_PEL	22	58	sim_029	AFR	2544	2498	0.9819182389937107	2506	8	46
NAT	NAT_PEL	22	59	sim_030	NAT	2046	465	0.22727272727272727	465	0	1581
NAT	NAT_PEL	22	59	sim_030	EUR	1758	1669	0.9493742889647326	1997	328	89
NAT	NAT_PEL	22	59	sim_030	AFR	1665	1656	0.9945945945945946	3007	1351	9
NAT	NAT_PEL	22	60	sim_030	NAT	524	472	0.9007633587786259	484	12	52
NAT	NAT_PEL	22	60	sim_030	EUR	2529	2351	0.9296164491894029	2362	11	178
NAT	NAT_PEL	22	60	sim_030	AFR	2416	2405	0.9954470198675497	2623	218	11
NATMXB	NAT_PEL	22	1	sim_001	NAT	1956	1369	0.6998977505112475	1369	0	587
NATMXB	NAT_PEL	22	1	sim_001	EUR	604	604	1	1105	501	0
NATMXB	NAT_PEL	22	1	sim_001	AFR	2909	2909	1	2995	86	0
NATMXB	NAT_PEL	22	2	sim_001	NAT	3538	3538	1	3639	101	0
NATMXB	NAT_PEL	22	2	sim_001	EUR	821	774	0.9427527405602923	774	0	47
NATMXB	NAT_PEL	22	2	sim_001	AFR	1110	1038	0.9351351351351351	1056	18	72
NATMXB	NAT_PEL	22	3	sim_002	EUR	3720	3720	1	3963	243	0
NATMXB	NAT_PEL	22	3	sim_002	AFR	1749	1506	0.8610634648370498	1506	0	243
NATMXB	NAT_PEL	22	4	sim_002	NAT	227	109	0.4801762114537445	109	0	118
NATMXB	NAT_PEL	22	4	sim_002	EUR	5207	5207	1	5360	153	0
NATMXB	NAT_PEL	22	4	sim_002	AFR	35	0	0	0	0	35
NATMXB	NAT_PEL	22	5	sim_003	NAT	418	370	0.8851674641148325	370	0	48
NATMXB	NAT_PEL	22	5	sim_003	EUR	4182	4182	1	4261	79	0
NATMXB	NAT_PEL	22	5	sim_003	AFR	869	838	0.9643268124280783	838	0	31
NATMXB	NAT_PEL	22	6	sim_003	NAT	1051	1051	1	1085	34	0
NATMXB	NAT_PEL	22	6	sim_003	EUR	3136	3087	0.984375	3119	32	49
NATMXB	NAT_PEL	22	6	sim_003	AFR	1282	1250	0.9750390015600624	1265	15	32
NATMXB	NAT_PEL	22	7	sim_004	EUR	3420	3292	0.9625730994152046	3351	59	128
NATMXB	NAT_PEL	22	7	sim_004	AFR	2049	1990	0.9712054660810151	2118	128	59
NATMXB	NAT_PEL	22	8	sim_004	NAT	1643	1643	1	1676	33	0
NATMXB	NAT_PEL	22	8	sim_004	EUR	3634	3601	0.9909190974133186	3601	0	33
NATMXB	NAT_PEL	22	8	sim_004	AFR	192	192	1	192	0	0
NATMXB	NAT_PEL	22	9	sim_005	NAT	565	563	0.9964601769911504	575	12	2
NATMXB	NAT_PEL	22	9	sim_005	EUR	4838	4838	1	4894	56	0
NATMXB	NAT_PEL	22	9	sim_005	AFR	66	0	0	0	0	66
NATMXB	NAT_PEL	22	10	sim_005	NAT	336	217	0.6458333333333334	220	3	119
NATMXB	NAT_PEL	22	10	sim_005	EUR	3417	3369	0.9859525899912204	3525	156	48
NATMXB	NAT_PEL	22	10	sim_005	AFR	1716	1679	0.9784382284382285	1724	45	37
NATMXB	NAT_PEL	22	11	sim_006	EUR	421	366	0.8693586698337292	544	178	55
NATMXB	NAT_PEL	22	11	sim_006	AFR	5048	4870	0.9647385103011094	4925	55	178
NATMXB	NAT_PEL	22	12	sim_006	NAT	2236	1259	0.5630590339892666	1285	26	977
NATMXB	NAT_PEL	22	12	sim_006	EUR	2936	2874	0.978882833787466	3568	694	62
NATMXB	NAT_PEL	22	12	sim_006	AFR	297	297	1	616	319	0
NATMXB	NAT_PEL	22	13	sim_007	NAT	156	156	1	161	5	0
NATMXB	NAT_PEL	22	13	sim_007	EUR	764	737	0.9646596858638743	793	56	27
NATMXB	NAT_PEL	22	13	sim_007	AFR	4549	4493	0.987689602110354	4515	22	56
NATMXB	NAT_PEL	22	14	sim_007	NAT	415	337	0.8120481927710843	357	20	78
NATMXB	NAT_PEL	22	14	sim_007	EUR	3753	3722	0.9917399413802291	3800	78	31
NATMXB	NAT_PEL	22	14	sim_007	AFR	1301	1301	1	1312	11	0
NATMXB	NAT_PEL	22	15	sim_008	NAT	194	148	0.7628865979381443	148	0	46
NATMXB	NAT_PEL	22	15	sim_008	EUR	3919	3698	0.9436080632814493	3744	46	221
NATMXB	NAT_PEL	22	15	sim_008	AFR	1356	1356	1	1577	221	0
NATMXB	NAT_PEL	22	16	sim_008	NAT	375	306	0.816	319	13	69
NATMXB	NAT_PEL	22	16	sim_008	EUR	4314	4282	0.9925822902178952	4351	69	32
NATMXB	NAT_PEL	22	16	sim_008	AFR	780	780	1	799	19	0
NATMXB	NAT_PEL	22	17	sim_009	NAT	765	751	0.9816993464052287	751	0	14
NATMXB	NAT_PEL	22	17	sim_009	EUR	4552	4551	0.999780316344464	4565	14	1
NATMXB	NAT_PEL	22	17	sim_009	AFR	152	152	1	153	1	0
NATMXB	NAT_PEL	22	18	sim_009	NAT	931	877	0.9419978517722879	930	53	54
NATMXB	NAT_PEL	22	18	sim_009	EUR	3215	2950	0.9175738724727839	3037	87	265
NATMXB	NAT_PEL	22	18	sim_009	AFR	1323	1285	0.9712773998488284	1502	217	38
NATMXB	NAT_PEL	22	19	sim_010	EUR	5352	5352	1	5360	8	0
NATMXB	NAT_PEL	22	19	sim_010	AFR	117	109	0.9316239316239316	109	0	8
NATMXB	NAT_PEL	22	20	sim_010	NAT	59	0	0	0	0	59
NATMXB	NAT_PEL	22	20	sim_010	EUR	4509	4229	0.9379019738301175	4300	71	280
NATMXB	NAT_PEL	22	20	sim_010	AFR	901	889	0.9866814650388457	1169	280	12
NATMXB	NAT_PEL	22	21	sim_011	NAT	3937	3918	0.9951739903479807	3918	0	19
NATMXB	NAT_PEL	22	21	sim_011	EUR	1532	1532	1	1551	19	0
NATMXB	NAT_PEL	22	22	sim_011	NAT	2995	2965	0.989983305509182	2965	0	30
NATMXB	NAT_PEL	22	22	sim_011	EUR	1417	1387	0.9788285109386027	1417	30	30
NATMXB	NAT_PEL	22	22	sim_011	AFR	1057	1057	1	1087	30	0
NATMXB	NAT_PEL	22	23	sim_012	NAT	1234	1198	0.9708265802269044	1207	9	36
NATMXB	NAT_PEL	22	23	sim_012	EUR	4235	4194	0.990318772136954	4230	36	41
NATMXB	NAT_PEL	22	24	sim_012	NAT	856	826	0.9649532710280374	826	0	30
NATMXB	NAT_PEL	22	24	sim_012	EUR	4298	4265	0.9923220102373197	4310	45	33
NATMXB	NAT_PEL	22	24	sim_012	AFR	315	300	0.9523809523809523	333	33	15
NATMXB	NAT_PEL	22	25	sim_013	EUR	5189	5189	1	5189	0	0
NATMXB	NAT_PEL	22	25	sim_013	AFR	280	280	1	280	0	0
NATMXB	NAT_PEL	22	26	sim_013	NAT	646	573	0.8869969040247678	573	0	73
NATMXB	NAT_PEL	22	26	sim_013	EUR	2705	2647	0.978558225508318	2734	87	58
NATMXB	NAT_PEL	22	26	sim_013	AFR	2118	2104	0.9933899905571294	2162	58	14
NATMXB	NAT_PEL	22	27	sim_014	NAT	1445	1383	0.9570934256055363	1466	83	62
NATMXB	NAT_PEL	22	27	sim_014	EUR	2072	1949	0.9406370656370656	2010	61	123
NATMXB	NAT_PEL	22	27	sim_014	AFR	1952	1952	1	1993	41	0
NATMXB	NAT_PEL	22	28	sim_014	EUR	5469	5114	0.9350886816602669	5114	0	355
NATMXB	NAT_PEL	22	29	sim_015	EUR	4523	4516	0.9984523546318815	4516	0	7
NATMXB	NAT_PEL	22	29	sim_015	AFR	946	946	1	953	7	0
NATMXB	NAT_PEL	22	30	sim_015	EUR	4226	4205	0.9950307619498343	4231	26	21
NATMXB	NAT_PEL	22	30	sim_015	AFR	1243	1217	0.9790828640386162	1238	21	26
NATMXB	NAT_PEL	22	31	sim_016	NAT	3310	3309	0.9996978851963746	3366	57	1
NATMXB	NAT_PEL	22	31	sim_016	EUR	1435	1359	0.9470383275261324	1369	10	76
NATMXB	NAT_PEL	22	31	sim_016	AFR	724	714	0.9861878453038674	734	20	10
NATMXB	NAT_PEL	22	32	sim_016	EUR	5349	5070	0.9478407178911946	5070	0	279
NATMXB	NAT_PEL	22	32	sim_016	AFR	120	120	1	123	3	0
NATMXB	NAT_PEL	22	33	sim_017	NAT	383	375	0.97911227154047	375	0	8
NATMXB	NAT_PEL	22	33	sim_017	EUR	4988	4988	1	5094	106	0
NATMXB	NAT_PEL	22	33	sim_017	AFR	98	0	0	0	0	98
NATMXB	NAT_PEL	22	34	sim_017	NAT	1694	1548	0.9138134592680047	1548	0	146
NATMXB	NAT_PEL	22	34	sim_017	EUR	3022	2935	0.971211118464593	3065	130	87
NATMXB	NAT_PEL	22	34	sim_017	AFR	753	753	1	856	103	0
NATMXB	NAT_PEL	22	35	sim_018	NAT	898	862	0.95991091314031185	1056	194	36
NATMXB	NAT_PEL	22	35	sim_018	EUR	3285	3081	0.9378995433789954	3197	116	204
NATMXB	NAT_PEL	22	35	sim_018	AFR	1286	1206	0.937791601866252	1216	10	80
NATMXB	NAT_PEL	22	36	sim_018	NAT	1132	1113	0.9832155477031802	1138	25	19
NATMXB	NAT_PEL	22	36	sim_018	EUR	2992	2961	0.9896390374331551	2973	12	31
NATMXB	NAT_PEL	22	36	sim_018	AFR	1345	1333	0.9910780669144982	1358	25	12
NATMXB	NAT_PEL	22	37	sim_019	NAT	866	852	0.9838337182448037	890	38	14
NATMXB	NAT_PEL	22	37	sim_019	EUR	2881	2873	0.9972231863936133	2882	9	8
NATMXB	NAT_PEL	22	37	sim_019	AFR	1722	1675	0.9727061556329849	1697	22	47
NATMXB	NAT_PEL	22	38	sim_019	NAT	32	32	1	32	0	0
NATMXB	NAT_PEL	22	38	sim_019	EUR	4404	4379	0.9943233424159855	4379	0	25
NATMXB	NAT_PEL	22	38	sim_019	AFR	1033	1033	1	1058	25	0
NATMXB	NAT_PEL	22	39	sim_020	EUR	4865	4584	0.94224049331963	4584	0	281
NATMXB	NAT_PEL	22	39	sim_020	AFR	604	604	1	885	281	0
NATMXB	NAT_PEL	22	40	sim_020	NAT	2454	2263	0.9221678891605541	2384	121	191
NATMXB	NAT_PEL	22	40	sim_020	EUR	1396	1309	0.9376790830945558	1494	185	87
NATMXB	NAT_PEL	22	40	sim_020	AFR	1619	1583	0.9777640518838789	1591	8	36
NATMXB	NAT_PEL	22	41	sim_021	NAT	93	93	1	98	5	0
NATMXB	NAT_PEL	22	41	sim_021	EUR	3982	3732	0.9372174786539428	3732	0	250
NATMXB	NAT_PEL	22	41	sim_021	AFR	1394	1394	1	1639	245	0
NATMXB	NAT_PEL	22	42	sim_021	NAT	1738	1725	0.9925201380897584	1780	55	13
NATMXB	NAT_PEL	22	42	sim_021	EUR	2376	2302	0.9688552188552189	2304	2	74
NATMXB	NAT_PEL	22	42	sim_021	AFR	1355	1353	0.9985239852398524	1385	32	2
NATMXB	NAT_PEL	22	43	sim_022	NAT	326	326	1	356	30	0
NATMXB	NAT_PEL	22	43	sim_022	EUR	1104	1066	0.9655797101449275	1087	21	38
NATMXB	NAT_PEL	22	43	sim_022	AFR	4039	4018	0.9948006932409013	4026	8	21
NATMXB	NAT_PEL	22	44	sim_022	NAT	1550	1393	0.8987096774193548	1393	0	157
NATMXB	NAT_PEL	22	44	sim_022	EUR	3880	3880	1	4076	196	0
NATMXB	NAT_PEL	22	44	sim_022	AFR	39	0	0	0	0	39
NATMXB	NAT_PEL	22	45	sim_023	EUR	3289	3100	0.9425357251444207	3280	180	189
NATMXB	NAT_PEL	22	45	sim_023	AFR	2180	2000	0.9174311926605505	2189	189	180
NATMXB	NAT_PEL	22	46	sim_023	EUR	4629	4629	1	4757	128	0
NATMXB	NAT_PEL	22	46	sim_023	AFR	840	712	0.8476190476190476	712	0	128
NATMXB	NAT_PEL	22	47	sim_024	NAT	2057	2026	0.9849295089936801	2363	337	31
NATMXB	NAT_PEL	22	47	sim_024	EUR	2080	1736	0.8346153846153846	1739	3	344
NATMXB	NAT_PEL	22	47	sim_024	AFR	1332	1329	0.9977477477477478	1367	38	3
NATMXB	NAT_PEL	22	48	sim_024	NAT	124	104	0.8387096774193549	104	0	20
NATMXB	NAT_PEL	22	48	sim_024	EUR	3896	3896	1	3984	88	0
NATMXB	NAT_PEL	22	48	sim_024	AFR	1449	1367	0.9434092477570738	1381	14	82
NATMXB	NAT_PEL	22	49	sim_025	NAT	1148	1086	0.945993031358885	1117	31	62
NATMXB	NAT_PEL	22	49	sim_025	EUR	3620	3381	0.9339779005524862	3443	62	239
NATMXB	NAT_PEL	22	49	sim_025	AFR	701	701	1	909	208	0
NATMXB	NAT_PEL	22	50	sim_025	NAT	524	277	0.5286259541984732	327	50	247
NATMXB	NAT_PEL	22	50	sim_025	EUR	1416	1408	0.9943502824858758	1676	268	8
NATMXB	NAT_PEL	22	50	sim_025	AFR	3529	3465	0.9818645508642675	3466	1	64
NATMXB	NAT_PEL	22	51	sim_026	NAT	689	603	0.8751814223512336	603	0	86
NATMXB	NAT_PEL	22	51	sim_026	EUR	2258	2258	1	2346	88	0
NATMXB	NAT_PEL	22	51	sim_026	AFR	2522	2520	0.9992069785884219	2520	0	2
NATMXB	NAT_PEL	22	52	sim_026	EUR	1200	1122	0.935	1122	0	78
NATMXB	NAT_PEL	22	52	sim_026	AFR	4269	4269	1	4347	78	0
NATMXB	NAT_PEL	22	53	sim_027	NAT	2364	2202	0.9314720812182741	2221	19	162
NATMXB	NAT_PEL	22	53	sim_027	EUR	3105	3086	0.9938808373590983	3248	162	19
NATMXB	NAT_PEL	22	54	sim_027	NAT	32	0	0	0	0	32
NATMXB	NAT_PEL	22	54	sim_027	EUR	4098	4060	0.9907271839921913	4113	53	38
NATMXB	NAT_PEL	22	54	sim_027	AFR	1339	1318	0.9843166542195668	1356	38	21
NATMXB	NAT_PEL	22	55	sim_028	NAT	1688	1682	0.9964454976303317	1688	6	6
NATMXB	NAT_PEL	22	55	sim_028	EUR	3781	3775	0.9984131182226924	3781	6	6
NATMXB	NAT_PEL	22	56	sim_028	NAT	611	598	0.9787234042553191	613	15	13
NATMXB	NAT_PEL	22	56	sim_028	EUR	3737	3729	0.9978592453839978	3743	14	8
NATMXB	NAT_PEL	22	56	sim_028	AFR	1121	1111	0.9910793933987511	1113	2	10
NATMXB	NAT_PEL	22	57	sim_029	NAT	841	801	0.9524375743162902	802	1	40
NATMXB	NAT_PEL	22	57	sim_029	EUR	3484	3483	0.9997129735935706	3533	50	1
NATMXB	NAT_PEL	22	57	sim_029	AFR	1144	1134	0.9912587412587412	1134	0	10
NATMXB	NAT_PEL	22	58	sim_029	NAT	1354	1333	0.9844903988183161	1333	0	21
NATMXB	NAT_PEL	22	58	sim_029	EUR	3149	3122	0.9914258494760241	3148	26	27
NATMXB	NAT_PEL	22	58	sim_029	AFR	966	940	0.9730848861283644	988	48	26
NATMXB	NAT_PEL	22	59	sim_030	NAT	406	406	1	427	21	0
NATMXB	NAT_PEL	22	59	sim_030	EUR	4323	4112	0.9511913023363405	4119	7	211
NATMXB	NAT_PEL	22	59	sim_030	AFR	740	733	0.9905405405405405	923	190	7
NATMXB	NAT_PEL	22	60	sim_030	NAT	2446	2382	0.9738348323793949	2497	115	64
NATMXB	NAT_PEL	22	60	sim_030	EUR	2373	2371	0.999157184997893	2625	254	2
NATMXB	NAT_PEL	22	60	sim_030	AFR	650	309	0.4753846153846154	347	38	341
NAT	NAT_PEL_EAS	22	1	sim_001	NAT	854	854	1	854	0	0
NAT	NAT_PEL_EAS	22	1	sim_001	EUR	1731	1674	0.9670710571923743	1676	2	57
NAT	NAT_PEL_EAS	22	1	sim_001	AFR	2884	2882	0.9993065187239945	2939	57	2
NAT	NAT_PEL_EAS	22	2	sim_001	NAT	782	769	0.9833759590792839	772	3	13
NAT	NAT_PEL_EAS	22	2	sim_001	EUR	338	327	0.9674556213017751	398	71	11
NAT	NAT_PEL_EAS	22	2	sim_001	AFR	4349	4288	0.9859737870774891	4299	11	61
NAT	NAT_PEL_EAS	22	3	sim_002	NAT	328	328	1	328	0	0
NAT	NAT_PEL_EAS	22	3	sim_002	EUR	3724	3708	0.9957035445757251	3708	0	16
NAT	NAT_PEL_EAS	22	3	sim_002	AFR	1417	1417	1	1433	16	0
NAT	NAT_PEL_EAS	22	4	sim_002	NAT	429	429	1	636	207	0
NAT	NAT_PEL_EAS	22	4	sim_002	EUR	4049	3834	0.946900469251667	3837	3	215
NAT	NAT_PEL_EAS	22	4	sim_002	AFR	991	988	0.9969727547931383	996	8	3
NAT	NAT_PEL_EAS	22	5	sim_003	NAT	1709	1709	1	1711	2	0
NAT	NAT_PEL_EAS	22	5	sim_003	EUR	483	435	0.9006211180124224	494	59	48
NAT	NAT_PEL_EAS	22	5	sim_003	AFR	3277	3216	0.9813854134879463	3264	48	61
NAT	NAT_PEL_EAS	22	6	sim_003	NAT	1326	925	0.6975867269984917	1002	77	401
NAT	NAT_PEL_EAS	22	6	sim_003	EUR	4143	3975	0.9594496741491673	4376	401	168
NAT	NAT_PEL_EAS	22	7	sim_004	NAT	806	798	0.9900744416873449	798	0	8
NAT	NAT_PEL_EAS	22	7	sim_004	EUR	2780	2772	0.9971223021582734	2818	46	8
NAT	NAT_PEL_EAS	22	7	sim_004	AFR	1883	1837	0.975570897503983	1853	16	46
NAT	NAT_PEL_EAS	22	8	sim_004	NAT	176	175	0.9943181818181818	175	0	1
NAT	NAT_PEL_EAS	22	8	sim_004	EUR	3541	3540	0.9997175939000282	3543	3	1
NAT	NAT_PEL_EAS	22	8	sim_004	AFR	1752	1750	0.9988584474885844	1751	1	2
NAT	NAT_PEL_EAS	22	9	sim_005	NAT	711	706	0.9929676511954993	730	24	5
NAT	NAT_PEL_EAS	22	9	sim_005	EUR	4503	4124	0.9158338885187652	4129	5	379
NAT	NAT_PEL_EAS	22	9	sim_005	AFR	255	255	1	610	355	0
NAT	NAT_PEL_EAS	22	10	sim_005	EUR	1035	1015	0.9806763285024155	1094	79	20
NAT	NAT_PEL_EAS	22	10	sim_005	AFR	4434	4355	0.9821831303563374	4375	20	79
NAT	NAT_PEL_EAS	22	11	sim_006	NAT	2061	1806	0.87627365356623	2231	425	255
NAT	NAT_PEL_EAS	22	11	sim_006	EUR	2549	2114	0.8293448411141624	2369	255	435
NAT	NAT_PEL_EAS	22	11	sim_006	AFR	859	859	1	869	10	0
NAT	NAT_PEL_EAS	22	12	sim_006	NAT	2214	1190	0.5374887082204155	1213	23	1024
NAT	NAT_PEL_EAS	22	12	sim_006	EUR	1428	1273	0.8914565826330533	2287	1014	155
NAT	NAT_PEL_EAS	22	12	sim_006	AFR	1827	1827	1	1969	142	0
NAT	NAT_PEL_EAS	22	13	sim_007	EUR	4442	4415	0.9939216569113012	4533	118	27
NAT	NAT_PEL_EAS	22	13	sim_007	AFR	1027	909	0.8851022395326192	936	27	118
NAT	NAT_PEL_EAS	22	14	sim_007	NAT	61	61	1	221	160	0
NAT	NAT_PEL_EAS	22	14	sim_007	EUR	4927	4433	0.899736147757256	4434	1	494
NAT	NAT_PEL_EAS	22	14	sim_007	AFR	481	480	0.997920997920998	814	334	1
NAT	NAT_PEL_EAS	22	15	sim_008	NAT	691	691	1	691	0	0
NAT	NAT_PEL_EAS	22	15	sim_008	EUR	4684	4377	0.9344577284372332	4405	28	307
NAT	NAT_PEL_EAS	22	15	sim_008	AFR	94	66	0.7021276595744681	373	307	28
NAT	NAT_PEL_EAS	22	16	sim_008	NAT	2418	1963	0.8118279569892473	2011	48	455
NAT	NAT_PEL_EAS	22	16	sim_008	EUR	2447	2225	0.9092766653044544	2282	57	222
NAT	NAT_PEL_EAS	22	16	sim_008	AFR	604	604	1	1176	572	0
NAT	NAT_PEL_EAS	22	17	sim_009	NAT	1389	1338	0.9632829373650108	1557	219	51
NAT	NAT_PEL_EAS	22	17	sim_009	EUR	1187	877	0.7388374052232519	925	48	310
NAT	NAT_PEL_EAS	22	17	sim_009	AFR	2893	2877	0.9944694089180781	2987	110	16
NAT	NAT_PEL_EAS	22	18	sim_009	EUR	2976	2950	0.991263440860215	2990	40	26
NAT	NAT_PEL_EAS	22	18	sim_009	AFR	2493	2453	0.9839550742077818	2479	26	40
NAT	NAT_PEL_EAS	22	19	sim_010	EUR	4119	4113	0.9985433357611071	4113	0	6
NAT	NAT_PEL_EAS	22	19	sim_010	AFR	1350	1350	1	1356	6	0
NAT	NAT_PEL_EAS	22	20	sim_010	NAT	482	465	0.9647302904564315	525	60	17
NAT	NAT_PEL_EAS	22	20	sim_010	EUR	2654	2340	0.881688018085908	2343	3	314
NAT	NAT_PEL_EAS	22	20	sim_010	AFR	2333	2330	0.9987141020145736	2601	271	3
NAT	NAT_PEL_EAS	22	21	sim_011	EUR	36	0	0	0	0	36
NAT	NAT_PEL_EAS	22	21	sim_011	AFR	5433	5433	1	5469	36	0
NAT	NAT_PEL_EAS	22	22	sim_011	NAT	820	748	0.9121951219512195	813	65	72
NAT	NAT_PEL_EAS	22	22	sim_011	EUR	1264	1203	0.9517405063291139	1204	1	61
NAT	NAT_PEL_EAS	22	22	sim_011	AFR	3385	3376	0.9973412112259971	3452	76	9
NAT	NAT_PEL_EAS	22	23	sim_012	NAT	672	604	0.8988095238095238	604	0	68
NAT	NAT_PEL_EAS	22	23	sim_012	EUR	3773	3773	1	3866	93	0
NAT	NAT_PEL_EAS	22	23	sim_012	AFR	1024	999	0.9755859375	999	0	25
NAT	NAT_PEL_EAS	22	24	sim_012	NAT	217	217	1	321	104	0
NAT	NAT_PEL_EAS	22	24	sim_012	EUR	2957	2838	0.9597565099763273	2843	5	119
NAT	NAT_PEL_EAS	22	24	sim_012	AFR	2295	2290	0.9978213507625272	2305	15	5
NAT	NAT_PEL_EAS	22	25	sim_013	NAT	2726	2718	0.9970652971386648	2843	125	8
NAT	NAT_PEL_EAS	22	25	sim_013	EUR	1734	1678	0.9677047289504037	1719	41	56
NAT	NAT_PEL_EAS	22	25	sim_013	AFR	1009	907	0.8989098116947473	907	0	102
NAT	NAT_PEL_EAS	22	26	sim_013	NAT	1097	1092	0.9954421148587056	1126	34	5
NAT	NAT_PEL_EAS	22	26	sim_013	EUR	3547	3455	0.9740625881026219	3499	44	92
NAT	NAT_PEL_EAS	22	26	sim_013	AFR	825	786	0.9527272727272728	844	58	39
NAT	NAT_PEL_EAS	22	27	sim_014	NAT	3615	3437	0.9507607192254495	3510	73	178
NAT	NAT_PEL_EAS	22	27	sim_014	EUR	1389	1389	1	1565	176	0
NAT	NAT_PEL_EAS	22	27	sim_014	AFR	465	392	0.843010752688172	394	2	73
NAT	NAT_PEL_EAS	22	28	sim_014	NAT	1729	1555	0.8993637941006362	1710	155	174
NAT	NAT_PEL_EAS	22	28	sim_014	EUR	3554	3186	0.8964546989307822	3354	168	368
NAT	NAT_PEL_EAS	22	28	sim_014	AFR	186	186	1	405	219	0
NAT	NAT_PEL_EAS	22	29	sim_015	NAT	242	242	1	307	65	0
NAT	NAT_PEL_EAS	22	29	sim_015	EUR	4253	4188	0.9847166705854691	4198	10	65
NAT	NAT_PEL_EAS	22	29	sim_015	AFR	974	964	0.9897330595482546	964	0	10
NAT	NAT_PEL_EAS	22	30	sim_015	NAT	547	541	0.9890310786106032	541	0	6
NAT	NAT_PEL_EAS	22	30	sim_015	EUR	3866	3866	1	3999	133	0
NAT	NAT_PEL_EAS	22	30	sim_015	AFR	1056	929	0.8797348484848485	929	0	127
NAT	NAT_PEL_EAS	22	31	sim_016	NAT	694	643	0.9265129682997119	643	0	51
NAT	NAT_PEL_EAS	22	31	sim_016	EUR	4731	4731	1	4826	95	0
NAT	NAT_PEL_EAS	22	31	sim_016	AFR	44	0	0	0	0	44
NAT	NAT_PEL_EAS	22	32	sim_016	NAT	281	136	0.48398576512455516	258	122	145
NAT	NAT_PEL_EAS	22	32	sim_016	EUR	4007	3843	0.9590716246568505	4041	198	164
NAT	NAT_PEL_EAS	22	32	sim_016	AFR	1181	1128	0.9551227773073666	1170	42	53
NAT	NAT_PEL_EAS	22	33	sim_017	NAT	1869	1869	1	1976	107	0
NAT	NAT_PEL_EAS	22	33	sim_017	EUR	3469	3352	0.9662727010665898	3352	0	117
NAT	NAT_PEL_EAS	22	33	sim_017	AFR	131	131	1	141	10	0
NAT	NAT_PEL_EAS	22	34	sim_017	EUR	2628	2622	0.997716894977169	2629	7	6
NAT	NAT_PEL_EAS	22	34	sim_017	AFR	2841	2834	0.9975360788454769	2840	6	7
NAT	NAT_PEL_EAS	22	35	sim_018	NAT	902	783	0.8680709534368071	888	105	119
NAT	NAT_PEL_EAS	22	35	sim_018	EUR	3686	3581	0.9715138361367336	3705	124	105
NAT	NAT_PEL_EAS	22	35	sim_018	AFR	881	872	0.9897843359818388	876	4	9
NAT	NAT_PEL_EAS	22	36	sim_018	NAT	2831	2767	0.9773931472977746	2801	34	64
NAT	NAT_PEL_EAS	22	36	sim_018	EUR	886	853	0.9627539503386005	917	64	33
NAT	NAT_PEL_EAS	22	36	sim_018	AFR	1752	1718	0.980593607305936	1751	33	34
NAT	NAT_PEL_EAS	22	37	sim_019	EUR	5248	5248	1	5248	0	0
NAT	NAT_PEL_EAS	22	37	sim_019	AFR	221	221	1	221	0	0
NAT	NAT_PEL_EAS	22	38	sim_019	EUR	2072	2020	0.974903474903475	2084	64	52
NAT	NAT_PEL_EAS	22	38	sim_019	AFR	3397	3333	0.9811598469237562	3385	52	64
NAT	NAT_PEL_EAS	22	39	sim_020	EUR	5393	5393	1	5469	76	0
NAT	NAT_PEL_EAS	22	39	sim_020	AFR	76	0	0	0	0	76
NAT	NAT_PEL_EAS	22	40	sim_020	EUR	3903	3790	0.9710479118626697	3824	34	113
NAT	NAT_PEL_EAS	22	40	sim_020	AFR	1566	1532	0.9782886334610472	1540	8	34
NAT	NAT_PEL_EAS	22	41	sim_021	NAT	1848	1747	0.9453463203463204	1885	138	101
NAT	NAT_PEL_EAS	22	41	sim_021	EUR	962	813	0.8451143451143451	914	101	149
NAT	NAT_PEL_EAS	22	41	sim_021	AFR	2659	2637	0.9917262128619782	2670	33	22
NAT	NAT_PEL_EAS	22	42	sim_021	NAT	1981	1957	0.9878849066128218	2017	60	24
NAT	NAT_PEL_EAS	22	42	sim_021	EUR	3488	3428	0.9827981651376146	3452	24	60
NAT	NAT_PEL_EAS	22	43	sim_022	EUR	3550	3545	0.9985915492957746	3554	9	5
NAT	NAT_PEL_EAS	22	43	sim_022	AFR	1919	1910	0.9953100573215217	1915	5	9
NAT	NAT_PEL_EAS	22	44	sim_022	EUR	5011	5002	0.9982039513071244	5100	98	9
NAT	NAT_PEL_EAS	22	44	sim_022	AFR	458	360	0.7860262008733624	369	9	98
NAT	NAT_PEL_EAS	22	45	sim_023	NAT	1516	1512	0.9973614775725593	1591	79	4
NAT	NAT_PEL_EAS	22	45	sim_023	EUR	1028	974	0.9474708171206225	980	6	54
NAT	NAT_PEL_EAS	22	45	sim_023	AFR	2925	2894	0.9894017094017094	2898	4	31
NAT	NAT_PEL_EAS	22	46	sim_023	NAT	577	577	1	604	27	0
NAT	NAT_PEL_EAS	22	46	sim_023	EUR	3694	3628	0.9821331889550623	3628	0	66
NAT	NAT_PEL_EAS	22	46	sim_023	AFR	1198	1171	0.9774624373956594	1237	66	27
NAT	NAT_PEL_EAS	22	47	sim_024	EUR	3470	3470	1	3470	0	0
NAT	NAT_PEL_EAS	22	47	sim_024	AFR	1999	1999	1	1999	0	0
NAT	NAT_PEL_EAS	22	48	sim_024	NAT	1095	1046	0.9552511415525115	1293	247	49
NAT	NAT_PEL_EAS	22	48	sim_024	EUR	3416	3168	0.927400468384075	3247	79	248
NAT	NAT_PEL_EAS	22	48	sim_024	AFR	958	928	0.9686847599164927	929	1	30
NAT	NAT_PEL_EAS	22	49	sim_025	NAT	197	0	0	0	0	197
NAT	NAT_PEL_EAS	22	49	sim_025	EUR	3006	3006	1	3203	197	0
NAT	NAT_PEL_EAS	22	49	sim_025	AFR	2266	2266	1	2266	0	0
NAT	NAT_PEL_EAS	22	50	sim_025	NAT	824	357	0.433252427184466	357	0	467
NAT	NAT_PEL_EAS	22	50	sim_025	EUR	3221	3010	0.9344923936665632	3575	565	211
NAT	NAT_PEL_EAS	22	50	sim_025	AFR	1424	1326	0.9311797752808989	1537	211	98
NAT	NAT_PEL_EAS	22	51	sim_026	NAT	2138	1724	0.8063610851262862	1724	0	414
NAT	NAT_PEL_EAS	22	51	sim_026	EUR	2134	2133	0.9995313964386129	2547	414	1
NAT	NAT_PEL_EAS	22	51	sim_026	AFR	1197	1197	1	1198	1	0
NAT	NAT_PEL_EAS	22	52	sim_026	NAT	2301	2246	0.9760973489787049	2248	2	55
NAT	NAT_PEL_EAS	22	52	sim_026	EUR	1436	1427	0.9937325905292479	1482	55	9
NAT	NAT_PEL_EAS	22	52	sim_026	AFR	1732	1730	0.9988452655889145	1739	9	2
NAT	NAT_PEL_EAS	22	53	sim_027	NAT	227	217	0.9559471365638766	217	0	10
NAT	NAT_PEL_EAS	22	53	sim_027	EUR	4746	4746	1	4876	130	0
NAT	NAT_PEL_EAS	22	53	sim_027	AFR	496	376	0.7580645161290323	376	0	120
NAT	NAT_PEL_EAS	22	54	sim_027	EUR	3243	3150	0.971322849213691	3153	3	93
NAT	NAT_PEL_EAS	22	54	sim_027	AFR	2226	2223	0.9986522911051213	2316	93	3
NAT	NAT_PEL_EAS	22	55	sim_028	EUR	4311	4309	0.9995360705172813	4309	0	2
NAT	NAT_PEL_EAS	22	55	sim_028	AFR	1158	1158	1	1160	2	0
NAT	NAT_PEL_EAS	22	56	sim_028	EUR	4932	4644	0.9416058394160584	4680	36	288
NAT	NAT_PEL_EAS	22	56	sim_028	AFR	537	501	0.9329608938547486	680	179	36
NAT	NAT_PEL_EAS	22	57	sim_029	NAT	93	0	0	0	0	93
NAT	NAT_PEL_EAS	22	57	sim_029	EUR	2658	2658	1	2827	169	0
NAT	NAT_PEL_EAS	22	57	sim_029	AFR	2718	2642	0.9720382634289919	2642	0	76
NAT	NAT_PEL_EAS	22	58	sim_029	NAT	766	763	0.9960835509138382	904	141	3
NAT	NAT_PEL_EAS	22	58	sim_029	EUR	2159	2010	0.9309865678554886	2059	49	149
NAT	NAT_PEL_EAS	22	58	sim_029	AFR	2544	2498	0.9819182389937107	2506	8	46
NAT	NAT_PEL_EAS	22	59	sim_030	NAT	2046	531	0.2595307917888563	607	76	1515
NAT	NAT_PEL_EAS	22	59	sim_030	EUR	1758	1593	0.9061433447098977	1972	379	165
NAT	NAT_PEL_EAS	22	59	sim_030	AFR	1665	1656	0.9945945945945946	2890	1234	9
NAT	NAT_PEL_EAS	22	60	sim_030	NAT	524	524	1	593	69	0
NAT	NAT_PEL_EAS	22	60	sim_030	EUR	2529	2351	0.9296164491894029	2362	11	178
NAT	NAT_PEL_EAS	22	60	sim_030	AFR	2416	2348	0.9718543046357616	2514	166	68
NATMXB	NAT_PEL_EAS	22	1	sim_001	NAT	1956	1369	0.6998977505112475	1369	0	587
NATMXB	NAT_PEL_EAS	22	1	sim_001	EUR	604	604	1	1105	501	0
NATMXB	NAT_PEL_EAS	22	1	sim_001	AFR	2909	2909	1	2995	86	0
NATMXB	NAT_PEL_EAS	22	2	sim_001	NAT	3538	3277	0.9262295081967213	3357	80	261
NATMXB	NAT_PEL_EAS	22	2	sim_001	EUR	821	794	0.9671132764920828	1056	262	27
NATMXB	NAT_PEL_EAS	22	2	sim_001	AFR	1110	1038	0.9351351351351351	1056	18	72
NATMXB	NAT_PEL_EAS	22	3	sim_002	EUR	3720	3549	0.9540322580645161	3767	218	171
NATMXB	NAT_PEL_EAS	22	3	sim_002	AFR	1749	1449	0.8284734133790738	1449	0	300
NATMXB	NAT_PEL_EAS	22	4	sim_002	NAT	227	220	0.9691629955947136	220	0	7
NATMXB	NAT_PEL_EAS	22	4	sim_002	EUR	5207	5207	1	5249	42	0
NATMXB	NAT_PEL_EAS	22	4	sim_002	AFR	35	0	0	0	0	35
NATMXB	NAT_PEL_EAS	22	5	sim_003	NAT	418	370	0.8851674641148325	418	48	48
NATMXB	NAT_PEL_EAS	22	5	sim_003	EUR	4182	4182	1	4261	79	0
NATMXB	NAT_PEL_EAS	22	5	sim_003	AFR	869	790	0.9090909090909091	790	0	79
NATMXB	NAT_PEL_EAS	22	6	sim_003	NAT	1051	1051	1	1119	68	0
NATMXB	NAT_PEL_EAS	22	6	sim_003	EUR	3136	3087	0.984375	3094	7	49
NATMXB	NAT_PEL_EAS	22	6	sim_003	AFR	1282	1256	0.9797191887675507	1256	0	26
NATMXB	NAT_PEL_EAS	22	7	sim_004	EUR	3420	3420	1	3499	79	0
NATMXB	NAT_PEL_EAS	22	7	sim_004	AFR	2049	1970	0.961444607125427	1970	0	79
NATMXB	NAT_PEL_EAS	22	8	sim_004	NAT	1643	1524	0.9275715155203895	1541	17	119
NATMXB	NAT_PEL_EAS	22	8	sim_004	EUR	3634	3617	0.9953219592735278	3707	90	17
NATMXB	NAT_PEL_EAS	22	8	sim_004	AFR	192	192	1	221	29	0
NATMXB	NAT_PEL_EAS	22	9	sim_005	NAT	565	563	0.9964601769911504	615	52	2
NATMXB	NAT_PEL_EAS	22	9	sim_005	EUR	4838	4838	1	4854	16	0
NATMXB	NAT_PEL_EAS	22	9	sim_005	AFR	66	0	0	0	0	66
NATMXB	NAT_PEL_EAS	22	10	sim_005	NAT	336	67	0.19940476190476192	125	58	269
NATMXB	NAT_PEL_EAS	22	10	sim_005	EUR	3417	3296	0.964588820602868	3602	306	121
NATMXB	NAT_PEL_EAS	22	10	sim_005	AFR	1716	1679	0.9784382284382285	1742	63	37
NATMXB	NAT_PEL_EAS	22	11	sim_006	EUR	421	366	0.8693586698337292	544	178	55
NATMXB	NAT_PEL_EAS	22	11	sim_006	AFR	5048	4870	0.9647385103011094	4925	55	178
NATMXB	NAT_PEL_EAS	22	12	sim_006	NAT	2236	1018	0.4552772808586762	1018	0	1218
NATMXB	NAT_PEL_EAS	22	12	sim_006	EUR	2936	2900	0.9877384196185286	3865	965	36
NATMXB	NAT_PEL_EAS	22	12	sim_006	AFR	297	297	1	586	289	0
NATMXB	NAT_PEL_EAS	22	13	sim_007	NAT	156	0	0	0	0	156
NATMXB	NAT_PEL_EAS	22	13	sim_007	EUR	764	734	0.9607329842931938	890	156	30
NATMXB	NAT_PEL_EAS	22	13	sim_007	AFR	4549	4549	1	4579	30	0
NATMXB	NAT_PEL_EAS	22	14	sim_007	NAT	415	309	0.744578313253012	309	0	106
NATMXB	NAT_PEL_EAS	22	14	sim_007	EUR	3753	3742	0.9970690114575007	3848	106	11
NATMXB	NAT_PEL_EAS	22	14	sim_007	AFR	1301	1301	1	1312	11	0
NATMXB	NAT_PEL_EAS	22	15	sim_008	NAT	194	182	0.9381443298969072	232	50	12
NATMXB	NAT_PEL_EAS	22	15	sim_008	EUR	3919	3722	0.9497320745088033	3734	12	197
NATMXB	NAT_PEL_EAS	22	15	sim_008	AFR	1356	1356	1	1503	147	0
NATMXB	NAT_PEL_EAS	22	16	sim_008	NAT	375	303	0.808	303	0	72
NATMXB	NAT_PEL_EAS	22	16	sim_008	EUR	4314	4295	0.9955957348168752	4367	72	19
NATMXB	NAT_PEL_EAS	22	16	sim_008	AFR	780	780	1	799	19	0
NATMXB	NAT_PEL_EAS	22	17	sim_009	NAT	765	751	0.9816993464052287	751	0	14
NATMXB	NAT_PEL_EAS	22	17	sim_009	EUR	4552	4551	0.999780316344464	4565	14	1
NATMXB	NAT_PEL_EAS	22	17	sim_009	AFR	152	152	1	153	1	0
NATMXB	NAT_PEL_EAS	22	18	sim_009	NAT	931	891	0.9570354457572503	1183	292	40
NATMXB	NAT_PEL_EAS	22	18	sim_009	EUR	3215	2723	0.8469673405909798	2796	73	492
NATMXB	NAT_PEL_EAS	22	18	sim_009	AFR	1323	1259	0.9516250944822373	1490	231	64
NATMXB	NAT_PEL_EAS	22	19	sim_010	EUR	5352	5352	1	5360	8	0
NATMXB	NAT_PEL_EAS	22	19	sim_010	AFR	117	109	0.9316239316239316	109	0	8
NATMXB	NAT_PEL_EAS	22	20	sim_010	NAT	59	0	0	0	0	59
NATMXB	NAT_PEL_EAS	22	20	sim_010	EUR	4509	4251	0.9427811044577512	4310	59	258
NATMXB	NAT_PEL_EAS	22	20	sim_010	AFR	901	901	1	1159	258	0
NATMXB	NAT_PEL_EAS	22	21	sim_011	NAT	3937	3918	0.9951739903479807	3918	0	19
NATMXB	NAT_PEL_EAS	22	21	sim_011	EUR	1532	1532	1	1551	19	0
NATMXB	NAT_PEL_EAS	22	22	sim_011	NAT	2995	2965	0.989983305509182	2965	0	30
NATMXB	NAT_PEL_EAS	22	22	sim_011	EUR	1417	1387	0.9788285109386027	1417	30	30
NATMXB	NAT_PEL_EAS	22	22	sim_011	AFR	1057	1057	1	1087	30	0
NATMXB	NAT_PEL_EAS	22	23	sim_012	NAT	1234	999	0.8095623987034035	999	0	235
NATMXB	NAT_PEL_EAS	22	23	sim_012	EUR	4235	4203	0.992443919716647	4438	235	32
NATMXB	NAT_PEL_EAS	22	24	sim_012	NAT	856	855	0.9988317757009346	866	11	1
NATMXB	NAT_PEL_EAS	22	24	sim_012	EUR	4298	4234	0.9851093531875291	4250	16	64
NATMXB	NAT_PEL_EAS	22	24	sim_012	AFR	315	300	0.9523809523809523	353	53	15
NATMXB	NAT_PEL_EAS	22	25	sim_013	EUR	5189	5189	1	5211	22	0
NATMXB	NAT_PEL_EAS	22	25	sim_013	AFR	280	258	0.9214285714285714	258	0	22
NATMXB	NAT_PEL_EAS	22	26	sim_013	NAT	646	580	0.8978328173374613	580	0	66
NATMXB	NAT_PEL_EAS	22	26	sim_013	EUR	2705	2705	1	2788	83	0
NATMXB	NAT_PEL_EAS	22	26	sim_013	AFR	2118	2101	0.9919735599622285	2101	0	17
NATMXB	NAT_PEL_EAS	22	27	sim_014	NAT	1445	1165	0.8062283737024222	1360	195	280
NATMXB	NAT_PEL_EAS	22	27	sim_014	EUR	2072	1837	0.8865830115830116	2116	279	235
NATMXB	NAT_PEL_EAS	22	27	sim_014	AFR	1952	1952	1	1993	41	0
NATMXB	NAT_PEL_EAS	22	28	sim_014	EUR	5469	5114	0.9350886816602669	5114	0	355
NATMXB	NAT_PEL_EAS	22	29	sim_015	EUR	4523	4516	0.9984523546318815	4551	35	7
NATMXB	NAT_PEL_EAS	22	29	sim_015	AFR	946	911	0.9630021141649049	918	7	35
NATMXB	NAT_PEL_EAS	22	30	sim_015	EUR	4226	4205	0.9950307619498343	4264	59	21
NATMXB	NAT_PEL_EAS	22	30	sim_015	AFR	1243	1184	0.9525341914722446	1205	21	59
NATMXB	NAT_PEL_EAS	22	31	sim_016	NAT	3310	3310	1	3461	151	0
NATMXB	NAT_PEL_EAS	22	31	sim_016	EUR	1435	1359	0.9470383275261324	1369	10	76
NATMXB	NAT_PEL_EAS	22	31	sim_016	AFR	724	620	0.856353591160221	639	19	104
NATMXB	NAT_PEL_EAS	22	32	sim_016	EUR	5349	5346	0.9994391475042064	5346	0	3
NATMXB	NAT_PEL_EAS	22	32	sim_016	AFR	120	120	1	123	3	0
NATMXB	NAT_PEL_EAS	22	33	sim_017	NAT	383	383	1	1105	722	0
NATMXB	NAT_PEL_EAS	22	33	sim_017	EUR	4988	4266	0.855252606255012	4364	98	722
NATMXB	NAT_PEL_EAS	22	33	sim_017	AFR	98	0	0	0	0	98
NATMXB	NAT_PEL_EAS	22	34	sim_017	NAT	1694	1669	0.9852420306965761	1724	55	25
NATMXB	NAT_PEL_EAS	22	34	sim_017	EUR	3022	2880	0.9530112508272667	2889	9	142
NATMXB	NAT_PEL_EAS	22	34	sim_017	AFR	753	753	1	856	103	0
NATMXB	NAT_PEL_EAS	22	35	sim_018	NAT	898	891	0.9922048997772829	1269	378	7
NATMXB	NAT_PEL_EAS	22	35	sim_018	EUR	3285	3006	0.915068493150685	3013	7	279
NATMXB	NAT_PEL_EAS	22	35	sim_018	AFR	1286	1177	0.9152410575427683	1187	10	109
NATMXB	NAT_PEL_EAS	22	36	sim_018	NAT	1132	1113	0.9832155477031802	1138	25	19
NATMXB	NAT_PEL_EAS	22	36	sim_018	EUR	2992	2961	0.9896390374331551	2973	12	31
NATMXB	NAT_PEL_EAS	22	36	sim_018	AFR	1345	1333	0.9910780669144982	1358	25	12
NATMXB	NAT_PEL_EAS	22	37	sim_019	NAT	866	846	0.976905311778291	880	34	20
NATMXB	NAT_PEL_EAS	22	37	sim_019	EUR	2881	2873	0.9972231863936133	2971	98	8
NATMXB	NAT_PEL_EAS	22	37	sim_019	AFR	1722	1610	0.9349593495934959	1618	8	112
NATMXB	NAT_PEL_EAS	22	38	sim_019	NAT	32	32	1	32	0	0
NATMXB	NAT_PEL_EAS	22	38	sim_019	EUR	4404	4379	0.9943233424159855	4379	0	25
NATMXB	NAT_PEL_EAS	22	38	sim_019	AFR	1033	1033	1	1058	25	0
NATMXB	NAT_PEL_EAS	22	39	sim_020	EUR	4865	4619	0.9494347379239465	4619	0	246
NATMXB	NAT_PEL_EAS	22	39	sim_020	AFR	604	604	1	850	246	0
NATMXB	NAT_PEL_EAS	22	40	sim_020	NAT	2454	2302	0.9380603096984516	2501	199	152
NATMXB	NAT_PEL_EAS	22	40	sim_020	EUR	1396	1199	0.8588825214899714	1332	133	197
NATMXB	NAT_PEL_EAS	22	40	sim_020	AFR	1619	1610	0.9944410129709698	1636	26	9
NATMXB	NAT_PEL_EAS	22	41	sim_021	NAT	93	80	0.8602150537634409	80	0	13
NATMXB	NAT_PEL_EAS	22	41	sim_021	EUR	3982	3862	0.9698643897538926	3875	13	120
NATMXB	NAT_PEL_EAS	22	41	sim_021	AFR	1394	1394	1	1514	120	0
NATMXB	NAT_PEL_EAS	22	42	sim_021	NAT	1738	1725	0.9925201380897584	1805	80	13
NATMXB	NAT_PEL_EAS	22	42	sim_021	EUR	2376	2277	0.9583333333333334	2279	2	99
NATMXB	NAT_PEL_EAS	22	42	sim_021	AFR	1355	1353	0.9985239852398524	1385	32	2
NATMXB	NAT_PEL_EAS	22	43	sim_022	NAT	326	286	0.8773006134969326	286	0	40
NATMXB	NAT_PEL_EAS	22	43	sim_022	EUR	1104	1067	0.9664855072463768	1123	56	37
NATMXB	NAT_PEL_EAS	22	43	sim_022	AFR	4039	4023	0.9960386234216391	4060	37	16
NATMXB	NAT_PEL_EAS	22	44	sim_022	NAT	1550	1550	1	1591	41	0
NATMXB	NAT_PEL_EAS	22	44	sim_022	EUR	3880	3819	0.9842783505154639	3819	0	61
NATMXB	NAT_PEL_EAS	22	44	sim_022	AFR	39	31	0.7948717948717948	59	28	8
NATMXB	NAT_PEL_EAS	22	45	sim_023	EUR	3289	3100	0.9425357251444207	3296	196	189
NATMXB	NAT_PEL_EAS	22	45	sim_023	AFR	2180	1984	0.9100917431192661	2173	189	196
NATMXB	NAT_PEL_EAS	22	46	sim_023	EUR	4629	4615	0.9969755886800605	4615	0	14
NATMXB	NAT_PEL_EAS	22	46	sim_023	AFR	840	840	1	854	14	0
NATMXB	NAT_PEL_EAS	22	47	sim_024	NAT	2057	1951	0.9484686436558094	1968	17	106
NATMXB	NAT_PEL_EAS	22	47	sim_024	EUR	2080	2063	0.9918269230769231	2144	81	17
NATMXB	NAT_PEL_EAS	22	47	sim_024	AFR	1332	1326	0.9954954954954955	1357	31	6
NATMXB	NAT_PEL_EAS	22	48	sim_024	NAT	124	104	0.8387096774193549	104	0	20
NATMXB	NAT_PEL_EAS	22	48	sim_024	EUR	3896	3896	1	3984	88	0
NATMXB	NAT_PEL_EAS	22	48	sim_024	AFR	1449	1367	0.9434092477570738	1381	14	82
NATMXB	NAT_PEL_EAS	22	49	sim_025	NAT	1148	1086	0.945993031358885	1357	271	62
NATMXB	NAT_PEL_EAS	22	49	sim_025	EUR	3620	3218	0.888950276243094	3280	62	402
NATMXB	NAT_PEL_EAS	22	49	sim_025	AFR	701	701	1	832	131	0
NATMXB	NAT_PEL_EAS	22	50	sim_025	NAT	524	102	0.1946564885496183	110	8	422
NATMXB	NAT_PEL_EAS	22	50	sim_025	EUR	1416	1408	0.9943502824858758	1893	485	8
NATMXB	NAT_PEL_EAS	22	50	sim_025	AFR	3529	3465	0.9818645508642675	3466	1	64
NATMXB	NAT_PEL_EAS	22	51	sim_026	NAT	689	623	0.9042089985486212	623	0	66
NATMXB	NAT_PEL_EAS	22	51	sim_026	EUR	2258	2258	1	2326	68	0
NATMXB	NAT_PEL_EAS	22	51	sim_026	AFR	2522	2520	0.9992069785884219	2520	0	2
NATMXB	NAT_PEL_EAS	22	52	sim_026	EUR	1200	1108	0.9233333333333333	1108	0	92
NATMXB	NAT_PEL_EAS	22	52	sim_026	AFR	4269	4269	1	4361	92	0
NATMXB	NAT_PEL_EAS	22	53	sim_027	NAT	2364	1401	0.5926395939086294	1547	146	963
NATMXB	NAT_PEL_EAS	22	53	sim_027	EUR	3105	2959	0.9529790660225442	3922	963	146
NATMXB	NAT_PEL_EAS	22	54	sim_027	NAT	32	0	0	0	0	32
NATMXB	NAT_PEL_EAS	22	54	sim_027	EUR	4098	4060	0.9907271839921913	4113	53	38
NATMXB	NAT_PEL_EAS	22	54	sim_027	AFR	1339	1318	0.9843166542195668	1356	38	21
NATMXB	NAT_PEL_EAS	22	55	sim_028	NAT	1688	1629	0.965047393364929	1651	22	59
NATMXB	NAT_PEL_EAS	22	55	sim_028	EUR	3781	3759	0.9941814334832055	3818	59	22
NATMXB	NAT_PEL_EAS	22	56	sim_028	NAT	611	554	0.9067103109656302	611	57	57
NATMXB	NAT_PEL_EAS	22	56	sim_028	EUR	3737	3735	0.9994648113459995	3793	58	2
NATMXB	NAT_PEL_EAS	22	56	sim_028	AFR	1121	1063	0.9482604817127565	1065	2	58
NATMXB	NAT_PEL_EAS	22	57	sim_029	NAT	841	454	0.539833531510107	454	0	387
NATMXB	NAT_PEL_EAS	22	57	sim_029	EUR	3484	3484	1	3912	428	0
NATMXB	NAT_PEL_EAS	22	57	sim_029	AFR	1144	1103	0.9641608391608392	1103	0	41
NATMXB	NAT_PEL_EAS	22	58	sim_029	NAT	1354	1354	1	1355	1	0
NATMXB	NAT_PEL_EAS	22	58	sim_029	EUR	3149	2961	0.9402985074626866	2987	26	188
NATMXB	NAT_PEL_EAS	22	58	sim_029	AFR	966	940	0.9730848861283644	1127	187	26
NATMXB	NAT_PEL_EAS	22	59	sim_030	NAT	406	357	0.8793103448275862	478	121	49
NATMXB	NAT_PEL_EAS	22	59	sim_030	EUR	4323	4012	0.928059218135554	4068	56	311
NATMXB	NAT_PEL_EAS	22	59	sim_030	AFR	740	733	0.9905405405405405	923	190	7
NATMXB	NAT_PEL_EAS	22	60	sim_030	NAT	2446	2446	1	3026	580	0
NATMXB	NAT_PEL_EAS	22	60	sim_030	EUR	2373	2074	0.8739991571849979	2074	0	299
NATMXB	NAT_PEL_EAS	22	60	sim_030	AFR	650	367	0.5646153846153846	369	2	283
NAT	NAT_HGDPMXB	22	1	sim_001	NAT	854	854	1	854	0	0
NAT	NAT_HGDPMXB	22	1	sim_001	EUR	1731	1543	0.8913922588099364	1545	2	188
NAT	NAT_HGDPMXB	22	1	sim_001	AFR	2884	2882	0.9993065187239945	3070	188	2
NAT	NAT_HGDPMXB	22	2	sim_001	NAT	782	769	0.9833759590792839	772	3	13
NAT	NAT_HGDPMXB	22	2	sim_001	EUR	338	327	0.9674556213017751	398	71	11
NAT	NAT_HGDPMXB	22	2	sim_001	AFR	4349	4288	0.9859737870774891	4299	11	61
NAT	NAT_HGDPMXB	22	3	sim_002	NAT	328	328	1	328	0	0
NAT	NAT_HGDPMXB	22	3	sim_002	EUR	3724	3708	0.9957035445757251	3708	0	16
NAT	NAT_HGDPMXB	22	3	sim_002	AFR	1417	1417	1	1433	16	0
NAT	NAT_HGDPMXB	22	4	sim_002	NAT	429	428	0.9976689976689976	445	17	1
NAT	NAT_HGDPMXB	22	4	sim_002	EUR	4049	4011	0.9906149666584342	4021	10	38
NAT	NAT_HGDPMXB	22	4	sim_002	AFR	991	982	0.9909182643794148	1003	21	9
NAT	NAT_HGDPMXB	22	5	sim_003	NAT	1709	1709	1	1711	2	0
NAT	NAT_HGDPMXB	22	5	sim_003	EUR	483	435	0.9006211180124224	494	59	48
NAT	NAT_HGDPMXB	22	5	sim_003	AFR	3277	3216	0.9813854134879463	3264	48	61
NAT	NAT_HGDPMXB	22	6	sim_003	NAT	1326	1285	0.969079939668175	1318	33	41
NAT	NAT_HGDPMXB	22	6	sim_003	EUR	4143	4078	0.984310885831523	4119	41	65
NAT	NAT_HGDPMXB	22	7	sim_004	NAT	806	798	0.9900744416873449	798	0	8
NAT	NAT_HGDPMXB	22	7	sim_004	EUR	2780	2772	0.9971223021582734	2853	81	8
NAT	NAT_HGDPMXB	22	7	sim_004	AFR	1883	1802	0.9569835369091875	1818	16	81
NAT	NAT_HGDPMXB	22	8	sim_004	NAT	176	149	0.8465909090909091	149	0	27
NAT	NAT_HGDPMXB	22	8	sim_004	EUR	3541	3243	0.9158429822084158	3270	27	298
NAT	NAT_HGDPMXB	22	8	sim_004	AFR	1752	1752	1	2050	298	0
NAT	NAT_HGDPMXB	22	9	sim_005	NAT	711	706	0.9929676511954993	706	0	5
NAT	NAT_HGDPMXB	22	9	sim_005	EUR	4503	4124	0.9158338885187652	4129	5	379
NAT	NAT_HGDPMXB	22	9	sim_005	AFR	255	255	1	634	379	0
NAT	NAT_HGDPMXB	22	10	sim_005	EUR	1035	1015	0.9806763285024155	1094	79	20
NAT	NAT_HGDPMXB	22	10	sim_005	AFR	4434	4355	0.9821831303563374	4375	20	79
NAT	NAT_HGDPMXB	22	11	sim_006	NAT	2061	1806	0.87627365356623	1806	0	255
NAT	NAT_HGDPMXB	22	11	sim_006	EUR	2549	2504	0.9823460180462926	2759	255	45
NAT	NAT_HGDPMXB	22	11	sim_006	AFR	859	859	1	904	45	0
NAT	NAT_HGDPMXB	22	12	sim_006	NAT	2214	1213	0.547877145438121	1292	79	1001
NAT	NAT_HGDPMXB	22	12	sim_006	EUR	1428	1273	0.8914565826330533	2274	1001	155
NAT	NAT_HGDPMXB	22	12	sim_006	AFR	1827	1827	1	1903	76	0
NAT	NAT_HGDPMXB	22	13	sim_007	EUR	4442	4415	0.9939216569113012	4533	118	27
NAT	NAT_HGDPMXB	22	13	sim_007	AFR	1027	909	0.8851022395326192	936	27	118
NAT	NAT_HGDPMXB	22	14	sim_007	NAT	61	61	1	221	160	0
NAT	NAT_HGDPMXB	22	14	sim_007	EUR	4927	4433	0.899736147757256	4434	1	494
NAT	NAT_HGDPMXB	22	14	sim_007	AFR	481	480	0.997920997920998	814	334	1
NAT	NAT_HGDPMXB	22	15	sim_008	NAT	691	691	1	1069	378	0
NAT	NAT_HGDPMXB	22	15	sim_008	EUR	4684	3999	0.8537574722459437	4027	28	685
NAT	NAT_HGDPMXB	22	15	sim_008	AFR	94	66	0.7021276595744681	373	307	28
NAT	NAT_HGDPMXB	22	16	sim_008	NAT	2418	2014	0.8329197684036393	2030	16	404
NAT	NAT_HGDPMXB	22	16	sim_008	EUR	2447	2241	0.9158152840212506	2247	6	206
NAT	NAT_HGDPMXB	22	16	sim_008	AFR	604	604	1	1192	588	0
NAT	NAT_HGDPMXB	22	17	sim_009	NAT	1389	1362	0.980561555075594	1514	152	27
NAT	NAT_HGDPMXB	22	17	sim_009	EUR	1187	1035	0.8719460825610783	1059	24	152
NAT	NAT_HGDPMXB	22	17	sim_009	AFR	2893	2877	0.9944694089180781	2896	19	16
NAT	NAT_HGDPMXB	22	18	sim_009	EUR	2976	2976	1	3041	65	0
NAT	NAT_HGDPMXB	22	18	sim_009	AFR	2493	2428	0.9739269955876454	2428	0	65
NAT	NAT_HGDPMXB	22	19	sim_010	EUR	4119	4118	0.9997572226268512	4127	9	1
NAT	NAT_HGDPMXB	22	19	sim_010	AFR	1350	1341	0.9933333333333333	1342	1	9
NAT	NAT_HGDPMXB	22	20	sim_010	NAT	482	465	0.9647302904564315	525	60	17
NAT	NAT_HGDPMXB	22	20	sim_010	EUR	2654	2309	0.8700075357950263	2312	3	345
NAT	NAT_HGDPMXB	22	20	sim_010	AFR	2333	2330	0.9987141020145736	2632	302	3
NAT	NAT_HGDPMXB	22	21	sim_011	EUR	36	0	0	0	0	36
NAT	NAT_HGDPMXB	22	21	sim_011	AFR	5433	5433	1	5469	36	0
NAT	NAT_HGDPMXB	22	22	sim_011	NAT	820	819	0.998780487804878	890	71	1
NAT	NAT_HGDPMXB	22	22	sim_011	EUR	1264	1203	0.9517405063291139	1204	1	61
NAT	NAT_HGDPMXB	22	22	sim_011	AFR	3385	3370	0.9955686853766618	3375	5	15
NAT	NAT_HGDPMXB	22	23	sim_012	NAT	672	672	1	672	0	0
NAT	NAT_HGDPMXB	22	23	sim_012	EUR	3773	3773	1	3798	25	0
NAT	NAT_HGDPMXB	22	23	sim_012	AFR	1024	999	0.9755859375	999	0	25
NAT	NAT_HGDPMXB	22	24	sim_012	NAT	217	217	1	296	79	0
NAT	NAT_HGDPMXB	22	24	sim_012	EUR	2957	2760	0.933378424078458	2760	0	197
NAT	NAT_HGDPMXB	22	24	sim_012	AFR	2295	2295	1	2413	118	0
NAT	NAT_HGDPMXB	22	25	sim_013	NAT	2726	2718	0.9970652971386648	3012	294	8
NAT	NAT_HGDPMXB	22	25	sim_013	EUR	1734	1509	0.870242214532872	1550	41	225
NAT	NAT_HGDPMXB	22	25	sim_013	AFR	1009	907	0.8989098116947473	907	0	102
NAT	NAT_HGDPMXB	22	26	sim_013	NAT	1097	1092	0.9954421148587056	1164	72	5
NAT	NAT_HGDPMXB	22	26	sim_013	EUR	3547	3474	0.9794192275162109	3518	44	73
NAT	NAT_HGDPMXB	22	26	sim_013	AFR	825	786	0.9527272727272728	787	1	39
NAT	NAT_HGDPMXB	22	27	sim_014	NAT	3615	3570	0.9875518672199171	3579	9	45
NAT	NAT_HGDPMXB	22	27	sim_014	EUR	1389	1389	1	1432	43	0
NAT	NAT_HGDPMXB	22	27	sim_014	AFR	465	456	0.9806451612903225	458	2	9
NAT	NAT_HGDPMXB	22	28	sim_014	NAT	1729	1555	0.8993637941006362	1666	111	174
NAT	NAT_HGDPMXB	22	28	sim_014	EUR	3554	3443	0.9687675858187957	3611	168	111
NAT	NAT_HGDPMXB	22	28	sim_014	AFR	186	186	1	192	6	0
NAT	NAT_HGDPMXB	22	29	sim_015	NAT	242	242	1	244	2	0
NAT	NAT_HGDPMXB	22	29	sim_015	EUR	4253	4251	0.9995297437103221	4261	10	2
NAT	NAT_HGDPMXB	22	29	sim_015	AFR	974	964	0.9897330595482546	964	0	10
NAT	NAT_HGDPMXB	22	30	sim_015	NAT	547	541	0.9890310786106032	541	0	6
NAT	NAT_HGDPMXB	22	30	sim_015	EUR	3866	3866	1	3999	133	0
NAT	NAT_HGDPMXB	22	30	sim_015	AFR	1056	929	0.8797348484848485	929	0	127
NAT	NAT_HGDPMXB	22	31	sim_016	NAT	694	635	0.9149855907780979	635	0	59
NAT	NAT_HGDPMXB	22	31	sim_016	EUR	4731	4731	1	4834	103	0
NAT	NAT_HGDPMXB	22	31	sim_016	AFR	44	0	0	0	0	44
NAT	NAT_HGDPMXB	22	32	sim_016	NAT	281	82	0.2918149466192171	82	0	199
NAT	NAT_HGDPMXB	22	32	sim_016	EUR	4007	4007	1	4259	252	0
NAT	NAT_HGDPMXB	22	32	sim_016	AFR	1181	1128	0.9551227773073666	1128	0	53
NAT	NAT_HGDPMXB	22	33	sim_017	NAT	1869	1869	1	1888	19	0
NAT	NAT_HGDPMXB	22	33	sim_017	EUR	3469	3440	0.9916402421447102	3440	0	29
NAT	NAT_HGDPMXB	22	33	sim_017	AFR	131	131	1	141	10	0
NAT	NAT_HGDPMXB	22	34	sim_017	EUR	2628	2614	0.9946727549467276	2617	3	14
NAT	NAT_HGDPMXB	22	34	sim_017	AFR	2841	2838	0.9989440337909187	2852	14	3
NAT	NAT_HGDPMXB	22	35	sim_018	NAT	902	825	0.9146341463414634	865	40	77
NAT	NAT_HGDPMXB	22	35	sim_018	EUR	3686	3642	0.9880629408572978	3719	77	44
NAT	NAT_HGDPMXB	22	35	sim_018	AFR	881	880	0.9988649262202043	885	5	1
NAT	NAT_HGDPMXB	22	36	sim_018	NAT	2831	2831	1	2865	34	0
NAT	NAT_HGDPMXB	22	36	sim_018	EUR	886	853	0.9627539503386005	853	0	33
NAT	NAT_HGDPMXB	22	36	sim_018	AFR	1752	1718	0.980593607305936	1751	33	34
NAT	NAT_HGDPMXB	22	37	sim_019	EUR	5248	5248	1	5248	0	0
NAT	NAT_HGDPMXB	22	37	sim_019	AFR	221	221	1	221	0	0
NAT	NAT_HGDPMXB	22	38	sim_019	EUR	2072	2005	0.9676640926640927	2044	39	67
NAT	NAT_HGDPMXB	22	38	sim_019	AFR	3397	3358	0.9885192817191639	3425	67	39
NAT	NAT_HGDPMXB	22	39	sim_020	EUR	5393	5393	1	5469	76	0
NAT	NAT_HGDPMXB	22	39	sim_020	AFR	76	0	0	0	0	76
NAT	NAT_HGDPMXB	22	40	sim_020	EUR	3903	3885	0.9953881629515757	3885	0	18
NAT	NAT_HGDPMXB	22	40	sim_020	AFR	1566	1566	1	1584	18	0
NAT	NAT_HGDPMXB	22	41	sim_021	NAT	1848	1848	1	1990	142	0
NAT	NAT_HGDPMXB	22	41	sim_021	EUR	962	819	0.8513513513513513	860	41	143
NAT	NAT_HGDPMXB	22	41	sim_021	AFR	2659	2596	0.9763068822865739	2619	23	63
NAT	NAT_HGDPMXB	22	42	sim_021	NAT	1981	1979	0.9989904088844018	1979	0	2
NAT	NAT_HGDPMXB	22	42	sim_021	EUR	3488	3488	1	3490	2	0
NAT	NAT_HGDPMXB	22	43	sim_022	EUR	3550	3545	0.9985915492957746	3640	95	5
NAT	NAT_HGDPMXB	22	43	sim_022	AFR	1919	1824	0.9504950495049505	1829	5	95
NAT	NAT_HGDPMXB	22	44	sim_022	EUR	5011	5002	0.9982039513071244	5100	98	9
NAT	NAT_HGDPMXB	22	44	sim_022	AFR	458	360	0.7860262008733624	369	9	98
NAT	NAT_HGDPMXB	22	45	sim_023	NAT	1516	1512	0.9973614775725593	1537	25	4
NAT	NAT_HGDPMXB	22	45	sim_023	EUR	1028	1026	0.9980544747081712	1032	6	2
NAT	NAT_HGDPMXB	22	45	sim_023	AFR	2925	2894	0.9894017094017094	2900	6	31
NAT	NAT_HGDPMXB	22	46	sim_023	NAT	577	577	1	604	27	0
NAT	NAT_HGDPMXB	22	46	sim_023	EUR	3694	3693	0.9997292907417433	3693	0	1
NAT	NAT_HGDPMXB	22	46	sim_023	AFR	1198	1171	0.9774624373956594	1172	1	27
NAT	NAT_HGDPMXB	22	47	sim_024	EUR	3470	3470	1	3470	0	0
NAT	NAT_HGDPMXB	22	47	sim_024	AFR	1999	1999	1	1999	0	0
NAT	NAT_HGDPMXB	22	48	sim_024	NAT	1095	1058	0.9662100456621004	1071	13	37
NAT	NAT_HGDPMXB	22	48	sim_024	EUR	3416	3402	0.9959016393442623	3541	139	14
NAT	NAT_HGDPMXB	22	48	sim_024	AFR	958	856	0.8935281837160751	857	1	102
NAT	NAT_HGDPMXB	22	49	sim_025	NAT	197	197	1	328	131	0
NAT	NAT_HGDPMXB	22	49	sim_025	EUR	3006	2875	0.956420492348636	2875	0	131
NAT	NAT_HGDPMXB	22	49	sim_025	AFR	2266	2266	1	2266	0	0
NAT	NAT_HGDPMXB	22	50	sim_025	NAT	824	774	0.9393203883495146	774	0	50
NAT	NAT_HGDPMXB	22	50	sim_025	EUR	3221	3219	0.999379074821484	3300	81	2
NAT	NAT_HGDPMXB	22	50	sim_025	AFR	1424	1393	0.9782303370786517	1395	2	31
NAT	NAT_HGDPMXB	22	51	sim_026	NAT	2138	1776	0.8306828811973808	1780	4	362
NAT	NAT_HGDPMXB	22	51	sim_026	EUR	2134	2117	0.9920337394564198	2479	362	17
NAT	NAT_HGDPMXB	22	51	sim_026	AFR	1197	1197	1	1210	13	0
NAT	NAT_HGDPMXB	22	52	sim_026	NAT	2301	2297	0.9982616253802694	2299	2	4
NAT	NAT_HGDPMXB	22	52	sim_026	EUR	1436	1427	0.9937325905292479	1454	27	9
NAT	NAT_HGDPMXB	22	52	sim_026	AFR	1732	1707	0.9855658198614319	1716	9	25
NAT	NAT_HGDPMXB	22	53	sim_027	NAT	227	227	1	277	50	0
NAT	NAT_HGDPMXB	22	53	sim_027	EUR	4746	4696	0.989464812473662	4864	168	50
NAT	NAT_HGDPMXB	22	53	sim_027	AFR	496	328	0.6612903225806451	328	0	168
NAT	NAT_HGDPMXB	22	54	sim_027	EUR	3243	3022	0.9318532223250077	3022	0	221
NAT	NAT_HGDPMXB	22	54	sim_027	AFR	2226	2226	1	2447	221	0
NAT	NAT_HGDPMXB	22	55	sim_028	EUR	4311	4309	0.9995360705172813	4309	0	2
NAT	NAT_HGDPMXB	22	55	sim_028	AFR	1158	1158	1	1160	2	0
NAT	NAT_HGDPMXB	22	56	sim_028	EUR	4932	4753	0.9637064071370641	4789	36	179
NAT	NAT_HGDPMXB	22	56	sim_028	AFR	537	501	0.9329608938547486	680	179	36
NAT	NAT_HGDPMXB	22	57	sim_029	NAT	93	0	0	0	0	93
NAT	NAT_HGDPMXB	22	57	sim_029	EUR	2658	2654	0.9984951091045899	2817	163	4
NAT	NAT_HGDPMXB	22	57	sim_029	AFR	2718	2648	0.9742457689477557	2652	4	70
NAT	NAT_HGDPMXB	22	58	sim_029	NAT	766	750	0.97911227154047	750	0	16
NAT	NAT_HGDPMXB	22	58	sim_029	EUR	2159	2151	0.9962945808244558	2213	62	8
NAT	NAT_HGDPMXB	22	58	sim_029	AFR	2544	2498	0.9819182389937107	2506	8	46
NAT	NAT_HGDPMXB	22	59	sim_030	NAT	2046	412	0.2013685239491691	412	0	1634
NAT	NAT_HGDPMXB	22	59	sim_030	EUR	1758	1669	0.9493742889647326	1997	328	89
NAT	NAT_HGDPMXB	22	59	sim_030	AFR	1665	1656	0.9945945945945946	3060	1404	9
NAT	NAT_HGDPMXB	22	60	sim_030	NAT	524	472	0.9007633587786259	484	12	52
NAT	NAT_HGDPMXB	22	60	sim_030	EUR	2529	2351	0.9296164491894029	2362	11	178
NAT	NAT_HGDPMXB	22	60	sim_030	AFR	2416	2405	0.9954470198675497	2623	218	11
NATMXB	NAT_HGDPMXB	22	1	sim_001	NAT	1956	1454	0.7433537832310838	1466	12	502
NATMXB	NAT_HGDPMXB	22	1	sim_001	EUR	604	604	1	1105	501	0
NATMXB	NAT_HGDPMXB	22	1	sim_001	AFR	2909	2897	0.9958748710897215	2898	1	12
NATMXB	NAT_HGDPMXB	22	2	sim_001	NAT	3538	3538	1	3639	101	0
NATMXB	NAT_HGDPMXB	22	2	sim_001	EUR	821	774	0.9427527405602923	774	0	47
NATMXB	NAT_HGDPMXB	22	2	sim_001	AFR	1110	1038	0.9351351351351351	1056	18	72
NATMXB	NAT_HGDPMXB	22	3	sim_002	EUR	3720	3720	1	3963	243	0
NATMXB	NAT_HGDPMXB	22	3	sim_002	AFR	1749	1506	0.8610634648370498	1506	0	243
NATMXB	NAT_HGDPMXB	22	4	sim_002	NAT	227	220	0.9691629955947136	220	0	7
NATMXB	NAT_HGDPMXB	22	4	sim_002	EUR	5207	5207	1	5249	42	0
NATMXB	NAT_HGDPMXB	22	4	sim_002	AFR	35	0	0	0	0	35
NATMXB	NAT_HGDPMXB	22	5	sim_003	NAT	418	418	1	439	21	0
NATMXB	NAT_HGDPMXB	22	5	sim_003	EUR	4182	4161	0.9949784791965567	4192	31	21
NATMXB	NAT_HGDPMXB	22	5	sim_003	AFR	869	838	0.9643268124280783	838	0	31
NATMXB	NAT_HGDPMXB	22	6	sim_003	NAT	1051	1051	1	1085	34	0
NATMXB	NAT_HGDPMXB	22	6	sim_003	EUR	3136	3087	0.984375	3133	46	49
NATMXB	NAT_HGDPMXB	22	6	sim_003	AFR	1282	1236	0.9641185647425897	1251	15	46
NATMXB	NAT_HGDPMXB	22	7	sim_004	EUR	3420	3361	0.9827485380116959	3420	59	59
NATMXB	NAT_HGDPMXB	22	7	sim_004	AFR	2049	1990	0.9712054660810151	2049	59	59
NATMXB	NAT_HGDPMXB	22	8	sim_004	NAT	1643	1643	1	2054	411	0
NATMXB	NAT_HGDPMXB	22	8	sim_004	EUR	3634	3223	0.8869014859658778	3223	0	411
NATMXB	NAT_HGDPMXB	22	8	sim_004	AFR	192	192	1	192	0	0
NATMXB	NAT_HGDPMXB	22	9	sim_005	NAT	565	541	0.9575221238938053	541	0	24
NATMXB	NAT_HGDPMXB	22	9	sim_005	EUR	4838	4838	1	4928	90	0
NATMXB	NAT_HGDPMXB	22	9	sim_005	AFR	66	0	0	0	0	66
NATMXB	NAT_HGDPMXB	22	10	sim_005	NAT	336	239	0.7113095238095238	239	0	97
NATMXB	NAT_HGDPMXB	22	10	sim_005	EUR	3417	3372	0.9868305531167691	3506	134	45
NATMXB	NAT_HGDPMXB	22	10	sim_005	AFR	1716	1679	0.9784382284382285	1724	45	37
NATMXB	NAT_HGDPMXB	22	11	sim_006	EUR	421	366	0.8693586698337292	544	178	55
NATMXB	NAT_HGDPMXB	22	11	sim_006	AFR	5048	4870	0.9647385103011094	4925	55	178
NATMXB	NAT_HGDPMXB	22	12	sim_006	NAT	2236	1259	0.5630590339892666	1285	26	977
NATMXB	NAT_HGDPMXB	22	12	sim_006	EUR	2936	2874	0.978882833787466	3581	707	62
NATMXB	NAT_HGDPMXB	22	12	sim_006	AFR	297	297	1	603	306	0
NATMXB	NAT_HGDPMXB	22	13	sim_007	NAT	156	134	0.8589743589743589	139	5	22
NATMXB	NAT_HGDPMXB	22	13	sim_007	EUR	764	737	0.9646596858638743	815	78	27
NATMXB	NAT_HGDPMXB	22	13	sim_007	AFR	4549	4493	0.987689602110354	4515	22	56
NATMXB	NAT_HGDPMXB	22	14	sim_007	NAT	415	337	0.8120481927710843	343	6	78
NATMXB	NAT_HGDPMXB	22	14	sim_007	EUR	3753	3736	0.9954702904343192	3814	78	17
NATMXB	NAT_HGDPMXB	22	14	sim_007	AFR	1301	1301	1	1312	11	0
NATMXB	NAT_HGDPMXB	22	15	sim_008	NAT	194	148	0.7628865979381443	148	0	46
NATMXB	NAT_HGDPMXB	22	15	sim_008	EUR	3919	3698	0.9436080632814493	3744	46	221
NATMXB	NAT_HGDPMXB	22	15	sim_008	AFR	1356	1356	1	1577	221	0
NATMXB	NAT_HGDPMXB	22	16	sim_008	NAT	375	236	0.6293333333333333	249	13	139
NATMXB	NAT_HGDPMXB	22	16	sim_008	EUR	4314	4282	0.9925822902178952	4421	139	32
NATMXB	NAT_HGDPMXB	22	16	sim_008	AFR	780	780	1	799	19	0
NATMXB	NAT_HGDPMXB	22	17	sim_009	NAT	765	743	0.9712418300653595	743	0	22
NATMXB	NAT_HGDPMXB	22	17	sim_009	EUR	4552	4552	1	4590	38	0
NATMXB	NAT_HGDPMXB	22	17	sim_009	AFR	152	136	0.8947368421052632	136	0	16
NATMXB	NAT_HGDPMXB	22	18	sim_009	NAT	931	877	0.9419978517722879	889	12	54
NATMXB	NAT_HGDPMXB	22	18	sim_009	EUR	3215	2991	0.9303265940902021	3078	87	224
NATMXB	NAT_HGDPMXB	22	18	sim_009	AFR	1323	1285	0.9712773998488284	1502	217	38
NATMXB	NAT_HGDPMXB	22	19	sim_010	EUR	5352	5312	0.992526158445441	5320	8	40
NATMXB	NAT_HGDPMXB	22	19	sim_010	AFR	117	109	0.9316239316239316	149	40	8
NATMXB	NAT_HGDPMXB	22	20	sim_010	NAT	59	51	0.864406779661017	51	0	8
NATMXB	NAT_HGDPMXB	22	20	sim_010	EUR	4509	4212	0.9341317365269461	4220	8	297
NATMXB	NAT_HGDPMXB	22	20	sim_010	AFR	901	901	1	1198	297	0
NATMXB	NAT_HGDPMXB	22	21	sim_011	NAT	3937	3918	0.9951739903479807	3918	0	19
NATMXB	NAT_HGDPMXB	22	21	sim_011	EUR	1532	1532	1	1551	19	0
NATMXB	NAT_HGDPMXB	22	22	sim_011	NAT	2995	2965	0.989983305509182	2965	0	30
NATMXB	NAT_HGDPMXB	22	22	sim_011	EUR	1417	1387	0.9788285109386027	1417	30	30
NATMXB	NAT_HGDPMXB	22	22	sim_011	AFR	1057	1057	1	1087	30	0
NATMXB	NAT_HGDPMXB	22	23	sim_012	NAT	1234	1198	0.9708265802269044	1207	9	36
NATMXB	NAT_HGDPMXB	22	23	sim_012	EUR	4235	4194	0.990318772136954	4230	36	41
NATMXB	NAT_HGDPMXB	22	24	sim_012	NAT	856	840	0.9813084112149533	840	0	16
NATMXB	NAT_HGDPMXB	22	24	sim_012	EUR	4298	4265	0.9923220102373197	4296	31	33
NATMXB	NAT_HGDPMXB	22	24	sim_012	AFR	315	300	0.9523809523809523	333	33	15
NATMXB	NAT_HGDPMXB	22	25	sim_013	EUR	5189	5189	1	5189	0	0
NATMXB	NAT_HGDPMXB	22	25	sim_013	AFR	280	280	1	280	0	0
NATMXB	NAT_HGDPMXB	22	26	sim_013	NAT	646	620	0.9597523219814241	620	0	26
NATMXB	NAT_HGDPMXB	22	26	sim_013	EUR	2705	2647	0.978558225508318	2687	40	58
NATMXB	NAT_HGDPMXB	22	26	sim_013	AFR	2118	2104	0.9933899905571294	2162	58	14
NATMXB	NAT_HGDPMXB	22	27	sim_014	NAT	1445	1438	0.9951557093425606	1521	83	7
NATMXB	NAT_HGDPMXB	22	27	sim_014	EUR	2072	1949	0.9406370656370656	1955	6	123
NATMXB	NAT_HGDPMXB	22	27	sim_014	AFR	1952	1952	1	1993	41	0
NATMXB	NAT_HGDPMXB	22	28	sim_014	EUR	5469	5114	0.9350886816602669	5114	0	355
NATMXB	NAT_HGDPMXB	22	29	sim_015	EUR	4523	4516	0.9984523546318815	4516	0	7
NATMXB	NAT_HGDPMXB	22	29	sim_015	AFR	946	946	1	953	7	0
NATMXB	NAT_HGDPMXB	22	30	sim_015	EUR	4226	4205	0.9950307619498343	4231	26	21
NATMXB	NAT_HGDPMXB	22	30	sim_015	AFR	1243	1217	0.9790828640386162	1238	21	26
NATMXB	NAT_HGDPMXB	22	31	sim_016	NAT	3310	3131	0.9459214501510574	3131	0	179
NATMXB	NAT_HGDPMXB	22	31	sim_016	EUR	1435	1416	0.9867595818815331	1604	188	19
NATMXB	NAT_HGDPMXB	22	31	sim_016	AFR	724	714	0.9861878453038674	734	20	10
NATMXB	NAT_HGDPMXB	22	32	sim_016	EUR	5349	5346	0.9994391475042064	5346	0	3
NATMXB	NAT_HGDPMXB	22	32	sim_016	AFR	120	120	1	123	3	0
NATMXB	NAT_HGDPMXB	22	33	sim_017	NAT	383	383	1	398	15	0
NATMXB	NAT_HGDPMXB	22	33	sim_017	EUR	4988	4973	0.9969927826784283	5071	98	15
NATMXB	NAT_HGDPMXB	22	33	sim_017	AFR	98	0	0	0	0	98
NATMXB	NAT_HGDPMXB	22	34	sim_017	NAT	1694	1669	0.9852420306965761	1724	55	25
NATMXB	NAT_HGDPMXB	22	34	sim_017	EUR	3022	2880	0.9530112508272667	2889	9	142
NATMXB	NAT_HGDPMXB	22	34	sim_017	AFR	753	753	1	856	103	0
NATMXB	NAT_HGDPMXB	22	35	sim_018	NAT	898	884	0.9844097995545658	1025	141	14
NATMXB	NAT_HGDPMXB	22	35	sim_018	EUR	3285	3163	0.9628614916286149	3177	14	122
NATMXB	NAT_HGDPMXB	22	35	sim_018	AFR	1286	1257	0.9774494556765163	1267	10	29
NATMXB	NAT_HGDPMXB	22	36	sim_018	NAT	1132	885	0.7818021201413428	910	25	247
NATMXB	NAT_HGDPMXB	22	36	sim_018	EUR	2992	2961	0.9896390374331551	3201	240	31
NATMXB	NAT_HGDPMXB	22	36	sim_018	AFR	1345	1333	0.9910780669144982	1358	25	12
NATMXB	NAT_HGDPMXB	22	37	sim_019	NAT	866	841	0.9711316397228638	841	0	25
NATMXB	NAT_HGDPMXB	22	37	sim_019	EUR	2881	2873	0.9972231863936133	2882	9	8
NATMXB	NAT_HGDPMXB	22	37	sim_019	AFR	1722	1713	0.9947735191637631	1746	33	9
NATMXB	NAT_HGDPMXB	22	38	sim_019	NAT	32	32	1	32	0	0
NATMXB	NAT_HGDPMXB	22	38	sim_019	EUR	4404	4386	0.9959128065395095	4392	6	18
NATMXB	NAT_HGDPMXB	22	38	sim_019	AFR	1033	1027	0.9941916747337851	1045	18	6
NATMXB	NAT_HGDPMXB	22	39	sim_020	EUR	4865	4642	0.9541623843782118	4642	0	223
NATMXB	NAT_HGDPMXB	22	39	sim_020	AFR	604	604	1	827	223	0
NATMXB	NAT_HGDPMXB	22	40	sim_020	NAT	2454	2446	0.9967400162999185	2722	276	8
NATMXB	NAT_HGDPMXB	22	40	sim_020	EUR	1396	1087	0.7786532951289399	1087	0	309
NATMXB	NAT_HGDPMXB	22	40	sim_020	AFR	1619	1585	0.9789993823347746	1660	75	34
NATMXB	NAT_HGDPMXB	22	41	sim_021	NAT	93	80	0.8602150537634409	80	0	13
NATMXB	NAT_HGDPMXB	22	41	sim_021	EUR	3982	3737	0.9384731290808639	3750	13	245
NATMXB	NAT_HGDPMXB	22	41	sim_021	AFR	1394	1394	1	1639	245	0
NATMXB	NAT_HGDPMXB	22	42	sim_021	NAT	1738	1725	0.9925201380897584	1780	55	13
NATMXB	NAT_HGDPMXB	22	42	sim_021	EUR	2376	2302	0.9688552188552189	2304	2	74
NATMXB	NAT_HGDPMXB	22	42	sim_021	AFR	1355	1353	0.9985239852398524	1385	32	2
NATMXB	NAT_HGDPMXB	22	43	sim_022	NAT	326	326	1	356	30	0
NATMXB	NAT_HGDPMXB	22	43	sim_022	EUR	1104	1066	0.9655797101449275	1171	105	38
NATMXB	NAT_HGDPMXB	22	43	sim_022	AFR	4039	3934	0.9740034662045061	3942	8	105
NATMXB	NAT_HGDPMXB	22	44	sim_022	NAT	1550	1459	0.9412903225806452	1459	0	91
NATMXB	NAT_HGDPMXB	22	44	sim_022	EUR	3880	3880	1	4010	130	0
NATMXB	NAT_HGDPMXB	22	44	sim_022	AFR	39	0	0	0	0	39
NATMXB	NAT_HGDPMXB	22	45	sim_023	EUR	3289	3100	0.9425357251444207	3280	180	189
NATMXB	NAT_HGDPMXB	22	45	sim_023	AFR	2180	2000	0.9174311926605505	2189	189	180
NATMXB	NAT_HGDPMXB	22	46	sim_023	EUR	4629	4629	1	4770	141	0
NATMXB	NAT_HGDPMXB	22	46	sim_023	AFR	840	699	0.8321428571428572	699	0	141
NATMXB	NAT_HGDPMXB	22	47	sim_024	NAT	2057	2057	1	2229	172	0
NATMXB	NAT_HGDPMXB	22	47	sim_024	EUR	2080	1925	0.9254807692307693	1925	0	155
NATMXB	NAT_HGDPMXB	22	47	sim_024	AFR	1332	1293	0.9707207207207207	1315	22	39
NATMXB	NAT_HGDPMXB	22	48	sim_024	NAT	124	104	0.8387096774193549	104	0	20
NATMXB	NAT_HGDPMXB	22	48	sim_024	EUR	3896	3896	1	3984	88	0
NATMXB	NAT_HGDPMXB	22	48	sim_024	AFR	1449	1367	0.9434092477570738	1381	14	82
NATMXB	NAT_HGDPMXB	22	49	sim_025	NAT	1148	1086	0.945993031358885	1117	31	62
NATMXB	NAT_HGDPMXB	22	49	sim_025	EUR	3620	3458	0.9552486187845304	3520	62	162
NATMXB	NAT_HGDPMXB	22	49	sim_025	AFR	701	701	1	832	131	0
NATMXB	NAT_HGDPMXB	22	50	sim_025	NAT	524	277	0.5286259541984732	327	50	247
NATMXB	NAT_HGDPMXB	22	50	sim_025	EUR	1416	1408	0.9943502824858758	1676	268	8
NATMXB	NAT_HGDPMXB	22	50	sim_025	AFR	3529	3465	0.9818645508642675	3466	1	64
NATMXB	NAT_HGDPMXB	22	51	sim_026	NAT	689	603	0.8751814223512336	603	0	86
NATMXB	NAT_HGDPMXB	22	51	sim_026	EUR	2258	2258	1	2346	88	0
NATMXB	NAT_HGDPMXB	22	51	sim_026	AFR	2522	2520	0.9992069785884219	2520	0	2
NATMXB	NAT_HGDPMXB	22	52	sim_026	EUR	1200	1108	0.9233333333333333	1108	0	92
NATMXB	NAT_HGDPMXB	22	52	sim_026	AFR	4269	4269	1	4361	92	0
NATMXB	NAT_HGDPMXB	22	53	sim_027	NAT	2364	2364	1	2440	76	0
NATMXB	NAT_HGDPMXB	22	53	sim_027	EUR	3105	3029	0.975523349436393	3029	0	76
NATMXB	NAT_HGDPMXB	22	54	sim_027	NAT	32	0	0	0	0	32
NATMXB	NAT_HGDPMXB	22	54	sim_027	EUR	4098	4060	0.9907271839921913	4113	53	38
NATMXB	NAT_HGDPMXB	22	54	sim_027	AFR	1339	1318	0.9843166542195668	1356	38	21
NATMXB	NAT_HGDPMXB	22	55	sim_028	NAT	1688	1682	0.9964454976303317	1688	6	6
NATMXB	NAT_HGDPMXB	22	55	sim_028	EUR	3781	3775	0.9984131182226924	3781	6	6
NATMXB	NAT_HGDPMXB	22	56	sim_028	NAT	611	598	0.9787234042553191	661	63	13
NATMXB	NAT_HGDPMXB	22	56	sim_028	EUR	3737	3729	0.9978592453839978	3743	14	8
NATMXB	NAT_HGDPMXB	22	56	sim_028	AFR	1121	1063	0.9482604817127565	1065	2	58
NATMXB	NAT_HGDPMXB	22	57	sim_029	NAT	841	831	0.9881093935790726	842	11	10
NATMXB	NAT_HGDPMXB	22	57	sim_029	EUR	3484	3473	0.9968427095292767	3633	160	11
NATMXB	NAT_HGDPMXB	22	57	sim_029	AFR	1144	994	0.8688811188811189	994	0	150
NATMXB	NAT_HGDPMXB	22	58	sim_029	NAT	1354	1333	0.9844903988183161	1333	0	21
NATMXB	NAT_HGDPMXB	22	58	sim_029	EUR	3149	3122	0.9914258494760241	3148	26	27
NATMXB	NAT_HGDPMXB	22	58	sim_029	AFR	966	940	0.9730848861283644	988	48	26
NATMXB	NAT_HGDPMXB	22	59	sim_030	NAT	406	406	1	427	21	0
NATMXB	NAT_HGDPMXB	22	59	sim_030	EUR	4323	4112	0.9511913023363405	4119	7	211
NATMXB	NAT_HGDPMXB	22	59	sim_030	AFR	740	733	0.9905405405405405	923	190	7
NATMXB	NAT_HGDPMXB	22	60	sim_030	NAT	2446	2420	0.9893704006541292	2484	64	26
NATMXB	NAT_HGDPMXB	22	60	sim_030	EUR	2373	2361	0.9949431099873578	2669	308	12
NATMXB	NAT_HGDPMXB	22	60	sim_030	AFR	650	316	0.48615384615384616	316	0	334
NAT	NAT_HGDPMXB_FULL	22	1	sim_001	NAT	854	854	1	854	0	0
NAT	NAT_HGDPMXB_FULL	22	1	sim_001	EUR	1731	1543	0.8913922588099364	1545	2	188
NAT	NAT_HGDPMXB_FULL	22	1	sim_001	AFR	2884	2882	0.9993065187239945	3070	188	2
NAT	NAT_HGDPMXB_FULL	22	2	sim_001	NAT	782	712	0.9104859335038363	712	0	70
NAT	NAT_HGDPMXB_FULL	22	2	sim_001	EUR	338	327	0.9674556213017751	458	131	11
NAT	NAT_HGDPMXB_FULL	22	2	sim_001	AFR	4349	4288	0.9859737870774891	4299	11	61
NAT	NAT_HGDPMXB_FULL	22	3	sim_002	NAT	328	328	1	328	0	0
NAT	NAT_HGDPMXB_FULL	22	3	sim_002	EUR	3724	3708	0.9957035445757251	3708	0	16
NAT	NAT_HGDPMXB_FULL	22	3	sim_002	AFR	1417	1417	1	1433	16	0
NAT	NAT_HGDPMXB_FULL	22	4	sim_002	NAT	429	428	0.9976689976689976	445	17	1
NAT	NAT_HGDPMXB_FULL	22	4	sim_002	EUR	4049	4024	0.9938256359594961	4028	4	25
NAT	NAT_HGDPMXB_FULL	22	4	sim_002	AFR	991	988	0.9969727547931383	996	8	3
NAT	NAT_HGDPMXB_FULL	22	5	sim_003	NAT	1709	1709	1	1711	2	0
NAT	NAT_HGDPMXB_FULL	22	5	sim_003	EUR	483	435	0.9006211180124224	494	59	48
NAT	NAT_HGDPMXB_FULL	22	5	sim_003	AFR	3277	3216	0.9813854134879463	3264	48	61
NAT	NAT_HGDPMXB_FULL	22	6	sim_003	NAT	1326	1198	0.9034690799396682	1231	33	128
NAT	NAT_HGDPMXB_FULL	22	6	sim_003	EUR	4143	4110	0.9920347574221579	4238	128	33
NAT	NAT_HGDPMXB_FULL	22	7	sim_004	NAT	806	798	0.9900744416873449	798	0	8
NAT	NAT_HGDPMXB_FULL	22	7	sim_004	EUR	2780	2772	0.9971223021582734	2821	49	8
NAT	NAT_HGDPMXB_FULL	22	7	sim_004	AFR	1883	1834	0.9739776951672863	1850	16	49
NAT	NAT_HGDPMXB_FULL	22	8	sim_004	NAT	176	149	0.8465909090909091	149	0	27
NAT	NAT_HGDPMXB_FULL	22	8	sim_004	EUR	3541	3243	0.9158429822084158	3270	27	298
NAT	NAT_HGDPMXB_FULL	22	8	sim_004	AFR	1752	1752	1	2050	298	0
NAT	NAT_HGDPMXB_FULL	22	9	sim_005	NAT	711	706	0.9929676511954993	706	0	5
NAT	NAT_HGDPMXB_FULL	22	9	sim_005	EUR	4503	4124	0.9158338885187652	4129	5	379
NAT	NAT_HGDPMXB_FULL	22	9	sim_005	AFR	255	255	1	634	379	0
NAT	NAT_HGDPMXB_FULL	22	10	sim_005	EUR	1035	1015	0.9806763285024155	1094	79	20
NAT	NAT_HGDPMXB_FULL	22	10	sim_005	AFR	4434	4355	0.9821831303563374	4375	20	79
NAT	NAT_HGDPMXB_FULL	22	11	sim_006	NAT	2061	1806	0.87627365356623	1806	0	255
NAT	NAT_HGDPMXB_FULL	22	11	sim_006	EUR	2549	2504	0.9823460180462926	2759	255	45
NAT	NAT_HGDPMXB_FULL	22	11	sim_006	AFR	859	859	1	904	45	0
NAT	NAT_HGDPMXB_FULL	22	12	sim_006	NAT	2214	1203	0.5433604336043361	1226	23	1011
NAT	NAT_HGDPMXB_FULL	22	12	sim_006	EUR	1428	1273	0.8914565826330533	2274	1001	155
NAT	NAT_HGDPMXB_FULL	22	12	sim_006	AFR	1827	1827	1	1969	142	0
NAT	NAT_HGDPMXB_FULL	22	13	sim_007	EUR	4442	4415	0.9939216569113012	4533	118	27
NAT	NAT_HGDPMXB_FULL	22	13	sim_007	AFR	1027	909	0.8851022395326192	936	27	118
NAT	NAT_HGDPMXB_FULL	22	14	sim_007	NAT	61	61	1	221	160	0
NAT	NAT_HGDPMXB_FULL	22	14	sim_007	EUR	4927	4433	0.899736147757256	4434	1	494
NAT	NAT_HGDPMXB_FULL	22	14	sim_007	AFR	481	480	0.997920997920998	814	334	1
NAT	NAT_HGDPMXB_FULL	22	15	sim_008	NAT	691	691	1	1055	364	0
NAT	NAT_HGDPMXB_FULL	22	15	sim_008	EUR	4684	4013	0.8567463706233988	4041	28	671
NAT	NAT_HGDPMXB_FULL	22	15	sim_008	AFR	94	66	0.7021276595744681	373	307	28
NAT	NAT_HGDPMXB_FULL	22	16	sim_008	NAT	2418	1938	0.8014888337468983	1938	0	480
NAT	NAT_HGDPMXB_FULL	22	16	sim_008	EUR	2447	2257	0.9223539027380466	2339	82	190
NAT	NAT_HGDPMXB_FULL	22	16	sim_008	AFR	604	604	1	1192	588	0
NAT	NAT_HGDPMXB_FULL	22	17	sim_009	NAT	1389	1362	0.980561555075594	1514	152	27
NAT	NAT_HGDPMXB_FULL	22	17	sim_009	EUR	1187	1035	0.8719460825610783	1059	24	152
NAT	NAT_HGDPMXB_FULL	22	17	sim_009	AFR	2893	2877	0.9944694089180781	2896	19	16
NAT	NAT_HGDPMXB_FULL	22	18	sim_009	EUR	2976	2950	0.991263440860215	2990	40	26
NAT	NAT_HGDPMXB_FULL	22	18	sim_009	AFR	2493	2453	0.9839550742077818	2479	26	40
NAT	NAT_HGDPMXB_FULL	22	19	sim_010	EUR	4119	4071	0.9883466860888566	4071	0	48
NAT	NAT_HGDPMXB_FULL	22	19	sim_010	AFR	1350	1350	1	1398	48	0
NAT	NAT_HGDPMXB_FULL	22	20	sim_010	NAT	482	465	0.9647302904564315	525	60	17
NAT	NAT_HGDPMXB_FULL	22	20	sim_010	EUR	2654	2309	0.8700075357950263	2312	3	345
NAT	NAT_HGDPMXB_FULL	22	20	sim_010	AFR	2333	2330	0.9987141020145736	2632	302	3
NAT	NAT_HGDPMXB_FULL	22	21	sim_011	EUR	36	0	0	0	0	36
NAT	NAT_HGDPMXB_FULL	22	21	sim_011	AFR	5433	5433	1	5469	36	0
NAT	NAT_HGDPMXB_FULL	22	22	sim_011	NAT	820	819	0.998780487804878	834	15	1
NAT	NAT_HGDPMXB_FULL	22	22	sim_011	EUR	1264	1259	0.9960443037974683	1260	1	5
NAT	NAT_HGDPMXB_FULL	22	22	sim_011	AFR	3385	3370	0.9955686853766618	3375	5	15
NAT	NAT_HGDPMXB_FULL	22	23	sim_012	NAT	672	672	1	672	0	0
NAT	NAT_HGDPMXB_FULL	22	23	sim_012	EUR	3773	3773	1	3798	25	0
NAT	NAT_HGDPMXB_FULL	22	23	sim_012	AFR	1024	999	0.9755859375	999	0	25
NAT	NAT_HGDPMXB_FULL	22	24	sim_012	NAT	217	217	1	296	79	0
NAT	NAT_HGDPMXB_FULL	22	24	sim_012	EUR	2957	2863	0.968211024687183	2868	5	94
NAT	NAT_HGDPMXB_FULL	22	24	sim_012	AFR	2295	2290	0.9978213507625272	2305	15	5
NAT	NAT_HGDPMXB_FULL	22	25	sim_013	NAT	2726	2718	0.9970652971386648	2896	178	8
NAT	NAT_HGDPMXB_FULL	22	25	sim_013	EUR	1734	1625	0.9371395617070357	1666	41	109
NAT	NAT_HGDPMXB_FULL	22	25	sim_013	AFR	1009	907	0.8989098116947473	907	0	102
NAT	NAT_HGDPMXB_FULL	22	26	sim_013	NAT	1097	1038	0.9462169553327257	1110	72	59
NAT	NAT_HGDPMXB_FULL	22	26	sim_013	EUR	3547	3474	0.9794192275162109	3572	98	73
NAT	NAT_HGDPMXB_FULL	22	26	sim_013	AFR	825	786	0.9527272727272728	787	1	39
NAT	NAT_HGDPMXB_FULL	22	27	sim_014	NAT	3615	3561	0.9850622406639005	3561	0	54
NAT	NAT_HGDPMXB_FULL	22	27	sim_014	EUR	1389	1389	1	1432	43	0
NAT	NAT_HGDPMXB_FULL	22	27	sim_014	AFR	465	465	1	476	11	0
NAT	NAT_HGDPMXB_FULL	22	28	sim_014	NAT	1729	1555	0.8993637941006362	1666	111	174
NAT	NAT_HGDPMXB_FULL	22	28	sim_014	EUR	3554	3443	0.9687675858187957	3611	168	111
NAT	NAT_HGDPMXB_FULL	22	28	sim_014	AFR	186	186	1	192	6	0
NAT	NAT_HGDPMXB_FULL	22	29	sim_015	NAT	242	242	1	244	2	0
NAT	NAT_HGDPMXB_FULL	22	29	sim_015	EUR	4253	4251	0.9995297437103221	4261	10	2
NAT	NAT_HGDPMXB_FULL	22	29	sim_015	AFR	974	964	0.9897330595482546	964	0	10
NAT	NAT_HGDPMXB_FULL	22	30	sim_015	NAT	547	541	0.9890310786106032	541	0	6
NAT	NAT_HGDPMXB_FULL	22	30	sim_015	EUR	3866	3866	1	3999	133	0
NAT	NAT_HGDPMXB_FULL	22	30	sim_015	AFR	1056	929	0.8797348484848485	929	0	127
NAT	NAT_HGDPMXB_FULL	22	31	sim_016	NAT	694	635	0.9149855907780979	635	0	59
NAT	NAT_HGDPMXB_FULL	22	31	sim_016	EUR	4731	4731	1	4834	103	0
NAT	NAT_HGDPMXB_FULL	22	31	sim_016	AFR	44	0	0	0	0	44
NAT	NAT_HGDPMXB_FULL	22	32	sim_016	NAT	281	82	0.2918149466192171	82	0	199
NAT	NAT_HGDPMXB_FULL	22	32	sim_016	EUR	4007	4004	0.9992513102071375	4255	251	3
NAT	NAT_HGDPMXB_FULL	22	32	sim_016	AFR	1181	1129	0.955969517358171	1132	3	52
NAT	NAT_HGDPMXB_FULL	22	33	sim_017	NAT	1869	1869	1	1888	19	0
NAT	NAT_HGDPMXB_FULL	22	33	sim_017	EUR	3469	3440	0.9916402421447102	3440	0	29
NAT	NAT_HGDPMXB_FULL	22	33	sim_017	AFR	131	131	1	141	10	0
NAT	NAT_HGDPMXB_FULL	22	34	sim_017	EUR	2628	2600	0.989345509893455	2600	0	28
NAT	NAT_HGDPMXB_FULL	22	34	sim_017	AFR	2841	2841	1	2869	28	0
NAT	NAT_HGDPMXB_FULL	22	35	sim_018	NAT	902	825	0.9146341463414634	865	40	77
NAT	NAT_HGDPMXB_FULL	22	35	sim_018	EUR	3686	3642	0.9880629408572978	3719	77	44
NAT	NAT_HGDPMXB_FULL	22	35	sim_018	AFR	881	880	0.9988649262202043	885	5	1
NAT	NAT_HGDPMXB_FULL	22	36	sim_018	NAT	2831	2797	0.9879901095019428	2831	34	34
NAT	NAT_HGDPMXB_FULL	22	36	sim_018	EUR	886	853	0.9627539503386005	887	34	33
NAT	NAT_HGDPMXB_FULL	22	36	sim_018	AFR	1752	1718	0.980593607305936	1751	33	34
NAT	NAT_HGDPMXB_FULL	22	37	sim_019	EUR	5248	5248	1	5248	0	0
NAT	NAT_HGDPMXB_FULL	22	37	sim_019	AFR	221	221	1	221	0	0
NAT	NAT_HGDPMXB_FULL	22	38	sim_019	EUR	2072	2005	0.9676640926640927	2044	39	67
NAT	NAT_HGDPMXB_FULL	22	38	sim_019	AFR	3397	3358	0.9885192817191639	3425	67	39
NAT	NAT_HGDPMXB_FULL	22	39	sim_020	EUR	5393	5393	1	5469	76	0
NAT	NAT_HGDPMXB_FULL	22	39	sim_020	AFR	76	0	0	0	0	76
NAT	NAT_HGDPMXB_FULL	22	40	sim_020	EUR	3903	3895	0.9979502946451447	3901	6	8
NAT	NAT_HGDPMXB_FULL	22	40	sim_020	AFR	1566	1560	0.9961685823754789	1568	8	6
NAT	NAT_HGDPMXB_FULL	22	41	sim_021	NAT	1848	1848	1	1990	142	0
NAT	NAT_HGDPMXB_FULL	22	41	sim_021	EUR	962	819	0.8513513513513513	860	41	143
NAT	NAT_HGDPMXB_FULL	22	41	sim_021	AFR	2659	2596	0.9763068822865739	2619	23	63
NAT	NAT_HGDPMXB_FULL	22	42	sim_021	NAT	1981	1979	0.9989904088844018	1979	0	2
NAT	NAT_HGDPMXB_FULL	22	42	sim_021	EUR	3488	3488	1	3490	2	0
NAT	NAT_HGDPMXB_FULL	22	43	sim_022	EUR	3550	3545	0.9985915492957746	3640	95	5
NAT	NAT_HGDPMXB_FULL	22	43	sim_022	AFR	1919	1824	0.9504950495049505	1829	5	95
NAT	NAT_HGDPMXB_FULL	22	44	sim_022	EUR	5011	5011	1	5114	103	0
NAT	NAT_HGDPMXB_FULL	22	44	sim_022	AFR	458	355	0.7751091703056768	355	0	103
NAT	NAT_HGDPMXB_FULL	22	45	sim_023	NAT	1516	1512	0.9973614775725593	1537	25	4
NAT	NAT_HGDPMXB_FULL	22	45	sim_023	EUR	1028	1028	1	1034	6	0
NAT	NAT_HGDPMXB_FULL	22	45	sim_023	AFR	2925	2894	0.9894017094017094	2898	4	31
NAT	NAT_HGDPMXB_FULL	22	46	sim_023	NAT	577	577	1	604	27	0
NAT	NAT_HGDPMXB_FULL	22	46	sim_023	EUR	3694	3693	0.9997292907417433	3693	0	1
NAT	NAT_HGDPMXB_FULL	22	46	sim_023	AFR	1198	1171	0.9774624373956594	1172	1	27
NAT	NAT_HGDPMXB_FULL	22	47	sim_024	EUR	3470	3470	1	3470	0	0
NAT	NAT_HGDPMXB_FULL	22	47	sim_024	AFR	1999	1999	1	1999	0	0
NAT	NAT_HGDPMXB_FULL	22	48	sim_024	NAT	1095	1058	0.9662100456621004	1071	13	37
NAT	NAT_HGDPMXB_FULL	22	48	sim_024	EUR	3416	3402	0.9959016393442623	3478	76	14
NAT	NAT_HGDPMXB_FULL	22	48	sim_024	AFR	958	919	0.9592901878914405	920	1	39
NAT	NAT_HGDPMXB_FULL	22	49	sim_025	NAT	197	197	1	328	131	0
NAT	NAT_HGDPMXB_FULL	22	49	sim_025	EUR	3006	2875	0.956420492348636	2875	0	131
NAT	NAT_HGDPMXB_FULL	22	49	sim_025	AFR	2266	2266	1	2266	0	0
NAT	NAT_HGDPMXB_FULL	22	50	sim_025	NAT	824	774	0.9393203883495146	774	0	50
NAT	NAT_HGDPMXB_FULL	22	50	sim_025	EUR	3221	3219	0.999379074821484	3300	81	2
NAT	NAT_HGDPMXB_FULL	22	50	sim_025	AFR	1424	1393	0.9782303370786517	1395	2	31
NAT	NAT_HGDPMXB_FULL	22	51	sim_026	NAT	2138	1776	0.8306828811973808	1780	4	362
NAT	NAT_HGDPMXB_FULL	22	51	sim_026	EUR	2134	2117	0.9920337394564198	2479	362	17
NAT	NAT_HGDPMXB_FULL	22	51	sim_026	AFR	1197	1197	1	1210	13	0
NAT	NAT_HGDPMXB_FULL	22	52	sim_026	NAT	2301	2297	0.9982616253802694	2299	2	4
NAT	NAT_HGDPMXB_FULL	22	52	sim_026	EUR	1436	1427	0.9937325905292479	1431	4	9
NAT	NAT_HGDPMXB_FULL	22	52	sim_026	AFR	1732	1730	0.9988452655889145	1739	9	2
NAT	NAT_HGDPMXB_FULL	22	53	sim_027	NAT	227	227	1	277	50	0
NAT	NAT_HGDPMXB_FULL	22	53	sim_027	EUR	4746	4696	0.989464812473662	4864	168	50
NAT	NAT_HGDPMXB_FULL	22	53	sim_027	AFR	496	328	0.6612903225806451	328	0	168
NAT	NAT_HGDPMXB_FULL	22	54	sim_027	EUR	3243	3022	0.9318532223250077	3022	0	221
NAT	NAT_HGDPMXB_FULL	22	54	sim_027	AFR	2226	2226	1	2447	221	0
NAT	NAT_HGDPMXB_FULL	22	55	sim_028	EUR	4311	4309	0.9995360705172813	4309	0	2
NAT	NAT_HGDPMXB_FULL	22	55	sim_028	AFR	1158	1158	1	1160	2	0
NAT	NAT_HGDPMXB_FULL	22	56	sim_028	EUR	4932	4752	0.9635036496350365	4752	0	180
NAT	NAT_HGDPMXB_FULL	22	56	sim_028	AFR	537	537	1	717	180	0
NAT	NAT_HGDPMXB_FULL	22	57	sim_029	NAT	93	0	0	0	0	93
NAT	NAT_HGDPMXB_FULL	22	57	sim_029	EUR	2658	2654	0.9984951091045899	2794	140	4
NAT	NAT_HGDPMXB_FULL	22	57	sim_029	AFR	2718	2671	0.9827078734363502	2675	4	47
NAT	NAT_HGDPMXB_FULL	22	58	sim_029	NAT	766	750	0.97911227154047	750	0	16
NAT	NAT_HGDPMXB_FULL	22	58	sim_029	EUR	2159	2151	0.9962945808244558	2260	109	8
NAT	NAT_HGDPMXB_FULL	22	58	sim_029	AFR	2544	2451	0.9634433962264151	2459	8	93
NAT	NAT_HGDPMXB_FULL	22	59	sim_030	NAT	2046	412	0.2013685239491691	412	0	1634
NAT	NAT_HGDPMXB_FULL	22	59	sim_030	EUR	1758	1669	0.9493742889647326	1997	328	89
NAT	NAT_HGDPMXB_FULL	22	59	sim_030	AFR	1665	1656	0.9945945945945946	3060	1404	9
NAT	NAT_HGDPMXB_FULL	22	60	sim_030	NAT	524	472	0.9007633587786259	484	12	52
NAT	NAT_HGDPMXB_FULL	22	60	sim_030	EUR	2529	2351	0.9296164491894029	2362	11	178
NAT	NAT_HGDPMXB_FULL	22	60	sim_030	AFR	2416	2405	0.9954470198675497	2623	218	11
NAT	NAT_HOMOG	22	1	sim_001	NAT	854	854	1	854	0	0
NAT	NAT_HOMOG	22	1	sim_001	EUR	1731	1731	1	1734	3	0
NAT	NAT_HOMOG	22	1	sim_001	AFR	2884	2881	0.9989597780859917	2881	0	3
NAT	NAT_HOMOG	22	2	sim_001	NAT	782	712	0.9104859335038363	712	0	70
NAT	NAT_HOMOG	22	2	sim_001	EUR	338	327	0.9674556213017751	458	131	11
NAT	NAT_HOMOG	22	2	sim_001	AFR	4349	4288	0.9859737870774891	4299	11	61
NAT	NAT_HOMOG	22	3	sim_002	NAT	328	328	1	328	0	0
NAT	NAT_HOMOG	22	3	sim_002	EUR	3724	3708	0.9957035445757251	3708	0	16
NAT	NAT_HOMOG	22	3	sim_002	AFR	1417	1417	1	1433	16	0
NAT	NAT_HOMOG	22	4	sim_002	NAT	429	428	0.9976689976689976	445	17	1
NAT	NAT_HOMOG	22	4	sim_002	EUR	4049	4024	0.9938256359594961	4028	4	25
NAT	NAT_HOMOG	22	4	sim_002	AFR	991	988	0.9969727547931383	996	8	3
NAT	NAT_HOMOG	22	5	sim_003	NAT	1709	1709	1	1711	2	0
NAT	NAT_HOMOG	22	5	sim_003	EUR	483	435	0.9006211180124224	435	0	48
NAT	NAT_HOMOG	22	5	sim_003	AFR	3277	3275	0.9993896856881294	3323	48	2
NAT	NAT_HOMOG	22	6	sim_003	NAT	1326	1244	0.9381598793363499	1277	33	82
NAT	NAT_HOMOG	22	6	sim_003	EUR	4143	4110	0.9920347574221579	4192	82	33
NAT	NAT_HOMOG	22	7	sim_004	NAT	806	798	0.9900744416873449	798	0	8
NAT	NAT_HOMOG	22	7	sim_004	EUR	2780	2772	0.9971223021582734	2853	81	8
NAT	NAT_HOMOG	22	7	sim_004	AFR	1883	1802	0.9569835369091875	1818	16	81
NAT	NAT_HOMOG	22	8	sim_004	NAT	176	149	0.8465909090909091	149	0	27
NAT	NAT_HOMOG	22	8	sim_004	EUR	3541	3469	0.9796667608020333	3496	27	72
NAT	NAT_HOMOG	22	8	sim_004	AFR	1752	1752	1	1824	72	0
NAT	NAT_HOMOG	22	9	sim_005	NAT	711	706	0.9929676511954993	706	0	5
NAT	NAT_HOMOG	22	9	sim_005	EUR	4503	4124	0.9158338885187652	4129	5	379
NAT	NAT_HOMOG	22	9	sim_005	AFR	255	255	1	634	379	0
NAT	NAT_HOMOG	22	10	sim_005	EUR	1035	1015	0.9806763285024155	1094	79	20
NAT	NAT_HOMOG	22	10	sim_005	AFR	4434	4355	0.9821831303563374	4375	20	79
NAT	NAT_HOMOG	22	11	sim_006	NAT	2061	1806	0.87627365356623	2201	395	255
NAT	NAT_HOMOG	22	11	sim_006	EUR	2549	2144	0.841114162416634	2399	255	405
NAT	NAT_HOMOG	22	11	sim_006	AFR	859	859	1	869	10	0
NAT	NAT_HOMOG	22	12	sim_006	NAT	2214	1203	0.5433604336043361	1226	23	1011
NAT	NAT_HOMOG	22	12	sim_006	EUR	1428	1273	0.8914565826330533	2274	1001	155
NAT	NAT_HOMOG	22	12	sim_006	AFR	1827	1827	1	1969	142	0
NAT	NAT_HOMOG	22	13	sim_007	EUR	4442	4415	0.9939216569113012	4533	118	27
NAT	NAT_HOMOG	22	13	sim_007	AFR	1027	909	0.8851022395326192	936	27	118
NAT	NAT_HOMOG	22	14	sim_007	NAT	61	61	1	221	160	0
NAT	NAT_HOMOG	22	14	sim_007	EUR	4927	4433	0.899736147757256	4434	1	494
NAT	NAT_HOMOG	22	14	sim_007	AFR	481	480	0.997920997920998	814	334	1
NAT	NAT_HOMOG	22	15	sim_008	NAT	691	682	0.9869753979739508	1046	364	9
NAT	NAT_HOMOG	22	15	sim_008	EUR	4684	4013	0.8567463706233988	4116	103	671
NAT	NAT_HOMOG	22	15	sim_008	AFR	94	0	0	307	307	94
NAT	NAT_HOMOG	22	16	sim_008	NAT	2418	1938	0.8014888337468983	1938	0	480
NAT	NAT_HOMOG	22	16	sim_008	EUR	2447	2257	0.9223539027380466	2339	82	190
NAT	NAT_HOMOG	22	16	sim_008	AFR	604	604	1	1192	588	0
NAT	NAT_HOMOG	22	17	sim_009	NAT	1389	1362	0.980561555075594	1514	152	27
NAT	NAT_HOMOG	22	17	sim_009	EUR	1187	1035	0.8719460825610783	1059	24	152
NAT	NAT_HOMOG	22	17	sim_009	AFR	2893	2877	0.9944694089180781	2896	19	16
NAT	NAT_HOMOG	22	18	sim_009	EUR	2976	2976	1	3041	65	0
NAT	NAT_HOMOG	22	18	sim_009	AFR	2493	2428	0.9739269955876454	2428	0	65
NAT	NAT_HOMOG	22	19	sim_010	EUR	4119	4113	0.9985433357611071	4270	157	6
NAT	NAT_HOMOG	22	19	sim_010	AFR	1350	1193	0.8837037037037037	1199	6	157
NAT	NAT_HOMOG	22	20	sim_010	NAT	482	465	0.9647302904564315	525	60	17
NAT	NAT_HOMOG	22	20	sim_010	EUR	2654	2340	0.881688018085908	2343	3	314
NAT	NAT_HOMOG	22	20	sim_010	AFR	2333	2330	0.9987141020145736	2601	271	3
NAT	NAT_HOMOG	22	21	sim_011	EUR	36	0	0	0	0	36
NAT	NAT_HOMOG	22	21	sim_011	AFR	5433	5433	1	5469	36	0
NAT	NAT_HOMOG	22	22	sim_011	NAT	820	819	0.998780487804878	834	15	1
NAT	NAT_HOMOG	22	22	sim_011	EUR	1264	1259	0.9960443037974683	1260	1	5
NAT	NAT_HOMOG	22	22	sim_011	AFR	3385	3370	0.9955686853766618	3375	5	15
NAT	NAT_HOMOG	22	23	sim_012	NAT	672	672	1	672	0	0
NAT	NAT_HOMOG	22	23	sim_012	EUR	3773	3773	1	3798	25	0
NAT	NAT_HOMOG	22	23	sim_012	AFR	1024	999	0.9755859375	999	0	25
NAT	NAT_HOMOG	22	24	sim_012	NAT	217	217	1	296	79	0
NAT	NAT_HOMOG	22	24	sim_012	EUR	2957	2828	0.9563747040919851	2828	0	129
NAT	NAT_HOMOG	22	24	sim_012	AFR	2295	2295	1	2345	50	0
NAT	NAT_HOMOG	22	25	sim_013	NAT	2726	2718	0.9970652971386648	2896	178	8
NAT	NAT_HOMOG	22	25	sim_013	EUR	1734	1625	0.9371395617070357	1666	41	109
NAT	NAT_HOMOG	22	25	sim_013	AFR	1009	907	0.8989098116947473	907	0	102
NAT	NAT_HOMOG	22	26	sim_013	NAT	1097	1092	0.9954421148587056	1164	72	5
NAT	NAT_HOMOG	22	26	sim_013	EUR	3547	3474	0.9794192275162109	3518	44	73
NAT	NAT_HOMOG	22	26	sim_013	AFR	825	786	0.9527272727272728	787	1	39
NAT	NAT_HOMOG	22	27	sim_014	NAT	3615	3561	0.9850622406639005	3561	0	54
NAT	NAT_HOMOG	22	27	sim_014	EUR	1389	1389	1	1432	43	0
NAT	NAT_HOMOG	22	27	sim_014	AFR	465	465	1	476	11	0
NAT	NAT_HOMOG	22	28	sim_014	NAT	1729	1555	0.8993637941006362	1666	111	174
NAT	NAT_HOMOG	22	28	sim_014	EUR	3554	3443	0.9687675858187957	3611	168	111
NAT	NAT_HOMOG	22	28	sim_014	AFR	186	186	1	192	6	0
NAT	NAT_HOMOG	22	29	sim_015	NAT	242	242	1	244	2	0
NAT	NAT_HOMOG	22	29	sim_015	EUR	4253	4251	0.9995297437103221	4261	10	2
NAT	NAT_HOMOG	22	29	sim_015	AFR	974	964	0.9897330595482546	964	0	10
NAT	NAT_HOMOG	22	30	sim_015	NAT	547	541	0.9890310786106032	541	0	6
NAT	NAT_HOMOG	22	30	sim_015	EUR	3866	3866	1	3999	133	0
NAT	NAT_HOMOG	22	30	sim_015	AFR	1056	929	0.8797348484848485	929	0	127
NAT	NAT_HOMOG	22	31	sim_016	NAT	694	635	0.9149855907780979	635	0	59
NAT	NAT_HOMOG	22	31	sim_016	EUR	4731	4731	1	4834	103	0
NAT	NAT_HOMOG	22	31	sim_016	AFR	44	0	0	0	0	44
NAT	NAT_HOMOG	22	32	sim_016	NAT	281	153	0.5444839857651246	153	0	128
NAT	NAT_HOMOG	22	32	sim_016	EUR	4007	4004	0.9992513102071375	4184	180	3
NAT	NAT_HOMOG	22	32	sim_016	AFR	1181	1129	0.955969517358171	1132	3	52
NAT	NAT_HOMOG	22	33	sim_017	NAT	1869	1869	1	1888	19	0
NAT	NAT_HOMOG	22	33	sim_017	EUR	3469	3440	0.9916402421447102	3440	0	29
NAT	NAT_HOMOG	22	33	sim_017	AFR	131	131	1	141	10	0
NAT	NAT_HOMOG	22	34	sim_017	EUR	2628	2608	0.9923896499238964	2612	4	20
NAT	NAT_HOMOG	22	34	sim_017	AFR	2841	2837	0.9985920450545582	2857	20	4
NAT	NAT_HOMOG	22	35	sim_018	NAT	902	825	0.9146341463414634	865	40	77
NAT	NAT_HOMOG	22	35	sim_018	EUR	3686	3647	0.9894194248507867	3783	136	39
NAT	NAT_HOMOG	22	35	sim_018	AFR	881	821	0.9318955732122588	821	0	60
NAT	NAT_HOMOG	22	36	sim_018	NAT	2831	2831	1	2865	34	0
NAT	NAT_HOMOG	22	36	sim_018	EUR	886	853	0.9627539503386005	853	0	33
NAT	NAT_HOMOG	22	36	sim_018	AFR	1752	1718	0.980593607305936	1751	33	34
NAT	NAT_HOMOG	22	37	sim_019	EUR	5248	5248	1	5248	0	0
NAT	NAT_HOMOG	22	37	sim_019	AFR	221	221	1	221	0	0
NAT	NAT_HOMOG	22	38	sim_019	EUR	2072	2005	0.9676640926640927	2044	39	67
NAT	NAT_HOMOG	22	38	sim_019	AFR	3397	3358	0.9885192817191639	3425	67	39
NAT	NAT_HOMOG	22	39	sim_020	EUR	5393	5393	1	5469	76	0
NAT	NAT_HOMOG	22	39	sim_020	AFR	76	0	0	0	0	76
NAT	NAT_HOMOG	22	40	sim_020	EUR	3903	3895	0.9979502946451447	3929	34	8
NAT	NAT_HOMOG	22	40	sim_020	AFR	1566	1532	0.9782886334610472	1540	8	34
NAT	NAT_HOMOG	22	41	sim_021	NAT	1848	1848	1	1990	142	0
NAT	NAT_HOMOG	22	41	sim_021	EUR	962	819	0.8513513513513513	860	41	143
NAT	NAT_HOMOG	22	41	sim_021	AFR	2659	2596	0.9763068822865739	2619	23	63
NAT	NAT_HOMOG	22	42	sim_021	NAT	1981	1979	0.9989904088844018	1979	0	2
NAT	NAT_HOMOG	22	42	sim_021	EUR	3488	3488	1	3490	2	0
NAT	NAT_HOMOG	22	43	sim_022	EUR	3550	3545	0.9985915492957746	3653	108	5
NAT	NAT_HOMOG	22	43	sim_022	AFR	1919	1811	0.9437206878582595	1816	5	108
NAT	NAT_HOMOG	22	44	sim_022	EUR	5011	5011	1	5114	103	0
NAT	NAT_HOMOG	22	44	sim_022	AFR	458	355	0.7751091703056768	355	0	103
NAT	NAT_HOMOG	22	45	sim_023	NAT	1516	1453	0.9584432717678101	1478	25	63
NAT	NAT_HOMOG	22	45	sim_023	EUR	1028	1026	0.9980544747081712	1091	65	2
NAT	NAT_HOMOG	22	45	sim_023	AFR	2925	2894	0.9894017094017094	2900	6	31
NAT	NAT_HOMOG	22	46	sim_023	NAT	577	577	1	604	27	0
NAT	NAT_HOMOG	22	46	sim_023	EUR	3694	3693	0.9997292907417433	3693	0	1
NAT	NAT_HOMOG	22	46	sim_023	AFR	1198	1171	0.9774624373956594	1172	1	27
NAT	NAT_HOMOG	22	47	sim_024	EUR	3470	3470	1	3470	0	0
NAT	NAT_HOMOG	22	47	sim_024	AFR	1999	1999	1	1999	0	0
NAT	NAT_HOMOG	22	48	sim_024	NAT	1095	1082	0.9881278538812786	1109	27	13
NAT	NAT_HOMOG	22	48	sim_024	EUR	3416	3388	0.9918032786885246	3431	43	28
NAT	NAT_HOMOG	22	48	sim_024	AFR	958	928	0.9686847599164927	929	1	30
NAT	NAT_HOMOG	22	49	sim_025	NAT	197	197	1	328	131	0
NAT	NAT_HOMOG	22	49	sim_025	EUR	3006	2875	0.956420492348636	2875	0	131
NAT	NAT_HOMOG	22	49	sim_025	AFR	2266	2266	1	2266	0	0
NAT	NAT_HOMOG	22	50	sim_025	NAT	824	774	0.9393203883495146	774	0	50
NAT	NAT_HOMOG	22	50	sim_025	EUR	3221	3219	0.999379074821484	3409	190	2
NAT	NAT_HOMOG	22	50	sim_025	AFR	1424	1284	0.901685393258427	1286	2	140
NAT	NAT_HOMOG	22	51	sim_026	NAT	2138	1776	0.8306828811973808	1780	4	362
NAT	NAT_HOMOG	22	51	sim_026	EUR	2134	2129	0.9976569821930646	2491	362	5
NAT	NAT_HOMOG	22	51	sim_026	AFR	1197	1197	1	1198	1	0
NAT	NAT_HOMOG	22	52	sim_026	NAT	2301	2297	0.9982616253802694	2299	2	4
NAT	NAT_HOMOG	22	52	sim_026	EUR	1436	1427	0.9937325905292479	1454	27	9
NAT	NAT_HOMOG	22	52	sim_026	AFR	1732	1707	0.9855658198614319	1716	9	25
NAT	NAT_HOMOG	22	53	sim_027	NAT	227	227	1	277	50	0
NAT	NAT_HOMOG	22	53	sim_027	EUR	4746	4696	0.989464812473662	4864	168	50
NAT	NAT_HOMOG	22	53	sim_027	AFR	496	328	0.6612903225806451	328	0	168
NAT	NAT_HOMOG	22	54	sim_027	EUR	3243	3022	0.9318532223250077	3022	0	221
NAT	NAT_HOMOG	22	54	sim_027	AFR	2226	2226	1	2447	221	0
NAT	NAT_HOMOG	22	55	sim_028	EUR	4311	4309	0.9995360705172813	4309	0	2
NAT	NAT_HOMOG	22	55	sim_028	AFR	1158	1158	1	1160	2	0
NAT	NAT_HOMOG	22	56	sim_028	EUR	4932	4829	0.9791159772911597	4829	0	103
NAT	NAT_HOMOG	22	56	sim_028	AFR	537	537	1	640	103	0
NAT	NAT_HOMOG	22	57	sim_029	NAT	93	0	0	0	0	93
NAT	NAT_HOMOG	22	57	sim_029	EUR	2658	2654	0.9984951091045899	2817	163	4
NAT	NAT_HOMOG	22	57	sim_029	AFR	2718	2648	0.9742457689477557	2652	4	70
NAT	NAT_HOMOG	22	58	sim_029	NAT	766	750	0.97911227154047	803	53	16
NAT	NAT_HOMOG	22	58	sim_029	EUR	2159	2075	0.9610930986567855	2184	109	84
NAT	NAT_HOMOG	22	58	sim_029	AFR	2544	2451	0.9634433962264151	2482	31	93
NAT	NAT_HOMOG	22	59	sim_030	NAT	2046	458	0.2238514173998045	458	0	1588
NAT	NAT_HOMOG	22	59	sim_030	EUR	1758	1610	0.9158134243458476	1938	328	148
NAT	NAT_HOMOG	22	59	sim_030	AFR	1665	1656	0.9945945945945946	3073	1417	9
NAT	NAT_HOMOG	22	60	sim_030	NAT	524	472	0.9007633587786259	484	12	52
NAT	NAT_HOMOG	22	60	sim_030	EUR	2529	2351	0.9296164491894029	2362	11	178
NAT	NAT_HOMOG	22	60	sim_030	AFR	2416	2405	0.9954470198675497	2623	218	11
NATMXB	NAT_HOMOG	22	1	sim_001	NAT	1956	1454	0.7433537832310838	1466	12	502
NATMXB	NAT_HOMOG	22	1	sim_001	EUR	604	604	1	1105	501	0
NATMXB	NAT_HOMOG	22	1	sim_001	AFR	2909	2897	0.9958748710897215	2898	1	12
NATMXB	NAT_HOMOG	22	2	sim_001	NAT	3538	3538	1	3639	101	0
NATMXB	NAT_HOMOG	22	2	sim_001	EUR	821	792	0.9646772228989038	854	62	29
NATMXB	NAT_HOMOG	22	2	sim_001	AFR	1110	976	0.8792792792792793	976	0	134
NATMXB	NAT_HOMOG	22	3	sim_002	EUR	3720	3720	1	3980	260	0
NATMXB	NAT_HOMOG	22	3	sim_002	AFR	1749	1489	0.8513436249285306	1489	0	260
NATMXB	NAT_HOMOG	22	4	sim_002	NAT	227	220	0.9691629955947136	220	0	7
NATMXB	NAT_HOMOG	22	4	sim_002	EUR	5207	5207	1	5249	42	0
NATMXB	NAT_HOMOG	22	4	sim_002	AFR	35	0	0	0	0	35
NATMXB	NAT_HOMOG	22	5	sim_003	NAT	418	418	1	439	21	0
NATMXB	NAT_HOMOG	22	5	sim_003	EUR	4182	4161	0.9949784791965567	4192	31	21
NATMXB	NAT_HOMOG	22	5	sim_003	AFR	869	838	0.9643268124280783	838	0	31
NATMXB	NAT_HOMOG	22	6	sim_003	NAT	1051	1051	1	1085	34	0
NATMXB	NAT_HOMOG	22	6	sim_003	EUR	3136	3087	0.984375	3119	32	49
NATMXB	NAT_HOMOG	22	6	sim_003	AFR	1282	1250	0.9750390015600624	1265	15	32
NATMXB	NAT_HOMOG	22	7	sim_004	EUR	3420	3361	0.9827485380116959	3420	59	59
NATMXB	NAT_HOMOG	22	7	sim_004	AFR	2049	1990	0.9712054660810151	2049	59	59
NATMXB	NAT_HOMOG	22	8	sim_004	NAT	1643	1643	1	1676	33	0
NATMXB	NAT_HOMOG	22	8	sim_004	EUR	3634	3601	0.9909190974133186	3601	0	33
NATMXB	NAT_HOMOG	22	8	sim_004	AFR	192	192	1	192	0	0
NATMXB	NAT_HOMOG	22	9	sim_005	NAT	565	563	0.9964601769911504	563	0	2
NATMXB	NAT_HOMOG	22	9	sim_005	EUR	4838	4838	1	4906	68	0
NATMXB	NAT_HOMOG	22	9	sim_005	AFR	66	0	0	0	0	66
NATMXB	NAT_HOMOG	22	10	sim_005	NAT	336	209	0.6220238095238095	209	0	127
NATMXB	NAT_HOMOG	22	10	sim_005	EUR	3417	3372	0.9868305531167691	3536	164	45
NATMXB	NAT_HOMOG	22	10	sim_005	AFR	1716	1679	0.9784382284382285	1724	45	37
NATMXB	NAT_HOMOG	22	11	sim_006	EUR	421	366	0.8693586698337292	524	158	55
NATMXB	NAT_HOMOG	22	11	sim_006	AFR	5048	4890	0.9687004754358162	4945	55	158
NATMXB	NAT_HOMOG	22	12	sim_006	NAT	2236	1259	0.5630590339892666	1285	26	977
NATMXB	NAT_HOMOG	22	12	sim_006	EUR	2936	2874	0.978882833787466	3565	691	62
NATMXB	NAT_HOMOG	22	12	sim_006	AFR	297	297	1	619	322	0
NATMXB	NAT_HOMOG	22	13	sim_007	NAT	156	0	0	0	0	156
NATMXB	NAT_HOMOG	22	13	sim_007	EUR	764	742	0.9712041884816754	954	212	22
NATMXB	NAT_HOMOG	22	13	sim_007	AFR	4549	4493	0.987689602110354	4515	22	56
NATMXB	NAT_HOMOG	22	14	sim_007	NAT	415	337	0.8120481927710843	343	6	78
NATMXB	NAT_HOMOG	22	14	sim_007	EUR	3753	3736	0.9954702904343192	3814	78	17
NATMXB	NAT_HOMOG	22	14	sim_007	AFR	1301	1301	1	1312	11	0
NATMXB	NAT_HOMOG	22	15	sim_008	NAT	194	148	0.7628865979381443	148	0	46
NATMXB	NAT_HOMOG	22	15	sim_008	EUR	3919	3916	0.9992344985965808	3962	46	3
NATMXB	NAT_HOMOG	22	15	sim_008	AFR	1356	1356	1	1359	3	0
NATMXB	NAT_HOMOG	22	16	sim_008	NAT	375	284	0.7573333333333333	297	13	91
NATMXB	NAT_HOMOG	22	16	sim_008	EUR	4314	4282	0.9925822902178952	4373	91	32
NATMXB	NAT_HOMOG	22	16	sim_008	AFR	780	780	1	799	19	0
NATMXB	NAT_HOMOG	22	17	sim_009	NAT	765	743	0.9712418300653595	743	0	22
NATMXB	NAT_HOMOG	22	17	sim_009	EUR	4552	4552	1	4590	38	0
NATMXB	NAT_HOMOG	22	17	sim_009	AFR	152	136	0.8947368421052632	136	0	16
NATMXB	NAT_HOMOG	22	18	sim_009	NAT	931	877	0.9419978517722879	889	12	54
NATMXB	NAT_HOMOG	22	18	sim_009	EUR	3215	2991	0.9303265940902021	3107	116	224
NATMXB	NAT_HOMOG	22	18	sim_009	AFR	1323	1256	0.9493575207860923	1473	217	67
NATMXB	NAT_HOMOG	22	19	sim_010	EUR	5352	5352	1	5360	8	0
NATMXB	NAT_HOMOG	22	19	sim_010	AFR	117	109	0.9316239316239316	109	0	8
NATMXB	NAT_HOMOG	22	20	sim_010	NAT	59	59	1	59	0	0
NATMXB	NAT_HOMOG	22	20	sim_010	EUR	4509	4371	0.9693945442448436	4371	0	138
NATMXB	NAT_HOMOG	22	20	sim_010	AFR	901	901	1	1039	138	0
NATMXB	NAT_HOMOG	22	21	sim_011	NAT	3937	3918	0.9951739903479807	3918	0	19
NATMXB	NAT_HOMOG	22	21	sim_011	EUR	1532	1532	1	1551	19	0
NATMXB	NAT_HOMOG	22	22	sim_011	NAT	2995	2965	0.989983305509182	2965	0	30
NATMXB	NAT_HOMOG	22	22	sim_011	EUR	1417	1387	0.9788285109386027	1417	30	30
NATMXB	NAT_HOMOG	22	22	sim_011	AFR	1057	1057	1	1087	30	0
NATMXB	NAT_HOMOG	22	23	sim_012	NAT	1234	1198	0.9708265802269044	1207	9	36
NATMXB	NAT_HOMOG	22	23	sim_012	EUR	4235	4194	0.990318772136954	4230	36	41
NATMXB	NAT_HOMOG	22	24	sim_012	NAT	856	840	0.9813084112149533	840	0	16
NATMXB	NAT_HOMOG	22	24	sim_012	EUR	4298	4265	0.9923220102373197	4296	31	33
NATMXB	NAT_HOMOG	22	24	sim_012	AFR	315	300	0.9523809523809523	333	33	15
NATMXB	NAT_HOMOG	22	25	sim_013	EUR	5189	5189	1	5189	0	0
NATMXB	NAT_HOMOG	22	25	sim_013	AFR	280	280	1	280	0	0
NATMXB	NAT_HOMOG	22	26	sim_013	NAT	646	620	0.9597523219814241	620	0	26
NATMXB	NAT_HOMOG	22	26	sim_013	EUR	2705	2647	0.978558225508318	2687	40	58
NATMXB	NAT_HOMOG	22	26	sim_013	AFR	2118	2104	0.9933899905571294	2162	58	14
NATMXB	NAT_HOMOG	22	27	sim_014	NAT	1445	1438	0.9951557093425606	1521	83	7
NATMXB	NAT_HOMOG	22	27	sim_014	EUR	2072	1949	0.9406370656370656	1955	6	123
NATMXB	NAT_HOMOG	22	27	sim_014	AFR	1952	1952	1	1993	41	0
NATMXB	NAT_HOMOG	22	28	sim_014	EUR	5469	5114	0.9350886816602669	5114	0	355
NATMXB	NAT_HOMOG	22	29	sim_015	EUR	4523	4516	0.9984523546318815	4516	0	7
NATMXB	NAT_HOMOG	22	29	sim_015	AFR	946	946	1	953	7	0
NATMXB	NAT_HOMOG	22	30	sim_015	EUR	4226	4205	0.9950307619498343	4231	26	21
NATMXB	NAT_HOMOG	22	30	sim_015	AFR	1243	1217	0.9790828640386162	1238	21	26
NATMXB	NAT_HOMOG	22	31	sim_016	NAT	3310	3309	0.9996978851963746	3312	3	1
NATMXB	NAT_HOMOG	22	31	sim_016	EUR	1435	1413	0.9846689895470383	1423	10	22
NATMXB	NAT_HOMOG	22	31	sim_016	AFR	724	714	0.9861878453038674	734	20	10
NATMXB	NAT_HOMOG	22	32	sim_016	EUR	5349	5346	0.9994391475042064	5346	0	3
NATMXB	NAT_HOMOG	22	32	sim_016	AFR	120	120	1	123	3	0
NATMXB	NAT_HOMOG	22	33	sim_017	NAT	383	383	1	398	15	0
NATMXB	NAT_HOMOG	22	33	sim_017	EUR	4988	4973	0.9969927826784283	5071	98	15
NATMXB	NAT_HOMOG	22	33	sim_017	AFR	98	0	0	0	0	98
NATMXB	NAT_HOMOG	22	34	sim_017	NAT	1694	1669	0.9852420306965761	1724	55	25
NATMXB	NAT_HOMOG	22	34	sim_017	EUR	3022	2880	0.9530112508272667	2889	9	142
NATMXB	NAT_HOMOG	22	34	sim_017	AFR	753	753	1	856	103	0
NATMXB	NAT_HOMOG	22	35	sim_018	NAT	898	876	0.9755011135857461	1070	194	22
NATMXB	NAT_HOMOG	22	35	sim_018	EUR	3285	3058	0.9308980213089803	3080	22	227
NATMXB	NAT_HOMOG	22	35	sim_018	AFR	1286	1286	1	1319	33	0
NATMXB	NAT_HOMOG	22	36	sim_018	NAT	1132	885	0.7818021201413428	910	25	247
NATMXB	NAT_HOMOG	22	36	sim_018	EUR	2992	2961	0.9896390374331551	3201	240	31
NATMXB	NAT_HOMOG	22	36	sim_018	AFR	1345	1333	0.9910780669144982	1358	25	12
NATMXB	NAT_HOMOG	22	37	sim_019	NAT	866	852	0.9838337182448037	890	38	14
NATMXB	NAT_HOMOG	22	37	sim_019	EUR	2881	2873	0.9972231863936133	2882	9	8
NATMXB	NAT_HOMOG	22	37	sim_019	AFR	1722	1675	0.9727061556329849	1697	22	47
NATMXB	NAT_HOMOG	22	38	sim_019	NAT	32	32	1	32	0	0
NATMXB	NAT_HOMOG	22	38	sim_019	EUR	4404	4386	0.9959128065395095	4392	6	18
NATMXB	NAT_HOMOG	22	38	sim_019	AFR	1033	1027	0.9941916747337851	1045	18	6
NATMXB	NAT_HOMOG	22	39	sim_020	EUR	4865	4642	0.9541623843782118	4642	0	223
NATMXB	NAT_HOMOG	22	39	sim_020	AFR	604	604	1	827	223	0
NATMXB	NAT_HOMOG	22	40	sim_020	NAT	2454	2446	0.9967400162999185	2722	276	8
NATMXB	NAT_HOMOG	22	40	sim_020	EUR	1396	1087	0.7786532951289399	1087	0	309
NATMXB	NAT_HOMOG	22	40	sim_020	AFR	1619	1585	0.9789993823347746	1660	75	34
NATMXB	NAT_HOMOG	22	41	sim_021	NAT	93	93	1	98	5	0
NATMXB	NAT_HOMOG	22	41	sim_021	EUR	3982	3732	0.9372174786539428	3732	0	250
NATMXB	NAT_HOMOG	22	41	sim_021	AFR	1394	1394	1	1639	245	0
NATMXB	NAT_HOMOG	22	42	sim_021	NAT	1738	1725	0.9925201380897584	1780	55	13
NATMXB	NAT_HOMOG	22	42	sim_021	EUR	2376	2302	0.9688552188552189	2304	2	74
NATMXB	NAT_HOMOG	22	42	sim_021	AFR	1355	1353	0.9985239852398524	1385	32	2
NATMXB	NAT_HOMOG	22	43	sim_022	NAT	326	326	1	356	30	0
NATMXB	NAT_HOMOG	22	43	sim_022	EUR	1104	1062	0.9619565217391305	1078	16	42
NATMXB	NAT_HOMOG	22	43	sim_022	AFR	4039	4023	0.9960386234216391	4035	12	16
NATMXB	NAT_HOMOG	22	44	sim_022	NAT	1550	1459	0.9412903225806452	1459	0	91
NATMXB	NAT_HOMOG	22	44	sim_022	EUR	3880	3880	1	4010	130	0
NATMXB	NAT_HOMOG	22	44	sim_022	AFR	39	0	0	0	0	39
NATMXB	NAT_HOMOG	22	45	sim_023	EUR	3289	3100	0.9425357251444207	3280	180	189
NATMXB	NAT_HOMOG	22	45	sim_023	AFR	2180	2000	0.9174311926605505	2189	189	180
NATMXB	NAT_HOMOG	22	46	sim_023	EUR	4629	4629	1	4770	141	0
NATMXB	NAT_HOMOG	22	46	sim_023	AFR	840	699	0.8321428571428572	699	0	141
NATMXB	NAT_HOMOG	22	47	sim_024	NAT	2057	2057	1	2229	172	0
NATMXB	NAT_HOMOG	22	47	sim_024	EUR	2080	1925	0.9254807692307693	1925	0	155
NATMXB	NAT_HOMOG	22	47	sim_024	AFR	1332	1293	0.9707207207207207	1315	22	39
NATMXB	NAT_HOMOG	22	48	sim_024	NAT	124	104	0.8387096774193549	104	0	20
NATMXB	NAT_HOMOG	22	48	sim_024	EUR	3896	3896	1	3984	88	0
NATMXB	NAT_HOMOG	22	48	sim_024	AFR	1449	1367	0.9434092477570738	1381	14	82
NATMXB	NAT_HOMOG	22	49	sim_025	NAT	1148	1086	0.945993031358885	1117	31	62
NATMXB	NAT_HOMOG	22	49	sim_025	EUR	3620	3458	0.9552486187845304	3520	62	162
NATMXB	NAT_HOMOG	22	49	sim_025	AFR	701	701	1	832	131	0
NATMXB	NAT_HOMOG	22	50	sim_025	NAT	524	277	0.5286259541984732	327	50	247
NATMXB	NAT_HOMOG	22	50	sim_025	EUR	1416	1408	0.9943502824858758	1676	268	8
NATMXB	NAT_HOMOG	22	50	sim_025	AFR	3529	3465	0.9818645508642675	3466	1	64
NATMXB	NAT_HOMOG	22	51	sim_026	NAT	689	603	0.8751814223512336	603	0	86
NATMXB	NAT_HOMOG	22	51	sim_026	EUR	2258	2210	0.978742249778565	2298	88	48
NATMXB	NAT_HOMOG	22	51	sim_026	AFR	2522	2520	0.9992069785884219	2568	48	2
NATMXB	NAT_HOMOG	22	52	sim_026	EUR	1200	1122	0.935	1162	40	78
NATMXB	NAT_HOMOG	22	52	sim_026	AFR	4269	4229	0.990630124150855	4307	78	40
NATMXB	NAT_HOMOG	22	53	sim_027	NAT	2364	2364	1	2440	76	0
NATMXB	NAT_HOMOG	22	53	sim_027	EUR	3105	3029	0.975523349436393	3029	0	76
NATMXB	NAT_HOMOG	22	54	sim_027	NAT	32	0	0	0	0	32
NATMXB	NAT_HOMOG	22	54	sim_027	EUR	4098	4060	0.9907271839921913	4113	53	38
NATMXB	NAT_HOMOG	22	54	sim_027	AFR	1339	1318	0.9843166542195668	1356	38	21
NATMXB	NAT_HOMOG	22	55	sim_028	NAT	1688	1682	0.9964454976303317	1688	6	6
NATMXB	NAT_HOMOG	22	55	sim_028	EUR	3781	3775	0.9984131182226924	3781	6	6
NATMXB	NAT_HOMOG	22	56	sim_028	NAT	611	598	0.9787234042553191	613	15	13
NATMXB	NAT_HOMOG	22	56	sim_028	EUR	3737	3729	0.9978592453839978	3743	14	8
NATMXB	NAT_HOMOG	22	56	sim_028	AFR	1121	1111	0.9910793933987511	1113	2	10
NATMXB	NAT_HOMOG	22	57	sim_029	NAT	841	808	0.9607609988109393	819	11	33
NATMXB	NAT_HOMOG	22	57	sim_029	EUR	3484	3473	0.9968427095292767	3625	152	11
NATMXB	NAT_HOMOG	22	57	sim_029	AFR	1144	1025	0.8959790209790209	1025	0	119
NATMXB	NAT_HOMOG	22	58	sim_029	NAT	1354	1333	0.9844903988183161	1333	0	21
NATMXB	NAT_HOMOG	22	58	sim_029	EUR	3149	3122	0.9914258494760241	3148	26	27
NATMXB	NAT_HOMOG	22	58	sim_029	AFR	966	940	0.9730848861283644	988	48	26
NATMXB	NAT_HOMOG	22	59	sim_030	NAT	406	406	1	427	21	0
NATMXB	NAT_HOMOG	22	59	sim_030	EUR	4323	4112	0.9511913023363405	4119	7	211
NATMXB	NAT_HOMOG	22	59	sim_030	AFR	740	733	0.9905405405405405	923	190	7
NATMXB	NAT_HOMOG	22	60	sim_030	NAT	2446	2420	0.9893704006541292	2484	64	26
NATMXB	NAT_HOMOG	22	60	sim_030	EUR	2373	2361	0.9949431099873578	2669	308	12
NATMXB	NAT_HOMOG	22	60	sim_030	AFR	650	316	0.48615384615384616	316	0	334
