sample	cohort	pop	super_pop	assigned	Q_sup_AFR	Q_sup_AMR	Q_sup_EAS	Q_sup_EUR	Q_sup_SAS	max_Q_sup	argmax_pop_sup	Q_unsup_AFR	Q_unsup_AMR	Q_unsup_EAS	Q_unsup_EUR	Q_unsup_SAS	max_Q_unsup	argmax_pop_unsup	sup_unsup_agree	included
LP6005441-DNA_F08	HGDP	Mongola	EAS	-	0.0000	0.0180	0.9234	0.0557	0.0030	0.9234	EAS	0.0000	0.0198	0.9192	0.0576	0.0034	0.9192	EAS	1	0
HGDP00843	HGDP	Surui	AMR	-	0.0000	1.0000	0.0000	0.0000	0.0000	1.0000	AMR	0.0000	1.0000	0.0000	0.0000	0.0000	1.0000	AMR	1	1
HGDP00392	HGDP	Burusho	NA	-	0.0000	0.0041	0.0929	0.2179	0.6851	0.6851	SAS	0.0000	0.0043	0.0923	0.2684	0.6349	0.6349	SAS	1	0
LP6005441-DNA_H03	HGDP	Cambodian	EAS	-	0.0000	0.0000	0.8571	0.0000	0.1429	0.8571	EAS	0.0000	0.0000	0.8499	0.0000	0.1500	0.8499	EAS	1	0
HGDP00544	HGDP	Papuan	NA	-	0.0345	0.0000	0.5207	0.0000	0.4448	0.5207	EAS	0.0315	0.0000	0.4986	0.0000	0.4699	0.4986	EAS	1	0
HGDP01053	HGDP	Pima	AMR	-	0.0000	0.9513	0.0487	0.0000	0.0000	0.9513	AMR	0.0000	0.9520	0.0479	0.0000	0.0000	0.9520	AMR	1	1
HGDP00191	HGDP	Sindhi	SAS	SAS	0.0000	0.0000	0.0000	0.0000	1.0000	1.0000	SAS	0.0000	0.0000	0.0071	0.3065	0.6864	0.6864	SAS	1	1
HGDP01399	HGDP	Adygei	EUR	-	0.0000	0.0007	0.0204	0.7854	0.1935	0.7854	EUR	0.0000	0.0008	0.0212	0.8044	0.1736	0.8044	EUR	1	0
LP6005441-DNA_C05	HGDP	Han	EAS	-	0.0000	0.0000	1.0000	0.0000	0.0000	1.0000	EAS	0.0000	0.0000	1.0000	0.0000	0.0000	1.0000	EAS	1	1
HGDP00961	HGDP	Yakut	EAS	-	0.0000	0.0621	0.7891	0.1127	0.0360	0.7891	EAS	0.0000	0.0659	0.7803	0.1189	0.0348	0.7803	EAS	1	0
HGDP01327	HGDP	She	EAS	-	0.0000	0.0000	1.0000	0.0000	0.0000	1.0000	EAS	0.0000	0.0000	1.0000	0.0000	0.0000	1.0000	EAS	1	1
HGDP00880	HGDP	Russian	EUR	EUR	0.0000	0.0000	0.0000	1.0000	0.0000	1.0000	EUR	0.0000	0.0108	0.0613	0.9228	0.0051	0.9228	EUR	1	1
HGDP00953	HGDP	Yakut	EAS	-	0.0000	0.0593	0.5504	0.3702	0.0201	0.5504	EAS	0.0000	0.0614	0.5466	0.3731	0.0188	0.5466	EAS	1	0
HGDP00804	HGDP	Orcadian	EUR	EUR	0.0000	0.0000	0.0000	1.0000	0.0000	1.0000	EUR	0.0000	0.0000	0.0000	1.0000	0.0000	1.0000	EUR	1	1
HGDP00926	HGDP	Yoruba	AFR	AFR	1.0000	0.0000	0.0000	0.0000	0.0000	1.0000	AFR	1.0000	0.0000	0.0000	0.0000	0.0000	1.0000	AFR	1	1
HGDP01058	HGDP	Pima	AMR	-	0.0000	0.8964	0.0319	0.0717	0.0000	0.8964	AMR	0.0000	0.8971	0.0312	0.0717	0.0000	0.8971	AMR	1	0
HGDP01336	HGDP	She	EAS	-	0.0000	0.0000	1.0000	0.0000	0.0000	1.0000	EAS	0.0000	0.0000	1.0000	0.0000	0.0000	1.0000	EAS	1	1
HGDP01173	HGDP	Italian	EUR	-	0.0000	0.0000	0.0000	1.0000	0.0000	1.0000	EUR	0.0000	0.0000	0.0000	1.0000	0.0000	1.0000	EUR	1	1
HGDP00716	HGDP	Cambodian	EAS	-	0.0000	0.0000	0.9355	0.0000	0.0644	0.9355	EAS	0.0000	0.0000	0.9304	0.0000	0.0696	0.9304	EAS	1	1
LP6005441-DNA_C10	HGDP	Pathan	NA	-	0.0000	0.0034	0.0166	0.3099	0.6701	0.6701	SAS	0.0000	0.0035	0.0166	0.3591	0.6208	0.6208	SAS	1	0
LP6005441-DNA_B08	HGDP	MbutiPygmy	AFR	-	1.0000	0.0000	0.0000	0.0000	0.0000	1.0000	AFR	1.0000	0.0000	0.0000	0.0000	0.0000	1.0000	AFR	1	1
HGDP01269	HGDP	Mozabite	NA	-	0.2533	0.0000	0.0000	0.7467	0.0000	0.7467	EUR	0.2536	0.0000	0.0000	0.7463	0.0000	0.7463	EUR	1	0
HGDP01266	HGDP	Mozabite	NA	-	0.2542	0.0000	0.0000	0.7457	0.0000	0.7457	EUR	0.2546	0.0000	0.0000	0.7454	0.0000	0.7454	EUR	1	0
HGDP00241	HGDP	Pathan	NA	-	0.0000	0.0000	0.0121	0.3604	0.6275	0.6275	SAS	0.0000	0.0000	0.0124	0.4080	0.5796	0.5796	SAS	1	0
HGDP00564	HGDP	Druze	NA	-	0.0250	0.0000	0.0000	0.8527	0.1223	0.8527	EUR	0.0255	0.0000	0.0000	0.8666	0.1079	0.8666	EUR	1	0
HGDP00939	HGDP	Yoruba	AFR	AFR	1.0000	0.0000	0.0000	0.0000	0.0000	1.0000	AFR	1.0000	0.0000	0.0000	0.0000	0.0000	1.0000	AFR	1	1
HGDP00541	HGDP	Papuan	NA	-	0.0489	0.0000	0.3239	0.0000	0.6271	0.6271	SAS	0.0454	0.0000	0.2961	0.0000	0.6585	0.6585	SAS	1	0
HGDP00814	HGDP	Han	EAS	EAS	0.0000	0.0000	1.0000	0.0000	0.0000	1.0000	EAS	0.0000	0.0013	0.9986	0.0000	0.0000	0.9986	EAS	1	1
HGDP01033	HGDP	BantuSouthAfrica	AFR	-	1.0000	0.0000	0.0000	0.0000	0.0000	1.0000	AFR	1.0000	0.0000	0.0000	0.0000	0.0000	1.0000	AFR	1	1
HGDP01340	HGDP	Naxi	EAS	-	0.0000	0.0000	1.0000	0.0000	0.0000	1.0000	EAS	0.0000	0.0000	1.0000	0.0000	0.0000	1.0000	EAS	1	1
HGDP00933	HGDP	Yoruba	AFR	-	1.0000	0.0000	0.0000	0.0000	0.0000	1.0000	AFR	1.0000	0.0000	0.0000	0.0000	0.0000	1.0000	AFR	1	1
LP6005441-DNA_C02	HGDP	Basque	EUR	-	0.0000	0.0000	0.0000	1.0000	0.0000	1.0000	EUR	0.0000	0.0000	0.0000	1.0000	0.0000	1.0000	EUR	1	1
LP6005441-DNA_E02	HGDP	Bedouin	NA	-	0.0673	0.0000	0.0000	0.8547	0.0780	0.8547	EUR	0.0679	0.0000	0.0000	0.8641	0.0680	0.8641	EUR	1	0
HGDP00640	HGDP	Bedouin	NA	-	0.1662	0.0000	0.0000	0.7573	0.0764	0.7573	EUR	0.1668	0.0000	0.0000	0.7657	0.0675	0.7657	EUR	1	0
HGDP00076	HGDP	Balochi	NA	-	0.0990	0.0000	0.0000	0.3556	0.5454	0.5454	SAS	0.1006	0.0000	0.0000	0.4042	0.4951	0.4951	SAS	1	0
HGDP01378	HGDP	Basque	EUR	-	0.0000	0.0000	0.0000	1.0000	0.0000	1.0000	EUR	0.0000	0.0000	0.0000	1.0000	0.0000	1.0000	EUR	1	1
HGDP00947	HGDP	Yakut	EAS	-	0.0000	0.0646	0.7676	0.1379	0.0298	0.7676	EAS	0.0000	0.0679	0.7595	0.1438	0.0289	0.7595	EAS	1	0
HGDP00860	HGDP	Maya	AMR	-	0.0429	0.6256	0.0000	0.3287	0.0027	0.6256	AMR	0.0431	0.6262	0.0000	0.3284	0.0023	0.6262	AMR	1	0
HGDP00784	HGDP	Han	EAS	-	0.0000	0.0000	1.0000	0.0000	0.0000	1.0000	EAS	0.0000	0.0000	0.9975	0.0024	0.0000	0.9975	EAS	1	1
HGDP01164	HGDP	Tuscan	EUR	-	0.0000	0.0000	0.0000	0.9990	0.0009	0.9990	EUR	0.0000	0.0000	0.0000	0.9980	0.0020	0.9980	EUR	1	1
LP6005441-DNA_H07	HGDP	Maya	AMR	-	0.0000	0.9845	0.0154	0.0000	0.0000	0.9845	AMR	0.0000	0.9851	0.0149	0.0000	0.0000	0.9851	AMR	1	1
HGDP01086	HGDP	BiakaPygmy	AFR	-	1.0000	0.0000	0.0000	0.0000	0.0000	1.0000	AFR	1.0000	0.0000	0.0000	0.0000	0.0000	1.0000	AFR	1	1
HGDP00035	HGDP	Brahui	SAS	SAS	0.0000	0.0000	0.0000	0.0000	1.0000	1.0000	SAS	0.0114	0.0000	0.0000	0.3546	0.6340	0.6340	SAS	1	1
HGDP00941	HGDP	Yoruba	AFR	AFR	1.0000	0.0000	0.0000	0.0000	0.0000	1.0000	AFR	1.0000	0.0000	0.0000	0.0000	0.0000	1.0000	AFR	1	1
HGDP00777	HGDP	Han	EAS	EAS	0.0000	0.0000	1.0000	0.0000	0.0000	1.0000	EAS	0.0000	0.0045	0.9856	0.0099	0.0000	0.9856	EAS	1	1
HGDP00100	HGDP	Hazara	NA	-	0.0000	0.0133	0.3512	0.3429	0.2926	0.3512	EAS	0.0000	0.0141	0.3500	0.3669	0.2690	0.3669	EUR	0	0
HGDP01313	HGDP	Dai	EAS	-	0.0000	0.0000	1.0000	0.0000	0.0000	1.0000	EAS	0.0000	0.0000	1.0000	0.0000	0.0000	1.0000	EAS	1	1
HGDP00103	HGDP	Hazara	NA	-	0.0000	0.0177	0.4627	0.2717	0.2479	0.4627	EAS	0.0000	0.0185	0.4611	0.2923	0.2280	0.4611	EAS	1	0
LP6005443-DNA_D08	HGDP	Papuan	NA	-	0.0493	0.0000	0.3077	0.0000	0.6430	0.6430	SAS	0.0456	0.0000	0.2796	0.0000	0.6748	0.6748	SAS	1	0
HGDP00756	HGDP	Japanese	EAS	-	0.0000	0.0023	0.9977	0.0000	0.0000	0.9977	EAS	0.0000	0.0029	0.9970	0.0000	0.0000	0.9970	EAS	1	1
HGDP00556	HGDP	Papuan	NA	-	0.0505	0.0000	0.3213	0.0000	0.6281	0.6281	SAS	0.0472	0.0000	0.2941	0.0000	0.6587	0.6587	SAS	1	0
HGDP00945	HGDP	Yakut	EAS	-	0.0000	0.0664	0.7860	0.1001	0.0475	0.7860	EAS	0.0000	0.0697	0.7766	0.1074	0.0463	0.7766	EAS	1	0
HGDP00110	HGDP	Hazara	NA	-	0.0000	0.0153	0.4044	0.2922	0.2881	0.4044	EAS	0.0000	0.0160	0.4032	0.3159	0.2648	0.4032	EAS	1	0
HGDP00210	HGDP	Sindhi	NA	-	0.0000	0.0000	0.0000	0.2071	0.7928	0.7928	SAS	0.0000	0.0000	0.0000	0.2659	0.7341	0.7341	SAS	1	0
HGDP00744	HGDP	Palestinian	NA	-	0.1559	0.0000	0.0000	0.7488	0.0953	0.7488	EUR	0.1565	0.0000	0.0000	0.7589	0.0846	0.7589	EUR	1	0
HGDP00992	HGDP	San	AFR	-	0.9713	0.0000	0.0000	0.0202	0.0085	0.9713	AFR	0.9715	0.0000	0.0000	0.0214	0.0071	0.9715	AFR	1	1
HGDP00094	HGDP	Balochi	SAS	SAS	0.0000	0.0000	0.0000	0.0000	1.0000	1.0000	SAS	0.0088	0.0000	0.0000	0.3789	0.6123	0.6123	SAS	1	1
HGDP00531	HGDP	French	EUR	EUR	0.0000	0.0000	0.0000	1.0000	0.0000	1.0000	EUR	0.0000	0.0000	0.0000	1.0000	0.0000	1.0000	EUR	1	1
HGDP00458	HGDP	BiakaPygmy	AFR	-	1.0000	0.0000	0.0000	0.0000	0.0000	1.0000	AFR	1.0000	0.0000	0.0000	0.0000	0.0000	1.0000	AFR	1	1
HGDP00856	HGDP	Maya	AMR	-	0.0000	0.9410	0.0034	0.0468	0.0088	0.9410	AMR	0.0000	0.9416	0.0021	0.0465	0.0098	0.9416	AMR	1	1
HGDP00407	HGDP	Burusho	NA	-	0.0000	0.0057	0.1060	0.2223	0.6660	0.6660	SAS	0.0000	0.0060	0.1051	0.2709	0.6180	0.6180	SAS	1	0
LP6005441-DNA_F02	HGDP	Bedouin	NA	-	0.0755	0.0000	0.0000	0.8476	0.0768	0.8476	EUR	0.0761	0.0000	0.0000	0.8572	0.0666	0.8572	EUR	1	0
HGDP01187	HGDP	Yi	EAS	-	0.0000	0.0000	1.0000	0.0000	0.0000	1.0000	EAS	0.0000	0.0000	1.0000	0.0000	0.0000	1.0000	EAS	1	1
HGDP00794	HGDP	Orcadian	EUR	EUR	0.0000	0.0000	0.0000	1.0000	0.0000	1.0000	EUR	0.0000	0.0000	0.0000	1.0000	0.0000	1.0000	EUR	1	1
HGDP01072	HGDP	Sardinian	EUR	-	0.0000	0.0000	0.0000	1.0000	0.0000	1.0000	EUR	0.0000	0.0000	0.0000	1.0000	0.0000	1.0000	EUR	1	1
LP6005443-DNA_D02	HGDP	Yakut	EAS	-	0.0000	0.0718	0.7960	0.0850	0.0473	0.7960	EAS	0.0000	0.0753	0.7858	0.0924	0.0464	0.7858	EAS	1	0
LP6005441-DNA_G06	HGDP	Karitiana	AMR	-	0.0000	1.0000	0.0000	0.0000	0.0000	1.0000	AMR	0.0000	1.0000	0.0000	0.0000	0.0000	1.0000	AMR	1	1
LP6005443-DNA_D01	HGDP	Druze	NA	-	0.0316	0.0000	0.0000	0.8370	0.1314	0.8370	EUR	0.0322	0.0000	0.0000	0.8517	0.1160	0.8517	EUR	1	0
HGDP00326	HGDP	Kalash	NA	-	0.0000	0.0006	0.0000	0.3073	0.6921	0.6921	SAS	0.0000	0.0009	0.0000	0.3611	0.6379	0.6379	SAS	1	0
LP6005441-DNA_A08	HGDP	MbutiPygmy	AFR	-	1.0000	0.0000	0.0000	0.0000	0.0000	1.0000	AFR	1.0000	0.0000	0.0000	0.0000	0.0000	1.0000	AFR	1	1
HGDP00192	HGDP	Sindhi	SAS	SAS	0.0000	0.0000	0.0000	0.0000	1.0000	1.0000	SAS	0.0000	0.0000	0.0000	0.2338	0.7661	0.7661	SAS	1	1
HGDP00637	HGDP	Bedouin	NA	-	0.1190	0.0000	0.0000	0.7777	0.1032	0.7777	EUR	0.1197	0.0000	0.0000	0.7885	0.0918	0.7885	EUR	1	0
HGDP00145	HGDP	Makrani	SAS	SAS	0.0000	0.0000	0.0000	0.0000	1.0000	1.0000	SAS	0.0414	0.0000	0.0000	0.4310	0.5276	0.5276	SAS	1	1
HGDP00298	HGDP	Kalash	NA	-	0.0000	0.0000	0.0000	0.3166	0.6833	0.6833	SAS	0.0000	0.0000	0.0000	0.3701	0.6298	0.6298	SAS	1	0
HGDP00376	HGDP	Burusho	NA	-	0.0000	0.0023	0.0866	0.1546	0.7565	0.7565	SAS	0.0000	0.0025	0.0857	0.2078	0.7040	0.7040	SAS	1	0
HGDP01299	HGDP	Uygur	EAS	-	0.0000	0.0170	0.4405	0.3366	0.2060	0.4405	EAS	0.0000	0.0179	0.4389	0.3539	0.1893	0.4389	EAS	1	0
HGDP00714	HGDP	Cambodian	EAS	-	0.0000	0.0000	0.9228	0.0000	0.0771	0.9228	EAS	0.0000	0.0000	0.9184	0.0000	0.0816	0.9184	EAS	1	0
HGDP01377	HGDP	Basque	EUR	-	0.0000	0.0000	0.0000	1.0000	0.0000	1.0000	EUR	0.0000	0.0000	0.0000	1.0000	0.0000	1.0000	EUR	1	1
HGDP01265	HGDP	Mozabite	NA	-	0.2405	0.0000	0.0000	0.7595	0.0000	0.7595	EUR	0.2409	0.0000	0.0000	0.7591	0.0000	0.7591	EUR	1	0
HGDP00929	HGDP	Yoruba	AFR	AFR	1.0000	0.0000	0.0000	0.0000	0.0000	1.0000	AFR	1.0000	0.0000	0.0000	0.0000	0.0000	1.0000	AFR	1	1
HGDP00054	HGDP	Balochi	NA	-	0.0000	0.0000	0.0000	0.3935	0.6065	0.6065	SAS	0.0000	0.0000	0.0000	0.4500	0.5500	0.5500	SAS	1	0
HGDP00539	HGDP	French	EUR	EUR	0.0000	0.0000	0.0000	1.0000	0.0000	1.0000	EUR	0.0000	0.0000	0.0000	1.0000	0.0000	1.0000	EUR	1	1
HGDP00891	HGDP	Russian	EUR	EUR	0.0000	0.0000	0.0000	1.0000	0.0000	1.0000	EUR	0.0000	0.0121	0.0788	0.9090	0.0000	0.9090	EUR	1	1
HGDP01227	HGDP	Mongola	EAS	-	0.0000	0.0137	0.9112	0.0542	0.0210	0.9112	EAS	0.0000	0.0148	0.9076	0.0575	0.0200	0.9076	EAS	1	0
HGDP00098	HGDP	Balochi	SAS	SAS	0.0000	0.0000	0.0000	0.0000	1.0000	1.0000	SAS	0.0353	0.0000	0.0000	0.3444	0.6203	0.6203	SAS	1	1
HGDP01296	HGDP	Han	EAS	-	0.0000	0.0014	0.9668	0.0225	0.0093	0.9668	EAS	0.0000	0.0028	0.9636	0.0244	0.0091	0.9636	EAS	1	1
HGDP01171	HGDP	Italian	EUR	-	0.0000	0.0000	0.0000	1.0000	0.0000	1.0000	EUR	0.0000	0.0000	0.0000	1.0000	0.0000	1.0000	EUR	1	1
HGDP00606	HGDP	Druze	NA	-	0.0350	0.0000	0.0000	0.8350	0.1300	0.8350	EUR	0.0355	0.0000	0.0000	0.8480	0.1165	0.8480	EUR	1	0
LP6005441-DNA_D09	HGDP	Orcadian	EUR	-	0.0000	0.0000	0.0000	1.0000	0.0000	1.0000	EUR	0.0000	0.0000	0.0000	1.0000	0.0000	1.0000	EUR	1	1
HGDP01027	HGDP	Melanesian	NA	-	0.0397	0.0000	0.5021	0.0000	0.4581	0.5021	EAS	0.0369	0.0000	0.4808	0.0000	0.4822	0.4822	SAS	0	0
HGDP01197	HGDP	Miao	EAS	-	0.0000	0.0000	1.0000	0.0000	0.0000	1.0000	EAS	0.0000	0.0000	1.0000	0.0000	0.0000	1.0000	EAS	1	1
LP6005441-DNA_G05	HGDP	Hezhen	EAS	-	0.0000	0.0431	0.9307	0.0125	0.0137	0.9307	EAS	0.0000	0.0456	0.9255	0.0151	0.0138	0.9255	EAS	1	1
HGDP00579	HGDP	Druze	NA	-	0.0240	0.0000	0.0000	0.8606	0.1154	0.8606	EUR	0.0246	0.0000	0.0000	0.8738	0.1016	0.8738	EUR	1	0
HGDP00888	HGDP	Russian	EUR	-	0.0000	0.0067	0.0539	0.9393	0.0000	0.9393	EUR	0.0000	0.0073	0.0553	0.9374	0.0000	0.9374	EUR	1	1
HGDP00740	HGDP	Palestinian	NA	-	0.0720	0.0000	0.0000	0.8261	0.1019	0.8261	EUR	0.0726	0.0000	0.0000	0.8378	0.0896	0.8378	EUR	1	0
HGDP00870	HGDP	Maya	AMR	-	0.0000	0.9254	0.0000	0.0746	0.0000	0.9254	AMR	0.0000	0.9258	0.0000	0.0741	0.0000	0.9258	AMR	1	0
LP6005441-DNA_D12	HGDP	Tu	EAS	-	0.0000	0.0057	0.9229	0.0465	0.0249	0.9229	EAS	0.0000	0.0066	0.9198	0.0498	0.0238	0.9198	EAS	1	0
HGDP01063	HGDP	Sardinian	EUR	-	0.0000	0.0000	0.0000	1.0000	0.0000	1.0000	EUR	0.0000	0.0000	0.0000	1.0000	0.0000	1.0000	EUR	1	1
HGDP01290	HGDP	Han	EAS	-	0.0000	0.0024	0.9716	0.0130	0.0129	0.9716	EAS	0.0000	0.0032	0.9690	0.0152	0.0127	0.9690	EAS	1	1
HGDP00817	HGDP	Han	EAS	EAS	0.0000	0.0000	1.0000	0.0000	0.0000	1.0000	EAS	0.0000	0.0000	1.0000	0.0000	0.0000	1.0000	EAS	1	1
HGDP00994	HGDP	BantuSouthAfrica	AFR	-	1.0000	0.0000	0.0000	0.0000	0.0000	1.0000	AFR	1.0000	0.0000	0.0000	0.0000	0.0000	1.0000	AFR	1	1
HGDP01305	HGDP	Uygur	EAS	-	0.0000	0.0132	0.4922	0.2750	0.2195	0.4922	EAS	0.0000	0.0141	0.4902	0.2931	0.2026	0.4902	EAS	1	0
HGDP01074	HGDP	Sardinian	EUR	-	0.0000	0.0000	0.0000	1.0000	0.0000	1.0000	EUR	0.0000	0.0000	0.0000	1.0000	0.0000	1.0000	EUR	1	1
HGDP00720	HGDP	Cambodian	EAS	-	0.0000	0.0000	1.0000	0.0000	0.0000	1.0000	EAS	0.0000	0.0000	1.0000	0.0000	0.0000	1.0000	EAS	1	1
HGDP00972	HGDP	Han	EAS	-	0.0000	0.0000	1.0000	0.0000	0.0000	1.0000	EAS	0.0000	0.0000	1.0000	0.0000	0.0000	1.0000	EAS	1	1
HGDP01245	HGDP	Xibo	EAS	-	0.0000	0.0178	0.9354	0.0288	0.0181	0.9354	EAS	0.0000	0.0195	0.9311	0.0321	0.0173	0.9311	EAS	1	1
HGDP00859	HGDP	Maya	AMR	-	0.0034	0.9370	0.0071	0.0525	0.0000	0.9370	AMR	0.0036	0.9376	0.0064	0.0521	0.0003	0.9376	AMR	1	1
HGDP01373	HGDP	Basque	EUR	-	0.0000	0.0000	0.0000	1.0000	0.0000	1.0000	EUR	0.0000	0.0000	0.0000	1.0000	0.0000	1.0000	EUR	1	1
HGDP01050	HGDP	Pima	AMR	-	0.0000	0.9294	0.0231	0.0475	0.0000	0.9294	AMR	0.0000	0.9302	0.0225	0.0473	0.0000	0.9302	AMR	1	0
HGDP00041	HGDP	Brahui	NA	-	0.0000	0.0000	0.0000	0.3766	0.6233	0.6233	SAS	0.0000	0.0000	0.0000	0.4312	0.5688	0.5688	SAS	1	0
HGDP01326	HGDP	Lahu	EAS	-	0.0000	0.0000	1.0000	0.0000	0.0000	1.0000	EAS	0.0000	0.0000	1.0000	0.0000	0.0000	1.0000	EAS	1	1
HGDP01202	HGDP	Mandenka	AFR	AFR	1.0000	0.0000	0.0000	0.0000	0.0000	1.0000	AFR	1.0000	0.0000	0.0000	0.0000	0.0000	1.0000	AFR	1	1
HGDP00546	HGDP	Papuan	NA	-	0.0453	0.0000	0.3160	0.0000	0.6387	0.6387	SAS	0.0418	0.0000	0.2886	0.0000	0.6696	0.6696	SAS	1	0
HGDP00611	HGDP	Bedouin	NA	-	0.1865	0.0000	0.0000	0.7321	0.0814	0.7321	EUR	0.1872	0.0000	0.0000	0.7411	0.0717	0.7411	EUR	1	0
LP6005442-DNA_B01	HGDP	Uygur	EAS	-	0.0000	0.0211	0.4419	0.3277	0.2093	0.4419	EAS	0.0000	0.0219	0.4404	0.3454	0.1923	0.4404	EAS	1	0
HGDP00966	HGDP	Yakut	EAS	EAS	0.0000	0.0000	1.0000	0.0000	0.0000	1.0000	EAS	0.0000	0.0675	0.7569	0.1489	0.0267	0.7569	EAS	1	1
HGDP00199	HGDP	Sindhi	SAS	SAS	0.0000	0.0000	0.0000	0.0000	1.0000	1.0000	SAS	0.0032	0.0000	0.0000	0.3712	0.6256	0.6256	SAS	1	1
HGDP01405	HGDP	BantuKenya	AFR	AFR	1.0000	0.0000	0.0000	0.0000	0.0000	1.0000	AFR	1.0000	0.0000	0.0000	0.0000	0.0000	1.0000	AFR	1	1
LP6005443-DNA_G02	HGDP	BantuSouthAfrica	AFR	-	1.0000	0.0000	0.0000	0.0000	0.0000	1.0000	AFR	1.0000	0.0000	0.0000	0.0000	0.0000	1.0000	AFR	1	1
HGDP01412	HGDP	BantuKenya	AFR	AFR	1.0000	0.0000	0.0000	0.0000	0.0000	1.0000	AFR	1.0000	0.0000	0.0000	0.0000	0.0000	1.0000	AFR	1	1
HGDP00155	HGDP	Makrani	SAS	SAS	0.0000	0.0000	0.0000	0.0000	1.0000	1.0000	SAS	0.0184	0.0000	0.0000	0.4548	0.5269	0.5269	SAS	1	1
HGDP00070	HGDP	Balochi	SAS	SAS	0.0000	0.0000	0.0000	0.0000	1.0000	1.0000	SAS	0.0000	0.0012	0.0154	0.1610	0.8223	0.8223	SAS	1	1
LP6005441-DNA_E10	HGDP	Pima	AMR	-	0.0000	0.9562	0.0437	0.0000	0.0000	0.9562	AMR	0.0000	0.9569	0.0431	0.0000	0.0000	0.9569	AMR	1	1
HGDP01404	HGDP	Adygei	EUR	-	0.0000	0.0041	0.0636	0.7509	0.1814	0.7509	EUR	0.0000	0.0044	0.0646	0.7699	0.1610	0.7699	EUR	1	0
HGDP00701	HGDP	Bedouin	NA	-	0.0728	0.0000	0.0000	0.8636	0.0635	0.8636	EUR	0.0735	0.0000	0.0000	0.8723	0.0542	0.8723	EUR	1	0
HGDP00072	HGDP	Balochi	NA	-	0.0000	0.0000	0.0000	0.3582	0.6418	0.6418	SAS	0.0000	0.0000	0.0000	0.4174	0.5826	0.5826	SAS	1	0
LP6005441-DNA_H02	HGDP	BiakaPygmy	AFR	-	1.0000	0.0000	0.0000	0.0000	0.0000	1.0000	AFR	1.0000	0.0000	0.0000	0.0000	0.0000	1.0000	AFR	1	1
HGDP00747	HGDP	Japanese	EAS	EAS	0.0000	0.0000	1.0000	0.0000	0.0000	1.0000	EAS	0.0000	0.0000	1.0000	0.0000	0.0000	1.0000	EAS	1	1
HGDP01362	HGDP	Basque	EUR	-	0.0000	0.0000	0.0000	1.0000	0.0000	1.0000	EUR	0.0000	0.0000	0.0000	1.0000	0.0000	1.0000	EUR	1	1
HGDP01238	HGDP	Hezhen	EAS	-	0.0000	0.0164	0.9333	0.0407	0.0096	0.9333	EAS	0.0000	0.0179	0.9295	0.0435	0.0092	0.9295	EAS	1	1
HGDP01301	HGDP	Uygur	EAS	-	0.0000	0.0180	0.4473	0.2963	0.2385	0.4473	EAS	0.0000	0.0188	0.4457	0.3160	0.2195	0.4457	EAS	1	0
HGDP01024	HGDP	Han	EAS	-	0.0000	0.0000	1.0000	0.0000	0.0000	1.0000	EAS	0.0000	0.0000	1.0000	0.0000	0.0000	1.0000	EAS	1	1
LP6005441-DNA_E09	HGDP	Oroqen	EAS	-	0.0000	0.0671	0.9023	0.0306	0.0000	0.9023	EAS	0.0000	0.0698	0.8966	0.0326	0.0010	0.8966	EAS	1	0
HGDP00731	HGDP	Palestinian	NA	-	0.1231	0.0000	0.0000	0.7914	0.0855	0.7914	EUR	0.1237	0.0000	0.0000	0.8011	0.0751	0.8011	EUR	1	0
HGDP01231	HGDP	Mongola	EAS	-	0.0000	0.0152	0.9438	0.0344	0.0066	0.9438	EAS	0.0000	0.0169	0.9393	0.0364	0.0074	0.9393	EAS	1	1
HGDP00460	HGDP	BiakaPygmy	AFR	-	1.0000	0.0000	0.0000	0.0000	0.0000	1.0000	AFR	1.0000	0.0000	0.0000	0.0000	0.0000	1.0000	AFR	1	1
HGDP00568	HGDP	Druze	NA	-	0.0261	0.0000	0.0000	0.8253	0.1485	0.8253	EUR	0.0269	0.0000	0.0000	0.8415	0.1316	0.8415	EUR	1	0
HGDP00082	HGDP	Balochi	NA	-	0.0000	0.0000	0.0000	0.3824	0.6176	0.6176	SAS	0.0000	0.0000	0.0000	0.4356	0.5644	0.5644	SAS	1	0
HGDP01236	HGDP	Hezhen	EAS	-	0.0000	0.0178	0.9792	0.0030	0.0000	0.9792	EAS	0.0000	0.0193	0.9734	0.0073	0.0000	0.9734	EAS	1	1
HGDP00009	HGDP	Brahui	NA	-	0.0067	0.0000	0.0000	0.3668	0.6265	0.6265	SAS	0.0082	0.0000	0.0000	0.4234	0.5684	0.5684	SAS	1	0
HGDP00115	HGDP	Hazara	NA	-	0.0000	0.0250	0.4582	0.2724	0.2444	0.4582	EAS	0.0000	0.0258	0.4563	0.2922	0.2256	0.4563	EAS	1	0
HGDP00534	HGDP	French	EUR	EUR	0.0000	0.0000	0.0000	1.0000	0.0000	1.0000	EUR	0.0000	0.0000	0.0000	1.0000	0.0000	1.0000	EUR	1	1
HGDP01162	HGDP	Tuscan	EUR	-	0.0000	0.0000	0.0000	0.9942	0.0058	0.9942	EUR	0.0000	0.0000	0.0000	0.9955	0.0045	0.9955	EUR	1	1
HGDP00935	HGDP	Yoruba	AFR	AFR	1.0000	0.0000	0.0000	0.0000	0.0000	1.0000	AFR	1.0000	0.0000	0.0000	0.0000	0.0000	1.0000	AFR	1	1
HGDP00698	HGDP	Palestinian	NA	-	0.0898	0.0000	0.0000	0.7996	0.1106	0.7996	EUR	0.0905	0.0000	0.0000	0.8115	0.0980	0.8115	EUR	1	0
HGDP00762	HGDP	Japanese	EAS	EAS	0.0000	0.0000	1.0000	0.0000	0.0000	1.0000	EAS	0.0000	0.0000	1.0000	0.0000	0.0000	1.0000	EAS	1	1
HGDP00832	HGDP	Surui	AMR	-	0.0000	1.0000	0.0000	0.0000	0.0000	1.0000	AMR	0.0000	1.0000	0.0000	0.0000	0.0000	1.0000	AMR	1	1
HGDP00146	HGDP	Makrani	NA	-	0.0226	0.0000	0.0000	0.4192	0.5582	0.5582	SAS	0.0238	0.0000	0.0000	0.4696	0.5066	0.5066	SAS	1	0
HGDP01283	HGDP	Mandenka	AFR	AFR	1.0000	0.0000	0.0000	0.0000	0.0000	1.0000	AFR	0.9927	0.0000	0.0000	0.0072	0.0000	0.9927	AFR	1	1
HGDP01360	HGDP	Basque	EUR	-	0.0000	0.0000	0.0000	1.0000	0.0000	1.0000	EUR	0.0000	0.0000	0.0000	1.0000	0.0000	1.0000	EUR	1	1
HGDP01195	HGDP	Miao	EAS	-	0.0000	0.0000	1.0000	0.0000	0.0000	1.0000	EAS	0.0000	0.0000	1.0000	0.0000	0.0000	1.0000	EAS	1	1
HGDP00900	HGDP	Russian	EUR	-	0.0000	0.0073	0.0370	0.9557	0.0000	0.9557	EUR	0.0000	0.0076	0.0384	0.9540	0.0000	0.9540	EUR	1	1
LP6005442-DNA_H01	HGDP	Yi	EAS	-	0.0000	0.0000	1.0000	0.0000	0.0000	1.0000	EAS	0.0000	0.0000	1.0000	0.0000	0.0000	1.0000	EAS	1	1
HGDP01276	HGDP	Mozabite	NA	-	0.2745	0.0000	0.0000	0.7255	0.0000	0.7255	EUR	0.2748	0.0000	0.0000	0.7252	0.0000	0.7252	EUR	1	0
LP6005441-DNA_A05	HGDP	French	EUR	-	0.0000	0.0000	0.0000	1.0000	0.0000	1.0000	EUR	0.0000	0.0000	0.0000	1.0000	0.0000	1.0000	EUR	1	1
HGDP00007	HGDP	Brahui	NA	-	0.0000	0.0000	0.0000	0.3509	0.6491	0.6491	SAS	0.0000	0.0000	0.0000	0.4115	0.5884	0.5884	SAS	1	0
HGDP00515	HGDP	French	EUR	EUR	0.0000	0.0000	0.0000	1.0000	0.0000	1.0000	EUR	0.0000	0.0000	0.0000	1.0000	0.0000	1.0000	EUR	1	1
HGDP00629	HGDP	Bedouin	NA	-	0.1082	0.0000	0.0000	0.7772	0.1146	0.7772	EUR	0.1089	0.0000	0.0000	0.7894	0.1017	0.7894	EUR	1	0
HGDP01380	HGDP	Basque	EUR	-	0.0000	0.0000	0.0000	1.0000	0.0000	1.0000	EUR	0.0000	0.0000	0.0000	1.0000	0.0000	1.0000	EUR	1	1
HGDP01010	HGDP	Karitiana	AMR	-	0.0000	1.0000	0.0000	0.0000	0.0000	1.0000	AMR	0.0000	1.0000	0.0000	0.0000	0.0000	1.0000	AMR	1	1
HGDP00735	HGDP	Palestinian	NA	-	0.0771	0.0000	0.0000	0.8098	0.1130	0.8098	EUR	0.0777	0.0000	0.0000	0.8220	0.1003	0.8220	EUR	1	0
HGDP01384	HGDP	Adygei	EUR	-	0.0000	0.0062	0.0718	0.7323	0.1897	0.7323	EUR	0.0000	0.0066	0.0727	0.7499	0.1707	0.7499	EUR	1	0
HGDP00937	HGDP	Yoruba	AFR	AFR	1.0000	0.0000	0.0000	0.0000	0.0000	1.0000	AFR	1.0000	0.0000	0.0000	0.0000	0.0000	1.0000	AFR	1	1
HGDP00638	HGDP	Bedouin	NA	-	0.1486	0.0000	0.0000	0.7691	0.0823	0.7691	EUR	0.1491	0.0000	0.0000	0.7776	0.0732	0.7776	EUR	1	0
HGDP01229	HGDP	Mongola	EAS	-	0.0000	0.0390	0.8096	0.1077	0.0437	0.8096	EAS	0.0000	0.0410	0.8050	0.1127	0.0414	0.8050	EAS	1	0
HGDP00950	HGDP	Yakut	EAS	-	0.0000	0.0548	0.7253	0.1988	0.0211	0.7253	EAS	0.0000	0.0579	0.7183	0.2029	0.0209	0.7183	EAS	1	0
HGDP00153	HGDP	Makrani	SAS	SAS	0.0000	0.0000	0.0000	0.0000	1.0000	1.0000	SAS	0.0799	0.0000	0.0000	0.4192	0.5009	0.5009	SAS	1	1
HGDP00351	HGDP	Burusho	NA	-	0.0000	0.0072	0.0811	0.2081	0.7036	0.7036	SAS	0.0000	0.0073	0.0807	0.2607	0.6513	0.6513	SAS	1	0
LP6005443-DNA_F07	HGDP	Papuan	NA	-	0.0468	0.0000	0.3202	0.0000	0.6330	0.6330	SAS	0.0430	0.0000	0.2924	0.0000	0.6646	0.6646	SAS	1	0
LP6005441-DNA_E05	HGDP	Hazara	NA	-	0.0000	0.0165	0.4528	0.2721	0.2586	0.4528	EAS	0.0000	0.0174	0.4510	0.2933	0.2384	0.4510	EAS	1	0
HGDP00049	HGDP	Brahui	SAS	SAS	0.0000	0.0000	0.0000	0.0000	1.0000	1.0000	SAS	0.0138	0.0000	0.0000	0.4067	0.5795	0.5795	SAS	1	1
HGDP00655	HGDP	Melanesian	NA	-	0.0369	0.0000	0.5124	0.0000	0.4507	0.5124	EAS	0.0342	0.0000	0.4915	0.0000	0.4743	0.4915	EAS	1	0
HGDP00893	HGDP	Russian	EUR	-	0.0000	0.0136	0.0798	0.9031	0.0034	0.9031	EUR	0.0000	0.0142	0.0812	0.9013	0.0032	0.9013	EUR	1	0
HGDP00086	HGDP	Balochi	NA	-	0.0000	0.0000	0.0000	0.3616	0.6384	0.6384	SAS	0.0000	0.0000	0.0000	0.4218	0.5781	0.5781	SAS	1	0
LP6005441-DNA_D11	HGDP	Sardinian	EUR	-	0.0000	0.0000	0.0000	1.0000	0.0000	1.0000	EUR	0.0000	0.0000	0.0000	1.0000	0.0000	1.0000	EUR	1	1
HGDP00902	HGDP	Russian	EUR	-	0.0000	0.0087	0.0661	0.9249	0.0002	0.9249	EUR	0.0000	0.0093	0.0674	0.9229	0.0005	0.9229	EUR	1	0
HGDP00954	HGDP	Yakut	EAS	-	0.0000	0.0684	0.7988	0.0896	0.0432	0.7988	EAS	0.0000	0.0722	0.7892	0.0966	0.0420	0.7892	EAS	1	0
SS6004476	HGDP	Karitiana	AMR	-	0.0000	1.0000	0.0000	0.0000	0.0000	1.0000	AMR	0.0000	1.0000	0.0000	0.0000	0.0000	1.0000	AMR	1	1
HGDP00388	HGDP	Burusho	NA	-	0.0000	0.0032	0.0825	0.2186	0.6957	0.6957	SAS	0.0000	0.0033	0.0820	0.2701	0.6446	0.6446	SAS	1	0
LP6005592-DNA_C03	HGDP	MbutiPygmy	AFR	-	1.0000	0.0000	0.0000	0.0000	0.0000	1.0000	AFR	1.0000	0.0000	0.0000	0.0000	0.0000	1.0000	AFR	1	1
HGDP00685	HGDP	Palestinian	NA	-	0.1245	0.0000	0.0000	0.7888	0.0867	0.7888	EUR	0.1252	0.0000	0.0000	0.7985	0.0763	0.7985	EUR	1	0
LP6005441-DNA_F09	HGDP	Oroqen	EAS	-	0.0000	0.0766	0.8914	0.0236	0.0083	0.8914	EAS	0.0000	0.0795	0.8841	0.0259	0.0104	0.8841	EAS	1	0
HGDP01285	HGDP	Mandenka	AFR	AFR	1.0000	0.0000	0.0000	0.0000	0.0000	1.0000	AFR	1.0000	0.0000	0.0000	0.0000	0.0000	1.0000	AFR	1	1
HGDP00003	HGDP	Brahui	SAS	SAS	0.0000	0.0000	0.0000	0.0000	1.0000	1.0000	SAS	0.0041	0.0000	0.0000	0.4257	0.5701	0.5701	SAS	1	1
HGDP01059	HGDP	Pima	AMR	-	0.0000	0.9327	0.0673	0.0000	0.0000	0.9327	AMR	0.0000	0.9335	0.0665	0.0000	0.0000	0.9335	AMR	1	1
HGDP00279	HGDP	Kalash	NA	-	0.0000	0.0000	0.0155	0.3313	0.6531	0.6531	SAS	0.0000	0.0001	0.0155	0.3818	0.6026	0.6026	SAS	1	0
HGDP00037	HGDP	Brahui	SAS	SAS	0.0000	0.0000	0.0000	0.0000	1.0000	1.0000	SAS	0.0013	0.0000	0.0000	0.4391	0.5595	0.5595	SAS	1	1
LP6005441-DNA_F12	HGDP	Tujia	EAS	-	0.0000	0.0000	1.0000	0.0000	0.0000	1.0000	EAS	0.0000	0.0000	1.0000	0.0000	0.0000	1.0000	EAS	1	1
HGDP00330	HGDP	Kalash	NA	-	0.0000	0.0019	0.0000	0.3046	0.6935	0.6935	SAS	0.0000	0.0020	0.0000	0.3580	0.6399	0.6399	SAS	1	0
HGDP00189	HGDP	Sindhi	SAS	SAS	0.0000	0.0000	0.0000	0.0000	1.0000	1.0000	SAS	0.0000	0.0000	0.0042	0.2938	0.7020	0.7020	SAS	1	1
HGDP01224	HGDP	Mongola	EAS	-	0.0000	0.0184	0.9310	0.0377	0.0128	0.9310	EAS	0.0000	0.0198	0.9268	0.0409	0.0124	0.9268	EAS	1	1
HGDP00739	HGDP	Palestinian	NA	-	0.1183	0.0000	0.0000	0.7512	0.1305	0.7512	EUR	0.1191	0.0000	0.0000	0.7645	0.1164	0.7645	EUR	1	0
HGDP00654	HGDP	Bedouin	NA	-	0.0675	0.0000	0.0054	0.7643	0.1628	0.7643	EUR	0.0682	0.0000	0.0063	0.7806	0.1448	0.7806	EUR	1	0
HGDP01291	HGDP	Han	EAS	-	0.0000	0.0000	0.9849	0.0134	0.0017	0.9849	EAS	0.0000	0.0004	0.9819	0.0157	0.0019	0.9819	EAS	1	1
HGDP01087	HGDP	BiakaPygmy	AFR	-	1.0000	0.0000	0.0000	0.0000	0.0000	1.0000	AFR	1.0000	0.0000	0.0000	0.0000	0.0000	1.0000	AFR	1	1
HGDP01321	HGDP	Lahu	EAS	-	0.0000	0.0000	1.0000	0.0000	0.0000	1.0000	EAS	0.0000	0.0000	1.0000	0.0000	0.0000	1.0000	EAS	1	1
HGDP01416	HGDP	BantuKenya	AFR	-	0.9137	0.0000	0.0000	0.0729	0.0133	0.9137	AFR	0.9136	0.0000	0.0000	0.0742	0.0121	0.9136	AFR	1	0
HGDP00761	HGDP	Japanese	EAS	EAS	0.0000	0.0000	1.0000	0.0000	0.0000	1.0000	EAS	0.0000	0.0000	1.0000	0.0000	0.0000	1.0000	EAS	1	1
HGDP00828	HGDP	Japanese	EAS	EAS	0.0000	0.0000	1.0000	0.0000	0.0000	1.0000	EAS	0.0000	0.0000	1.0000	0.0000	0.0000	1.0000	EAS	1	1
HGDP00304	HGDP	Kalash	NA	-	0.0000	0.0007	0.0021	0.3178	0.6793	0.6793	SAS	0.0000	0.0008	0.0027	0.3705	0.6259	0.6259	SAS	1	0
HGDP01374	HGDP	Basque	EUR	-	0.0000	0.0000	0.0000	1.0000	0.0000	1.0000	EUR	0.0000	0.0000	0.0000	1.0000	0.0000	1.0000	EUR	1	1
HGDP01065	HGDP	Sardinian	EUR	-	0.0000	0.0000	0.0000	1.0000	0.0000	1.0000	EUR	0.0000	0.0000	0.0000	1.0000	0.0000	1.0000	EUR	1	1
HGDP01180	HGDP	Yi	EAS	-	0.0000	0.0000	1.0000	0.0000	0.0000	1.0000	EAS	0.0000	0.0000	1.0000	0.0000	0.0000	1.0000	EAS	1	1
LP6005441-DNA_G08	HGDP	Mozabite	NA	-	0.2476	0.0000	0.0000	0.7523	0.0000	0.7523	EUR	0.2480	0.0000	0.0000	0.7520	0.0000	0.7520	EUR	1	0
HGDP01370	HGDP	Basque	EUR	-	0.0000	0.0000	0.0000	1.0000	0.0000	1.0000	EUR	0.0000	0.0000	0.0000	1.0000	0.0000	1.0000	EUR	1	1
HGDP00781	HGDP	Han	EAS	EAS	0.0000	0.0000	1.0000	0.0000	0.0000	1.0000	EAS	0.0000	0.0000	1.0000	0.0000	0.0000	1.0000	EAS	1	1
LP6005592-DNA_B03	HGDP	Palestinian	NA	-	0.0797	0.0000	0.0000	0.7924	0.1279	0.7924	EUR	0.0804	0.0000	0.0000	0.8060	0.1135	0.8060	EUR	1	0
HGDP01259	HGDP	Mozabite	NA	-	0.2652	0.0000	0.0000	0.7348	0.0000	0.7348	EUR	0.2655	0.0000	0.0000	0.7344	0.0000	0.7344	EUR	1	0
HGDP00068	HGDP	Balochi	SAS	SAS	0.0000	0.0000	0.0000	0.0000	1.0000	1.0000	SAS	0.0000	0.0029	0.0370	0.4151	0.5449	0.5449	SAS	1	1
HGDP01354	HGDP	Tu	EAS	-	0.0000	0.0031	0.9371	0.0393	0.0205	0.9371	EAS	0.0000	0.0038	0.9338	0.0424	0.0200	0.9338	EAS	1	1
HGDP00648	HGDP	Bedouin	NA	-	0.0811	0.0000	0.0000	0.8514	0.0675	0.8514	EUR	0.0817	0.0000	0.0000	0.8601	0.0582	0.8601	EUR	1	0
LP6005442-DNA_D01	HGDP	Xibo	EAS	-	0.0000	0.0078	0.9385	0.0510	0.0027	0.9385	EAS	0.0000	0.0092	0.9348	0.0529	0.0031	0.9348	EAS	1	1
HGDP00127	HGDP	Hazara	NA	-	0.0000	0.0171	0.4582	0.2994	0.2252	0.4582	EAS	0.0000	0.0181	0.4562	0.3174	0.2083	0.4562	EAS	1	0
HGDP00925	HGDP	Yoruba	AFR	AFR	1.0000	0.0000	0.0000	0.0000	0.0000	1.0000	AFR	1.0000	0.0000	0.0000	0.0000	0.0000	1.0000	AFR	1	1
HGDP01103	HGDP	Tujia	EAS	-	0.0000	0.0000	1.0000	0.0000	0.0000	1.0000	EAS	0.0000	0.0000	1.0000	0.0000	0.0000	1.0000	EAS	1	1
HGDP00877	HGDP	Maya	AMR	-	0.0000	0.8580	0.0081	0.1307	0.0031	0.8580	AMR	0.0000	0.8587	0.0075	0.1305	0.0033	0.8587	AMR	1	0
LP6005441-DNA_F06	HGDP	Kalash	NA	-	0.0000	0.0016	0.0000	0.3064	0.6920	0.6920	SAS	0.0000	0.0017	0.0000	0.3600	0.6383	0.6383	SAS	1	0
HGDP01375	HGDP	Basque	EUR	-	0.0000	0.0000	0.0000	1.0000	0.0000	1.0000	EUR	0.0000	0.0000	0.0000	1.0000	0.0000	1.0000	EUR	1	1
HGDP00822	HGDP	Han	EAS	EAS	0.0000	0.0000	1.0000	0.0000	0.0000	1.0000	EAS	0.0000	0.0000	1.0000	0.0000	0.0000	1.0000	EAS	1	1
HGDP00766	HGDP	Japanese	EAS	EAS	0.0000	0.0000	1.0000	0.0000	0.0000	1.0000	EAS	0.0000	0.0000	1.0000	0.0000	0.0000	1.0000	EAS	1	1
HGDP00890	HGDP	Russian	EUR	EUR	0.0000	0.0000	0.0000	1.0000	0.0000	1.0000	EUR	0.0000	0.0101	0.0719	0.9180	0.0000	0.9180	EUR	1	1
HGDP01249	HGDP	Xibo	EAS	-	0.0000	0.0151	0.9467	0.0350	0.0032	0.9467	EAS	0.0000	0.0166	0.9433	0.0365	0.0036	0.9433	EAS	1	1
HGDP00628	HGDP	Bedouin	NA	-	0.1013	0.0000	0.0000	0.7810	0.1178	0.7810	EUR	0.1019	0.0000	0.0000	0.7930	0.1050	0.7930	EUR	1	0
HGDP00700	HGDP	Palestinian	NA	-	0.1032	0.0000	0.0000	0.7850	0.1118	0.7850	EUR	0.1038	0.0000	0.0000	0.7966	0.0995	0.7966	EUR	1	0
LP6005441-DNA_C01	HGDP	Balochi	NA	-	0.0000	0.0000	0.0000	0.3182	0.6817	0.6817	SAS	0.0000	0.0000	0.0000	0.3745	0.6255	0.6255	SAS	1	0
HGDP00598	HGDP	Druze	NA	-	0.0338	0.0000	0.0000	0.8479	0.1183	0.8479	EUR	0.0343	0.0000	0.0000	0.8606	0.1051	0.8606	EUR	1	0
HGDP00060	HGDP	Balochi	SAS	SAS	0.0000	0.0000	0.0000	0.0000	1.0000	1.0000	SAS	0.1234	0.0000	0.0000	0.3848	0.4917	0.4917	SAS	1	1
HGDP00567	HGDP	Druze	NA	-	0.0257	0.0000	0.0000	0.8471	0.1272	0.8471	EUR	0.0263	0.0000	0.0000	0.8611	0.1127	0.8611	EUR	1	0
LP6005441-DNA_C11	HGDP	Sardinian	EUR	-	0.0000	0.0000	0.0000	1.0000	0.0000	1.0000	EUR	0.0012	0.0000	0.0000	0.9988	0.0000	0.9988	EUR	1	1
HGDP01342	HGDP	Naxi	EAS	-	0.0000	0.0000	1.0000	0.0000	0.0000	1.0000	EAS	0.0000	0.0005	0.9964	0.0000	0.0031	0.9964	EAS	1	1
HGDP00513	HGDP	French	EUR	EUR	0.0000	0.0000	0.0000	1.0000	0.0000	1.0000	EUR	0.0000	0.0000	0.0000	1.0000	0.0000	1.0000	EUR	1	1
LP6005441-DNA_E07	HGDP	Mandenka	AFR	AFR	1.0000	0.0000	0.0000	0.0000	0.0000	1.0000	AFR	1.0000	0.0000	0.0000	0.0000	0.0000	1.0000	AFR	1	1
HGDP00517	HGDP	French	EUR	EUR	0.0000	0.0000	0.0000	1.0000	0.0000	1.0000	EUR	0.0000	0.0000	0.0000	1.0000	0.0000	1.0000	EUR	1	1
HGDP00470	HGDP	BiakaPygmy	AFR	-	1.0000	0.0000	0.0000	0.0000	0.0000	1.0000	AFR	1.0000	0.0000	0.0000	0.0000	0.0000	1.0000	AFR	1	1
HGDP01262	HGDP	Mozabite	NA	-	0.2660	0.0000	0.0000	0.7339	0.0000	0.7339	EUR	0.2663	0.0000	0.0000	0.7337	0.0000	0.7337	EUR	1	0
HGDP00514	HGDP	French	EUR	EUR	0.0000	0.0000	0.0000	1.0000	0.0000	1.0000	EUR	0.0000	0.0000	0.0000	1.0000	0.0000	1.0000	EUR	1	1
HGDP01201	HGDP	Mandenka	AFR	AFR	1.0000	0.0000	0.0000	0.0000	0.0000	1.0000	AFR	1.0000	0.0000	0.0000	0.0000	0.0000	1.0000	AFR	1	1
HGDP01174	HGDP	Italian	EUR	-	0.0000	0.0000	0.0000	0.9950	0.0050	0.9950	EUR	0.0000	0.0000	0.0000	0.9943	0.0056	0.9943	EUR	1	1
HGDP01097	HGDP	Tujia	EAS	-	0.0000	0.0000	1.0000	0.0000	0.0000	1.0000	EAS	0.0000	0.0000	1.0000	0.0000	0.0000	1.0000	EAS	1	1
HGDP00696	HGDP	Palestinian	NA	-	0.0710	0.0000	0.0000	0.8226	0.1064	0.8226	EUR	0.0716	0.0000	0.0000	0.8344	0.0940	0.8344	EUR	1	0
LP6005441-DNA_D10	HGDP	Pathan	NA	-	0.0000	0.0000	0.0030	0.2320	0.7650	0.7650	SAS	0.0000	0.0001	0.0030	0.2882	0.7087	0.7087	SAS	1	0
HGDP00228	HGDP	Pathan	NA	-	0.0000	0.0007	0.0080	0.3017	0.6896	0.6896	SAS	0.0000	0.0008	0.0080	0.3527	0.6385	0.6385	SAS	1	0
HGDP00894	HGDP	Russian	EUR	-	0.0000	0.0138	0.0643	0.9163	0.0057	0.9163	EUR	0.0000	0.0142	0.0656	0.9156	0.0046	0.9156	EUR	1	0
LP6005441-DNA_H09	HGDP	Palestinian	NA	-	0.0768	0.0000	0.0000	0.8268	0.0964	0.8268	EUR	0.0774	0.0000	0.0000	0.8377	0.0849	0.8377	EUR	1	0
HGDP01214	HGDP	Daur	EAS	-	0.0000	0.0243	0.9007	0.0526	0.0225	0.9007	EAS	0.0000	0.0260	0.8962	0.0561	0.0217	0.8962	EAS	1	0
HGDP00571	HGDP	Druze	NA	-	0.0175	0.0000	0.0000	0.8496	0.1329	0.8496	EUR	0.0181	0.0000	0.0000	0.8639	0.1180	0.8639	EUR	1	0
HGDP00873	HGDP	Maya	AMR	-	0.0000	0.9687	0.0033	0.0166	0.0114	0.9687	AMR	0.0000	0.9693	0.0017	0.0165	0.0125	0.9693	AMR	1	1
HGDP00708	HGDP	Colombian	AMR	-	0.0000	1.0000	0.0000	0.0000	0.0000	1.0000	AMR	0.0000	1.0000	0.0000	0.0000	0.0000	1.0000	AMR	1	1
LP6005443-DNA_E01	HGDP	Lahu	EAS	-	0.0000	0.0000	1.0000	0.0000	0.0000	1.0000	EAS	0.0000	0.0000	1.0000	0.0000	0.0000	1.0000	EAS	1	1
HGDP00623	HGDP	Bedouin	NA	-	0.0995	0.0000	0.0000	0.8369	0.0636	0.8369	EUR	0.1001	0.0000	0.0000	0.8449	0.0550	0.8449	EUR	1	0
HGDP00254	HGDP	Pathan	NA	-	0.0000	0.0016	0.0187	0.3607	0.6190	0.6190	SAS	0.0000	0.0016	0.0190	0.4088	0.5707	0.5707	SAS	1	0
LP6005443-DNA_F02	HGDP	BantuSouthAfrica	AFR	-	1.0000	0.0000	0.0000	0.0000	0.0000	1.0000	AFR	1.0000	0.0000	0.0000	0.0000	0.0000	1.0000	AFR	1	1
HGDP01068	HGDP	Sardinian	EUR	-	0.0000	0.0000	0.0000	1.0000	0.0000	1.0000	EUR	0.0004	0.0000	0.0000	0.9995	0.0000	0.9995	EUR	1	1
HGDP00797	HGDP	Orcadian	EUR	EUR	0.0000	0.0000	0.0000	1.0000	0.0000	1.0000	EUR	0.0000	0.0000	0.0000	1.0000	0.0000	1.0000	EUR	1	1
HGDP00319	HGDP	Kalash	NA	-	0.0000	0.0010	0.0000	0.3032	0.6958	0.6958	SAS	0.0000	0.0011	0.0000	0.3567	0.6422	0.6422	SAS	1	0
HGDP00977	HGDP	Han	EAS	-	0.0000	0.0000	1.0000	0.0000	0.0000	1.0000	EAS	0.0000	0.0000	1.0000	0.0000	0.0000	1.0000	EAS	1	1
HGDP01019	HGDP	Karitiana	AMR	-	0.0000	1.0000	0.0000	0.0000	0.0000	1.0000	AMR	0.0000	1.0000	0.0000	0.0000	0.0000	1.0000	AMR	1	1
HGDP01397	HGDP	Adygei	EUR	-	0.0000	0.0021	0.0545	0.7557	0.1877	0.7557	EUR	0.0000	0.0023	0.0555	0.7738	0.1684	0.7738	EUR	1	0
HGDP01207	HGDP	Oroqen	EAS	-	0.0000	0.0404	0.9186	0.0406	0.0004	0.9186	EAS	0.0000	0.0426	0.9133	0.0424	0.0017	0.9133	EAS	1	0
HGDP00574	HGDP	Druze	NA	-	0.0250	0.0000	0.0000	0.8612	0.1137	0.8612	EUR	0.0256	0.0000	0.0000	0.8736	0.1008	0.8736	EUR	1	0
HGDP00767	HGDP	Japanese	EAS	EAS	0.0000	0.0000	1.0000	0.0000	0.0000	1.0000	EAS	0.0000	0.0000	1.0000	0.0000	0.0000	1.0000	EAS	1	1
HGDP01205	HGDP	Oroqen	EAS	-	0.0000	0.0348	0.9214	0.0401	0.0037	0.9214	EAS	0.0000	0.0371	0.9165	0.0420	0.0044	0.9165	EAS	1	0
HGDP00248	HGDP	Pathan	NA	-	0.0000	0.0027	0.0141	0.2809	0.7023	0.7023	SAS	0.0000	0.0028	0.0141	0.3334	0.6497	0.6497	SAS	1	0
HGDP00889	HGDP	Russian	EUR	-	0.0000	0.0114	0.0617	0.9268	0.0000	0.9268	EUR	0.0000	0.0121	0.0632	0.9247	0.0000	0.9247	EUR	1	0
HGDP00626	HGDP	Bedouin	NA	-	0.0921	0.0000	0.0000	0.7855	0.1223	0.7855	EUR	0.0928	0.0000	0.0000	0.7986	0.1086	0.7986	EUR	1	0
HGDP01021	HGDP	Han	EAS	-	0.0000	0.0000	1.0000	0.0000	0.0000	1.0000	EAS	0.0000	0.0000	1.0000	0.0000	0.0000	1.0000	EAS	1	1
HGDP01196	HGDP	Miao	EAS	-	0.0000	0.0000	1.0000	0.0000	0.0000	1.0000	EAS	0.0000	0.0000	1.0000	0.0000	0.0000	1.0000	EAS	1	1
HGDP01361	HGDP	Basque	EUR	-	0.0000	0.0000	0.0000	1.0000	0.0000	1.0000	EUR	0.0000	0.0000	0.0000	1.0000	0.0000	1.0000	EUR	1	1
LP6005441-DNA_D08	HGDP	Miao	EAS	-	0.0000	0.0000	1.0000	0.0000	0.0000	1.0000	EAS	0.0000	0.0000	1.0000	0.0000	0.0000	1.0000	EAS	1	1
HGDP01287	HGDP	Han	EAS	-	0.0000	0.0000	0.9808	0.0192	0.0000	0.9808	EAS	0.0000	0.0019	0.9773	0.0208	0.0000	0.9773	EAS	1	1
HGDP00549	HGDP	Papuan	NA	-	0.0498	0.0000	0.3115	0.0000	0.6386	0.6386	SAS	0.0461	0.0000	0.2834	0.0000	0.6705	0.6705	SAS	1	0
HGDP00952	HGDP	Yakut	EAS	-	0.0000	0.0617	0.7944	0.1190	0.0249	0.7944	EAS	0.0000	0.0650	0.7865	0.1235	0.0250	0.7865	EAS	1	0
HGDP01268	HGDP	Mozabite	NA	-	0.2500	0.0000	0.0000	0.7500	0.0000	0.7500	EUR	0.2503	0.0000	0.0000	0.7497	0.0000	0.7497	EUR	1	0
HGDP00537	HGDP	French	EUR	EUR	0.0000	0.0000	0.0000	1.0000	0.0000	1.0000	EUR	0.0000	0.0000	0.0000	1.0000	0.0000	1.0000	EUR	1	1
HGDP00750	HGDP	Japanese	EAS	EAS	0.0000	0.0000	1.0000	0.0000	0.0000	1.0000	EAS	0.0000	0.0000	1.0000	0.0000	0.0000	1.0000	EAS	1	1
HGDP01419	HGDP	BantuKenya	AFR	AFR	1.0000	0.0000	0.0000	0.0000	0.0000	1.0000	AFR	1.0000	0.0000	0.0000	0.0000	0.0000	1.0000	AFR	1	1
HGDP00134	HGDP	Makrani	SAS	SAS	0.0000	0.0000	0.0000	0.0000	1.0000	1.0000	SAS	0.0645	0.0000	0.0000	0.4281	0.5074	0.5074	SAS	1	1
LP6005443-DNA_C02	HGDP	Xibo	EAS	-	0.0000	0.0147	0.9441	0.0326	0.0085	0.9441	EAS	0.0000	0.0162	0.9408	0.0348	0.0083	0.9408	EAS	1	1
HGDP01066	HGDP	Sardinian	EUR	-	0.0053	0.0000	0.0000	0.9947	0.0000	0.9947	EUR	0.0057	0.0000	0.0000	0.9943	0.0000	0.9943	EUR	1	1
HGDP00011	HGDP	Brahui	NA	-	0.0000	0.0000	0.0000	0.3628	0.6372	0.6372	SAS	0.0000	0.0000	0.0000	0.4215	0.5785	0.5785	SAS	1	0
HGDP00719	HGDP	Cambodian	EAS	-	0.0000	0.0000	0.8937	0.0000	0.1063	0.8937	EAS	0.0000	0.0000	0.8896	0.0072	0.1032	0.8896	EAS	1	0
HGDP01273	HGDP	Mozabite	NA	-	0.2447	0.0000	0.0000	0.7553	0.0000	0.7553	EUR	0.2450	0.0000	0.0000	0.7550	0.0000	0.7550	EUR	1	0
HGDP00559	HGDP	Druze	NA	-	0.0260	0.0000	0.0000	0.8633	0.1106	0.8633	EUR	0.0266	0.0000	0.0000	0.8759	0.0974	0.8759	EUR	1	0
HGDP00587	HGDP	Druze	NA	-	0.0264	0.0000	0.0000	0.8514	0.1222	0.8514	EUR	0.0269	0.0000	0.0000	0.8648	0.1082	0.8648	EUR	1	0
HGDP00244	HGDP	Pathan	NA	-	0.0000	0.0018	0.0307	0.3259	0.6417	0.6417	SAS	0.0000	0.0019	0.0307	0.3748	0.5926	0.5926	SAS	1	0
HGDP01151	HGDP	Italian	EUR	-	0.0000	0.0000	0.0000	1.0000	0.0000	1.0000	EUR	0.0000	0.0000	0.0000	1.0000	0.0000	1.0000	EUR	1	1
HGDP00624	HGDP	Bedouin	NA	-	0.0993	0.0000	0.0000	0.8324	0.0684	0.8324	EUR	0.0999	0.0000	0.0000	0.8411	0.0589	0.8411	EUR	1	0
HGDP00455	HGDP	BiakaPygmy	AFR	-	1.0000	0.0000	0.0000	0.0000	0.0000	1.0000	AFR	1.0000	0.0000	0.0000	0.0000	0.0000	1.0000	AFR	1	1
SS6004467	HGDP	Dai	EAS	-	0.0000	0.0000	1.0000	0.0000	0.0000	1.0000	EAS	0.0000	0.0000	1.0000	0.0000	0.0000	1.0000	EAS	1	1
HGDP00692	HGDP	Palestinian	NA	-	0.1922	0.0000	0.0000	0.7038	0.1040	0.7038	EUR	0.1929	0.0000	0.0000	0.7148	0.0923	0.7148	EUR	1	0
HGDP00154	HGDP	Makrani	SAS	SAS	0.0000	0.0000	0.0000	0.0000	1.0000	1.0000	SAS	0.0375	0.0000	0.0000	0.4373	0.5252	0.5252	SAS	1	1
HGDP00580	HGDP	Druze	NA	-	0.0289	0.0000	0.0000	0.8478	0.1233	0.8478	EUR	0.0295	0.0000	0.0000	0.8610	0.1095	0.8610	EUR	1	0
HGDP00691	HGDP	Palestinian	NA	-	0.0929	0.0000	0.0000	0.8042	0.1028	0.8042	EUR	0.0936	0.0000	0.0000	0.8155	0.0909	0.8155	EUR	1	0
HGDP00565	HGDP	Druze	NA	-	0.0285	0.0000	0.0000	0.8388	0.1326	0.8388	EUR	0.0290	0.0000	0.0000	0.8534	0.1176	0.8534	EUR	1	0
HGDP01277	HGDP	Mozabite	NA	-	0.2532	0.0000	0.0000	0.7468	0.0000	0.7468	EUR	0.2535	0.0000	0.0000	0.7465	0.0000	0.7465	EUR	1	0
HGDP00865	HGDP	Maya	AMR	-	0.0000	0.9623	0.0270	0.0000	0.0107	0.9623	AMR	0.0000	0.9628	0.0256	0.0000	0.0116	0.9628	AMR	1	1
HGDP00912	HGDP	Mandenka	AFR	AFR	1.0000	0.0000	0.0000	0.0000	0.0000	1.0000	AFR	1.0000	0.0000	0.0000	0.0000	0.0000	1.0000	AFR	1	1
HGDP01193	HGDP	Miao	EAS	-	0.0000	0.0000	1.0000	0.0000	0.0000	1.0000	EAS	0.0000	0.0000	1.0000	0.0000	0.0000	1.0000	EAS	1	1
HGDP00619	HGDP	Bedouin	NA	-	0.0989	0.0000	0.0000	0.7875	0.1135	0.7875	EUR	0.0996	0.0000	0.0000	0.7998	0.1006	0.7998	EUR	1	0
HGDP01081	HGDP	MbutiPygmy	AFR	-	1.0000	0.0000	0.0000	0.0000	0.0000	1.0000	AFR	1.0000	0.0000	0.0000	0.0000	0.0000	1.0000	AFR	1	1
HGDP00942	HGDP	Yoruba	AFR	AFR	1.0000	0.0000	0.0000	0.0000	0.0000	1.0000	AFR	1.0000	0.0000	0.0000	0.0000	0.0000	1.0000	AFR	1	1
HGDP00553	HGDP	Papuan	NA	-	0.0465	0.0000	0.3138	0.0000	0.6397	0.6397	SAS	0.0429	0.0000	0.2866	0.0000	0.6705	0.6705	SAS	1	0
HGDP00604	HGDP	Druze	NA	-	0.0173	0.0000	0.0000	0.8426	0.1401	0.8426	EUR	0.0181	0.0000	0.0000	0.8581	0.1238	0.8581	EUR	1	0
HGDP00243	HGDP	Pathan	NA	-	0.0000	0.0007	0.0078	0.3699	0.6216	0.6216	SAS	0.0000	0.0010	0.0083	0.4178	0.5729	0.5729	SAS	1	0
HGDP01031	HGDP	BantuSouthAfrica	AFR	-	1.0000	0.0000	0.0000	0.0000	0.0000	1.0000	AFR	1.0000	0.0000	0.0000	0.0000	0.0000	1.0000	AFR	1	1
HGDP00760	HGDP	Japanese	EAS	EAS	0.0000	0.0000	1.0000	0.0000	0.0000	1.0000	EAS	0.0000	0.0000	1.0000	0.0000	0.0000	1.0000	EAS	1	1
HGDP00813	HGDP	Han	EAS	EAS	0.0000	0.0000	1.0000	0.0000	0.0000	1.0000	EAS	0.0000	0.0000	1.0000	0.0000	0.0000	1.0000	EAS	1	1
HGDP00774	HGDP	Han	EAS	EAS	0.0000	0.0000	1.0000	0.0000	0.0000	1.0000	EAS	0.0000	0.0000	1.0000	0.0000	0.0000	1.0000	EAS	1	1
HGDP01319	HGDP	Lahu	EAS	-	0.0000	0.0000	1.0000	0.0000	0.0000	1.0000	EAS	0.0000	0.0000	1.0000	0.0000	0.0000	1.0000	EAS	1	1
HGDP01257	HGDP	Mozabite	NA	-	0.2837	0.0000	0.0000	0.7163	0.0000	0.7163	EUR	0.2840	0.0000	0.0000	0.7160	0.0000	0.7160	EUR	1	0
HGDP00741	HGDP	Palestinian	NA	-	0.0924	0.0000	0.0003	0.7875	0.1197	0.7875	EUR	0.0930	0.0000	0.0015	0.7990	0.1065	0.7990	EUR	1	0
HGDP01272	HGDP	Mozabite	NA	-	0.2347	0.0000	0.0000	0.7653	0.0000	0.7653	EUR	0.2351	0.0000	0.0000	0.7648	0.0000	0.7648	EUR	1	0
HGDP00109	HGDP	Hazara	NA	-	0.0000	0.0209	0.4390	0.2701	0.2701	0.4390	EAS	0.0000	0.0218	0.4371	0.2920	0.2491	0.4371	EAS	1	0
HGDP00560	HGDP	Druze	NA	-	0.0207	0.0000	0.0000	0.8562	0.1232	0.8562	EUR	0.0212	0.0000	0.0000	0.8697	0.1090	0.8697	EUR	1	0
HGDP00687	HGDP	Palestinian	NA	-	0.0611	0.0000	0.0000	0.8174	0.1214	0.8174	EUR	0.0618	0.0000	0.0000	0.8308	0.1074	0.8308	EUR	1	0
HGDP00863	HGDP	Maya	AMR	-	0.0478	0.8991	0.0088	0.0261	0.0181	0.8991	AMR	0.0479	0.8997	0.0077	0.0265	0.0182	0.8997	AMR	1	0
HGDP00588	HGDP	Druze	NA	-	0.0279	0.0000	0.0000	0.8547	0.1174	0.8547	EUR	0.0284	0.0000	0.0000	0.8681	0.1034	0.8681	EUR	1	0
HGDP00810	HGDP	Orcadian	EUR	EUR	0.0000	0.0000	0.0000	1.0000	0.0000	1.0000	EUR	0.0000	0.0000	0.0000	1.0000	0.0000	1.0000	EUR	1	1
HGDP00791	HGDP	Japanese	EAS	EAS	0.0000	0.0000	1.0000	0.0000	0.0000	1.0000	EAS	0.0000	0.0000	1.0000	0.0000	0.0000	1.0000	EAS	1	1
HGDP01073	HGDP	Sardinian	EUR	-	0.0047	0.0000	0.0000	0.9952	0.0000	0.9952	EUR	0.0052	0.0000	0.0000	0.9947	0.0000	0.9947	EUR	1	1
HGDP00733	HGDP	Palestinian	NA	-	0.0723	0.0000	0.0000	0.8117	0.1160	0.8117	EUR	0.0730	0.0000	0.0000	0.8237	0.1033	0.8237	EUR	1	0
HGDP00918	HGDP	Mandenka	AFR	AFR	1.0000	0.0000	0.0000	0.0000	0.0000	1.0000	AFR	0.9732	0.0000	0.0000	0.0267	0.0000	0.9732	AFR	1	1
HGDP01357	HGDP	Basque	EUR	-	0.0000	0.0000	0.0000	1.0000	0.0000	1.0000	EUR	0.0000	0.0000	0.0000	1.0000	0.0000	1.0000	EUR	1	1
HGDP00133	HGDP	Makrani	NA	-	0.0180	0.0000	0.0000	0.3940	0.5880	0.5880	SAS	0.0194	0.0000	0.0000	0.4488	0.5318	0.5318	SAS	1	0
HGDP00957	HGDP	Yakut	EAS	-	0.0000	0.0685	0.8080	0.0714	0.0522	0.8080	EAS	0.0000	0.0720	0.7987	0.0783	0.0511	0.7987	EAS	1	0
HGDP00614	HGDP	Bedouin	NA	-	0.0998	0.0000	0.0000	0.7736	0.1266	0.7736	EUR	0.1004	0.0000	0.0000	0.7869	0.1127	0.7869	EUR	1	0
HGDP01310	HGDP	Dai	EAS	-	0.0000	0.0000	1.0000	0.0000	0.0000	1.0000	EAS	0.0000	0.0000	1.0000	0.0000	0.0000	1.0000	EAS	1	1
LP6005441-DNA_B11	HGDP	San	AFR	-	0.9802	0.0013	0.0000	0.0153	0.0032	0.9802	AFR	0.9801	0.0013	0.0000	0.0159	0.0027	0.9801	AFR	1	1
HGDP00043	HGDP	Brahui	SAS	SAS	0.0000	0.0000	0.0000	0.0000	1.0000	1.0000	SAS	0.0287	0.0000	0.0000	0.4072	0.5641	0.5641	SAS	1	1
HGDP00871	HGDP	Maya	AMR	-	0.0169	0.6681	0.0000	0.3150	0.0000	0.6681	AMR	0.0170	0.6687	0.0000	0.3143	0.0000	0.6687	AMR	1	0
HGDP00819	HGDP	Han	EAS	EAS	0.0000	0.0000	1.0000	0.0000	0.0000	1.0000	EAS	0.0000	0.0000	1.0000	0.0000	0.0000	1.0000	EAS	1	1
HGDP00971	HGDP	Han	EAS	EAS	0.0000	0.0000	1.0000	0.0000	0.0000	1.0000	EAS	0.0000	0.0000	1.0000	0.0000	0.0000	1.0000	EAS	1	1
HGDP00757	HGDP	Japanese	EAS	EAS	0.0000	0.0000	1.0000	0.0000	0.0000	1.0000	EAS	0.0000	0.0000	1.0000	0.0000	0.0000	1.0000	EAS	1	1
HGDP00699	HGDP	Palestinian	NA	-	0.0893	0.0000	0.0000	0.8126	0.0981	0.8126	EUR	0.0899	0.0000	0.0000	0.8233	0.0867	0.8233	EUR	1	0
SS6004469	HGDP	Han	EAS	-	0.0000	0.0000	1.0000	0.0000	0.0000	1.0000	EAS	0.0000	0.0000	1.0000	0.0000	0.0000	1.0000	EAS	1	1
HGDP00197	HGDP	Sindhi	SAS	SAS	0.0000	0.0000	0.0000	0.0000	1.0000	1.0000	SAS	0.0000	0.0000	0.0000	0.3125	0.6874	0.6874	SAS	1	1
HGDP00536	HGDP	French	EUR	EUR	0.0000	0.0000	0.0000	1.0000	0.0000	1.0000	EUR	0.0000	0.0000	0.0000	1.0000	0.0000	1.0000	EUR	1	1
HGDP00802	HGDP	Orcadian	EUR	EUR	0.0000	0.0000	0.0000	1.0000	0.0000	1.0000	EUR	0.0000	0.0000	0.0000	1.0000	0.0000	1.0000	EUR	1	1
HGDP01348	HGDP	Tu	EAS	-	0.0000	0.0056	0.8972	0.0592	0.0379	0.8972	EAS	0.0000	0.0065	0.8941	0.0633	0.0361	0.8941	EAS	1	0
HGDP01057	HGDP	Pima	AMR	-	0.0000	0.9527	0.0473	0.0000	0.0000	0.9527	AMR	0.0000	0.9535	0.0465	0.0000	0.0000	0.9535	AMR	1	1
HGDP00821	HGDP	Han	EAS	EAS	0.0000	0.0000	1.0000	0.0000	0.0000	1.0000	EAS	0.0000	0.0000	1.0000	0.0000	0.0000	1.0000	EAS	1	1
HGDP00151	HGDP	Makrani	SAS	SAS	0.0000	0.0000	0.0000	0.0000	1.0000	1.0000	SAS	0.0504	0.0000	0.0000	0.4132	0.5364	0.5364	SAS	1	1
HGDP00158	HGDP	Makrani	NA	-	0.0000	0.0000	0.0000	0.3866	0.6134	0.6134	SAS	0.0002	0.0000	0.0000	0.4454	0.5544	0.5544	SAS	1	0
HGDP00635	HGDP	Bedouin	NA	-	0.1232	0.0000	0.0000	0.7713	0.1054	0.7713	EUR	0.1239	0.0000	0.0000	0.7828	0.0932	0.7828	EUR	1	0
HGDP00177	HGDP	Sindhi	SAS	SAS	0.0000	0.0000	0.0000	0.0000	1.0000	1.0000	SAS	0.0769	0.0000	0.0000	0.2210	0.7021	0.7021	SAS	1	1
LP6005441-DNA_B05	HGDP	French	EUR	-	0.0000	0.0000	0.0000	1.0000	0.0000	1.0000	EUR	0.0000	0.0000	0.0000	1.0000	0.0000	1.0000	EUR	1	1
HGDP00582	HGDP	Druze	NA	-	0.0299	0.0000	0.0000	0.8400	0.1301	0.8400	EUR	0.0306	0.0000	0.0000	0.8540	0.1154	0.8540	EUR	1	0
LP6005441-DNA_D06	HGDP	Japanese	EAS	-	0.0000	0.0000	1.0000	0.0000	0.0000	1.0000	EAS	0.0000	0.0000	1.0000	0.0000	0.0000	1.0000	EAS	1	1
HGDP00943	HGDP	Yoruba	AFR	AFR	1.0000	0.0000	0.0000	0.0000	0.0000	1.0000	AFR	1.0000	0.0000	0.0000	0.0000	0.0000	1.0000	AFR	1	1
HGDP00641	HGDP	Bedouin	NA	-	0.0824	0.0000	0.0000	0.8353	0.0823	0.8353	EUR	0.0831	0.0000	0.0000	0.8457	0.0712	0.8457	EUR	1	0
HGDP00218	HGDP	Pathan	NA	-	0.0000	0.0033	0.0174	0.3599	0.6194	0.6194	SAS	0.0000	0.0034	0.0175	0.4079	0.5712	0.5712	SAS	1	0
HGDP00962	HGDP	Yakut	EAS	EAS	0.0000	0.0000	1.0000	0.0000	0.0000	1.0000	EAS	0.0000	0.0791	0.7804	0.1047	0.0357	0.7804	EAS	1	1
HGDP00754	HGDP	Japanese	EAS	EAS	0.0000	0.0000	1.0000	0.0000	0.0000	1.0000	EAS	0.0000	0.0000	1.0000	0.0000	0.0000	1.0000	EAS	1	1
HGDP01358	HGDP	Basque	EUR	-	0.0000	0.0000	0.0000	1.0000	0.0000	1.0000	EUR	0.0000	0.0000	0.0000	1.0000	0.0000	1.0000	EUR	1	1
HGDP00466	HGDP	BiakaPygmy	AFR	-	1.0000	0.0000	0.0000	0.0000	0.0000	1.0000	AFR	1.0000	0.0000	0.0000	0.0000	0.0000	1.0000	AFR	1	1
HGDP00820	HGDP	Han	EAS	EAS	0.0000	0.0000	1.0000	0.0000	0.0000	1.0000	EAS	0.0000	0.0000	1.0000	0.0000	0.0000	1.0000	EAS	1	1
HGDP00578	HGDP	Druze	NA	-	0.0318	0.0000	0.0000	0.8406	0.1276	0.8406	EUR	0.0324	0.0000	0.0000	0.8540	0.1136	0.8540	EUR	1	0
HGDP00119	HGDP	Hazara	NA	-	0.0000	0.0151	0.3805	0.3046	0.2998	0.3805	EAS	0.0000	0.0157	0.3794	0.3295	0.2754	0.3794	EAS	1	0
HGDP00651	HGDP	Bedouin	NA	-	0.0934	0.0000	0.0000	0.8398	0.0668	0.8398	EUR	0.0940	0.0000	0.0000	0.8487	0.0573	0.8487	EUR	1	0
HGDP00140	HGDP	Makrani	SAS	SAS	0.0000	0.0000	0.0000	0.0000	1.0000	1.0000	SAS	0.0582	0.0000	0.0000	0.4075	0.5343	0.5343	SAS	1	1
HGDP01264	HGDP	Mozabite	NA	-	0.2376	0.0000	0.0000	0.7623	0.0000	0.7623	EUR	0.2380	0.0000	0.0000	0.7620	0.0000	0.7620	EUR	1	0
HGDP00869	HGDP	Maya	AMR	-	0.0000	0.7766	0.0000	0.2017	0.0217	0.7766	AMR	0.0000	0.7770	0.0000	0.2029	0.0200	0.7770	AMR	1	0
HGDP00807	HGDP	Orcadian	EUR	EUR	0.0000	0.0000	0.0000	1.0000	0.0000	1.0000	EUR	0.0000	0.0000	0.0000	1.0000	0.0000	1.0000	EUR	1	1
HGDP01232	HGDP	Mongola	EAS	-	0.0000	0.0086	0.9367	0.0413	0.0134	0.9367	EAS	0.0000	0.0102	0.9329	0.0442	0.0127	0.9329	EAS	1	1
HGDP01218	HGDP	Daur	EAS	-	0.0000	0.0222	0.9278	0.0367	0.0133	0.9278	EAS	0.0000	0.0238	0.9241	0.0392	0.0129	0.9241	EAS	1	0
HGDP00478	HGDP	MbutiPygmy	AFR	-	1.0000	0.0000	0.0000	0.0000	0.0000	1.0000	AFR	1.0000	0.0000	0.0000	0.0000	0.0000	1.0000	AFR	1	1
HGDP01317	HGDP	Lahu	EAS	-	0.0000	0.0000	1.0000	0.0000	0.0000	1.0000	EAS	0.0000	0.0000	1.0000	0.0000	0.0000	1.0000	EAS	1	1
HGDP00917	HGDP	Mandenka	AFR	AFR	1.0000	0.0000	0.0000	0.0000	0.0000	1.0000	AFR	0.9960	0.0000	0.0000	0.0040	0.0000	0.9960	AFR	1	1
HGDP00469	HGDP	BiakaPygmy	AFR	-	1.0000	0.0000	0.0000	0.0000	0.0000	1.0000	AFR	1.0000	0.0000	0.0000	0.0000	0.0000	1.0000	AFR	1	1
HGDP01413	HGDP	BantuKenya	AFR	-	0.9532	0.0000	0.0000	0.0447	0.0020	0.9532	AFR	0.9534	0.0000	0.0000	0.0455	0.0011	0.9534	AFR	1	1
HGDP01382	HGDP	Adygei	EUR	-	0.0000	0.0023	0.0183	0.7892	0.1902	0.7892	EUR	0.0000	0.0024	0.0192	0.8092	0.1693	0.8092	EUR	1	0
LP6005441-DNA_A11	HGDP	San	AFR	-	0.9768	0.0013	0.0000	0.0163	0.0056	0.9768	AFR	0.9767	0.0013	0.0000	0.0171	0.0048	0.9767	AFR	1	1
HGDP00105	HGDP	Hazara	NA	-	0.0000	0.0198	0.4499	0.2683	0.2619	0.4499	EAS	0.0000	0.0206	0.4484	0.2900	0.2410	0.4484	EAS	1	0
HGDP00872	HGDP	Maya	AMR	-	0.0000	0.9212	0.0098	0.0574	0.0116	0.9212	AMR	0.0000	0.9219	0.0086	0.0575	0.0120	0.9219	AMR	1	0
HGDP01099	HGDP	Tujia	EAS	-	0.0000	0.0000	1.0000	0.0000	0.0000	1.0000	EAS	0.0000	0.0000	1.0000	0.0000	0.0000	1.0000	EAS	1	1
HGDP00092	HGDP	Balochi	SAS	SAS	0.0000	0.0000	0.0000	0.0000	1.0000	1.0000	SAS	0.0071	0.0000	0.0000	0.3384	0.6545	0.6545	SAS	1	1
HGDP00613	HGDP	Bedouin	NA	-	0.0924	0.0000	0.0000	0.7812	0.1263	0.7812	EUR	0.0931	0.0000	0.0000	0.7943	0.1126	0.7943	EUR	1	0
HGDP01221	HGDP	Daur	EAS	-	0.0000	0.0237	0.9416	0.0325	0.0021	0.9416	EAS	0.0000	0.0255	0.9374	0.0343	0.0028	0.9374	EAS	1	1
HGDP01292	HGDP	Han	EAS	-	0.0000	0.0000	0.9826	0.0174	0.0000	0.9826	EAS	0.0000	0.0000	0.9804	0.0195	0.0000	0.9804	EAS	1	1
HGDP01255	HGDP	Mozabite	NA	-	0.2207	0.0000	0.0000	0.7792	0.0000	0.7792	EUR	0.2211	0.0000	0.0000	0.7789	0.0000	0.7789	EUR	1	0
HGDP01363	HGDP	Basque	EUR	-	0.0000	0.0000	0.0000	1.0000	0.0000	1.0000	EUR	0.0000	0.0000	0.0000	1.0000	0.0000	1.0000	EUR	1	1
HGDP00973	HGDP	Han	EAS	-	0.0000	0.0000	1.0000	0.0000	0.0000	1.0000	EAS	0.0000	0.0000	1.0000	0.0000	0.0000	1.0000	EAS	1	1
HGDP00721	HGDP	Cambodian	EAS	-	0.0000	0.0000	0.8410	0.0000	0.1590	0.8410	EAS	0.0000	0.0000	0.8335	0.0000	0.1665	0.8335	EAS	1	0
HGDP00882	HGDP	Russian	EUR	EUR	0.0000	0.0000	0.0000	1.0000	0.0000	1.0000	EUR	0.0000	0.0144	0.0728	0.9127	0.0000	0.9127	EUR	1	1
HGDP00905	HGDP	Mandenka	AFR	AFR	1.0000	0.0000	0.0000	0.0000	0.0000	1.0000	AFR	1.0000	0.0000	0.0000	0.0000	0.0000	1.0000	AFR	1	1
HGDP00143	HGDP	Makrani	SAS	SAS	0.0000	0.0000	0.0000	0.0000	1.0000	1.0000	SAS	0.0450	0.0000	0.0000	0.2693	0.6857	0.6857	SAS	1	1
HGDP00864	HGDP	Maya	AMR	-	0.0000	0.9432	0.0073	0.0388	0.0107	0.9432	AMR	0.0000	0.9437	0.0060	0.0387	0.0116	0.9437	AMR	1	1
HGDP01311	HGDP	Dai	EAS	-	0.0000	0.0000	1.0000	0.0000	0.0000	1.0000	EAS	0.0000	0.0000	1.0000	0.0000	0.0000	1.0000	EAS	1	1
HGDP00307	HGDP	Kalash	NA	-	0.0000	0.0022	0.0000	0.3265	0.6713	0.6713	SAS	0.0000	0.0024	0.0000	0.3788	0.6188	0.6188	SAS	1	0
HGDP01251	HGDP	Xibo	EAS	-	0.0000	0.0139	0.9458	0.0303	0.0100	0.9458	EAS	0.0000	0.0155	0.9417	0.0329	0.0099	0.9417	EAS	1	1
HGDP00684	HGDP	Palestinian	NA	-	0.0797	0.0000	0.0000	0.7873	0.1329	0.7873	EUR	0.0804	0.0000	0.0000	0.8009	0.1188	0.8009	EUR	1	0
LP6005442-DNA_F01	HGDP	Yakut	EAS	-	0.0000	0.0726	0.7904	0.0886	0.0483	0.7904	EAS	0.0000	0.0761	0.7809	0.0952	0.0477	0.7809	EAS	1	0
HGDP00179	HGDP	Sindhi	SAS	SAS	0.0000	0.0000	0.0000	0.0000	1.0000	1.0000	SAS	0.0000	0.0000	0.0000	0.2618	0.7381	0.7381	SAS	1	1
HGDP00595	HGDP	Druze	NA	-	0.0207	0.0000	0.0000	0.8427	0.1365	0.8427	EUR	0.0215	0.0000	0.0000	0.8571	0.1214	0.8571	EUR	1	0
HGDP00543	HGDP	Papuan	NA	-	0.0458	0.0000	0.3262	0.0000	0.6280	0.6280	SAS	0.0424	0.0000	0.2986	0.0000	0.6590	0.6590	SAS	1	0
HGDP00064	HGDP	Balochi	SAS	SAS	0.0000	0.0000	0.0000	0.0000	1.0000	1.0000	SAS	0.0087	0.0000	0.0000	0.4545	0.5367	0.5367	SAS	1	1
HGDP00516	HGDP	French	EUR	EUR	0.0000	0.0000	0.0000	1.0000	0.0000	1.0000	EUR	0.0000	0.0000	0.0000	1.0000	0.0000	1.0000	EUR	1	1
HGDP00634	HGDP	Bedouin	NA	-	0.1522	0.0000	0.0000	0.7579	0.0899	0.7579	EUR	0.1529	0.0000	0.0000	0.7681	0.0790	0.7681	EUR	1	0
HGDP00512	HGDP	French	EUR	EUR	0.0000	0.0000	0.0000	1.0000	0.0000	1.0000	EUR	0.0000	0.0000	0.0000	1.0000	0.0000	1.0000	EUR	1	1
HGDP00960	HGDP	Yakut	EAS	EAS	0.0000	0.0000	1.0000	0.0000	0.0000	1.0000	EAS	0.0000	0.0677	0.8062	0.0859	0.0402	0.8062	EAS	1	1
LP6005441-DNA_B01	HGDP	Adygei	EUR	-	0.0000	0.0011	0.0260	0.7941	0.1788	0.7941	EUR	0.0000	0.0014	0.0267	0.8112	0.1607	0.8112	EUR	1	0
HGDP00259	HGDP	Pathan	NA	-	0.0000	0.0015	0.0224	0.3631	0.6130	0.6130	SAS	0.0000	0.0016	0.0225	0.4111	0.5648	0.5648	SAS	1	0
HGDP00968	HGDP	Yakut	EAS	EAS	0.0000	0.0000	1.0000	0.0000	0.0000	1.0000	EAS	0.0000	0.0695	0.7371	0.1604	0.0330	0.7371	EAS	1	1
HGDP00524	HGDP	French	EUR	EUR	0.0000	0.0000	0.0000	1.0000	0.0000	1.0000	EUR	0.0000	0.0000	0.0000	1.0000	0.0000	1.0000	EUR	1	1
HGDP00967	HGDP	Yakut	EAS	-	0.0000	0.0708	0.7901	0.0959	0.0432	0.7901	EAS	0.0000	0.0742	0.7810	0.1034	0.0414	0.7810	EAS	1	0
HGDP00222	HGDP	Pathan	NA	-	0.0000	0.0032	0.0138	0.2913	0.6917	0.6917	SAS	0.0000	0.0033	0.0138	0.3428	0.6400	0.6400	SAS	1	0
HGDP00062	HGDP	Balochi	NA	-	0.0161	0.0000	0.0000	0.3856	0.5982	0.5982	SAS	0.0174	0.0000	0.0000	0.4392	0.5434	0.5434	SAS	1	0
LP6005441-DNA_G03	HGDP	Cambodian	EAS	-	0.0000	0.0000	0.8755	0.0000	0.1245	0.8755	EAS	0.0000	0.0000	0.8688	0.0000	0.1312	0.8688	EAS	1	0
HGDP00234	HGDP	Pathan	NA	-	0.0000	0.0000	0.0136	0.2984	0.6880	0.6880	SAS	0.0000	0.0000	0.0135	0.3494	0.6371	0.6371	SAS	1	0
HGDP00771	HGDP	Japanese	EAS	EAS	0.0000	0.0000	1.0000	0.0000	0.0000	1.0000	EAS	0.0000	0.0000	1.0000	0.0000	0.0000	1.0000	EAS	1	1
HGDP01014	HGDP	Karitiana	AMR	-	0.0000	1.0000	0.0000	0.0000	0.0000	1.0000	AMR	0.0000	1.0000	0.0000	0.0000	0.0000	1.0000	AMR	1	1
HGDP00885	HGDP	Russian	EUR	-	0.0000	0.0092	0.0631	0.9277	0.0000	0.9277	EUR	0.0000	0.0099	0.0642	0.9259	0.0000	0.9259	EUR	1	0
HGDP00450	HGDP	MbutiPygmy	AFR	-	1.0000	0.0000	0.0000	0.0000	0.0000	1.0000	AFR	1.0000	0.0000	0.0000	0.0000	0.0000	1.0000	AFR	1	1
HGDP01261	HGDP	Mozabite	NA	-	0.4141	0.0000	0.0000	0.5858	0.0000	0.5858	EUR	0.4144	0.0000	0.0000	0.5856	0.0000	0.5856	EUR	1	0
HGDP00806	HGDP	Orcadian	EUR	EUR	0.0000	0.0000	0.0000	1.0000	0.0000	1.0000	EUR	0.0000	0.0000	0.0000	1.0000	0.0000	1.0000	EUR	1	1
HGDP01244	HGDP	Xibo	EAS	-	0.0000	0.0149	0.9368	0.0423	0.0059	0.9368	EAS	0.0000	0.0169	0.9327	0.0443	0.0061	0.9327	EAS	1	1
HGDP00800	HGDP	Orcadian	EUR	EUR	0.0000	0.0000	0.0000	1.0000	0.0000	1.0000	EUR	0.0000	0.0000	0.0000	1.0000	0.0000	1.0000	EUR	1	1
HGDP01189	HGDP	Miao	EAS	-	0.0000	0.0000	1.0000	0.0000	0.0000	1.0000	EAS	0.0000	0.0000	1.0000	0.0000	0.0000	1.0000	EAS	1	1
HGDP00862	HGDP	Maya	AMR	-	0.0000	0.8768	0.0015	0.1216	0.0000	0.8768	AMR	0.0000	0.8775	0.0010	0.1214	0.0000	0.8775	AMR	1	0
HGDP00527	HGDP	French	EUR	EUR	0.0000	0.0000	0.0000	1.0000	0.0000	1.0000	EUR	0.0000	0.0000	0.0000	1.0000	0.0000	1.0000	EUR	1	1
HGDP00575	HGDP	Druze	NA	-	0.0202	0.0000	0.0000	0.8491	0.1307	0.8491	EUR	0.0208	0.0000	0.0000	0.8637	0.1155	0.8637	EUR	1	0
HGDP00106	HGDP	Hazara	NA	-	0.0000	0.0194	0.4128	0.3068	0.2609	0.4128	EAS	0.0000	0.0202	0.4112	0.3277	0.2409	0.4112	EAS	1	0
HGDP00618	HGDP	Bedouin	NA	-	0.0749	0.0000	0.0000	0.8527	0.0723	0.8527	EUR	0.0756	0.0000	0.0000	0.8622	0.0622	0.8622	EUR	1	0
HGDP01415	HGDP	BantuKenya	AFR	-	0.9058	0.0000	0.0000	0.0843	0.0099	0.9058	AFR	0.9058	0.0000	0.0000	0.0856	0.0086	0.9058	AFR	1	0
HGDP00165	HGDP	Sindhi	NA	-	0.0306	0.0000	0.0000	0.1817	0.7876	0.7876	SAS	0.0320	0.0000	0.0000	0.2405	0.7274	0.7274	SAS	1	0
HGDP00311	HGDP	Kalash	NA	-	0.0000	0.0017	0.0000	0.3234	0.6749	0.6749	SAS	0.0000	0.0018	0.0000	0.3753	0.6228	0.6228	SAS	1	0
HGDP00625	HGDP	Bedouin	NA	-	0.0917	0.0000	0.0000	0.7873	0.1210	0.7873	EUR	0.0924	0.0000	0.0000	0.7998	0.1078	0.7998	EUR	1	0
HGDP00039	HGDP	Brahui	SAS	SAS	0.0000	0.0000	0.0000	0.0000	1.0000	1.0000	SAS	0.0268	0.0000	0.0000	0.3361	0.6370	0.6370	SAS	1	1
HGDP00745	HGDP	Palestinian	NA	-	0.0794	0.0000	0.0000	0.8033	0.1173	0.8033	EUR	0.0801	0.0000	0.0000	0.8159	0.1040	0.8159	EUR	1	0
HGDP00131	HGDP	Makrani	NA	-	0.0206	0.0000	0.0000	0.3819	0.5975	0.5975	SAS	0.0218	0.0000	0.0000	0.4351	0.5431	0.5431	SAS	1	0
HGDP00171	HGDP	Sindhi	SAS	SAS	0.0000	0.0000	0.0000	0.0000	1.0000	1.0000	SAS	0.0000	0.0000	0.0000	0.2898	0.7102	0.7102	SAS	1	1
HGDP01280	HGDP	Mozabite	NA	-	0.2421	0.0000	0.0000	0.7579	0.0000	0.7579	EUR	0.2425	0.0000	0.0000	0.7575	0.0000	0.7575	EUR	1	0
HGDP00356	HGDP	Burusho	NA	-	0.0000	0.0044	0.0822	0.2558	0.6576	0.6576	SAS	0.0000	0.0046	0.0817	0.3046	0.6090	0.6090	SAS	1	0
HGDP00959	HGDP	Yakut	EAS	-	0.0000	0.1029	0.8675	0.0065	0.0230	0.8675	EAS	0.0000	0.1062	0.8593	0.0110	0.0235	0.8593	EAS	1	0
HGDP01156	HGDP	Italian	EUR	-	0.0000	0.0000	0.0000	1.0000	0.0000	1.0000	EUR	0.0000	0.0000	0.0000	1.0000	0.0000	1.0000	EUR	1	1
SS6004474	HGDP	Sardinian	EUR	-	0.0006	0.0000	0.0000	0.9994	0.0000	0.9994	EUR	0.0020	0.0000	0.0000	0.9979	0.0000	0.9979	EUR	1	1
HGDP00277	HGDP	Kalash	NA	-	0.0000	0.0000	0.0000	0.3092	0.6908	0.6908	SAS	0.0000	0.0002	0.0000	0.3637	0.6361	0.6361	SAS	1	0
HGDP00247	HGDP	Pathan	NA	-	0.0000	0.0019	0.0163	0.2931	0.6888	0.6888	SAS	0.0000	0.0020	0.0162	0.3455	0.6363	0.6363	SAS	1	0
HGDP01023	HGDP	Han	EAS	-	0.0000	0.0033	0.9946	0.0020	0.0000	0.9946	EAS	0.0000	0.0047	0.9909	0.0044	0.0000	0.9909	EAS	1	1
HGDP00790	HGDP	Japanese	EAS	EAS	0.0000	0.0000	1.0000	0.0000	0.0000	1.0000	EAS	0.0000	0.0022	0.9978	0.0000	0.0000	0.9978	EAS	1	1
LP6005443-DNA_E09	HGDP	Naxi	EAS	-	0.0000	0.0014	0.9986	0.0000	0.0000	0.9986	EAS	0.0000	0.0024	0.9975	0.0000	0.0000	0.9975	EAS	1	1
HGDP01322	HGDP	Lahu	EAS	-	0.0000	0.0000	1.0000	0.0000	0.0000	1.0000	EAS	0.0000	0.0000	1.0000	0.0000	0.0000	1.0000	EAS	1	1
HGDP00786	HGDP	Han	EAS	EAS	0.0000	0.0000	1.0000	0.0000	0.0000	1.0000	EAS	0.0000	0.0000	1.0000	0.0000	0.0000	1.0000	EAS	1	1
LP6005441-DNA_B09	HGDP	Naxi	EAS	-	0.0000	0.0004	0.9995	0.0000	0.0000	0.9995	EAS	0.0000	0.0028	0.9972	0.0000	0.0000	0.9972	EAS	1	1
HGDP01161	HGDP	Tuscan	EUR	-	0.0000	0.0000	0.0000	1.0000	0.0000	1.0000	EUR	0.0000	0.0000	0.0000	1.0000	0.0000	1.0000	EUR	1	1
HGDP00636	HGDP	Bedouin	NA	-	0.0839	0.0000	0.0000	0.8424	0.0738	0.8424	EUR	0.0845	0.0000	0.0000	0.8516	0.0639	0.8516	EUR	1	0
HGDP00974	HGDP	Han	EAS	-	0.0000	0.0000	1.0000	0.0000	0.0000	1.0000	EAS	0.0000	0.0000	1.0000	0.0000	0.0000	1.0000	EAS	1	1
HGDP00584	HGDP	Druze	NA	-	0.0309	0.0000	0.0000	0.8376	0.1315	0.8376	EUR	0.0315	0.0000	0.0000	0.8519	0.1166	0.8519	EUR	1	0
HGDP00121	HGDP	Hazara	NA	-	0.0000	0.0119	0.4594	0.2687	0.2600	0.4594	EAS	0.0000	0.0128	0.4575	0.2897	0.2400	0.4575	EAS	1	0
HGDP00909	HGDP	Mandenka	AFR	AFR	1.0000	0.0000	0.0000	0.0000	0.0000	1.0000	AFR	1.0000	0.0000	0.0000	0.0000	0.0000	1.0000	AFR	1	1
HGDP00958	HGDP	Yakut	EAS	-	0.0000	0.0555	0.7536	0.1603	0.0306	0.7536	EAS	0.0000	0.0583	0.7467	0.1646	0.0303	0.7467	EAS	1	0
LP6005443-DNA_A02	HGDP	Tujia	EAS	-	0.0000	0.0000	1.0000	0.0000	0.0000	1.0000	EAS	0.0000	0.0000	1.0000	0.0000	0.0000	1.0000	EAS	1	1
HGDP01388	HGDP	Adygei	EUR	-	0.0000	0.0045	0.0791	0.8141	0.1022	0.8141	EUR	0.0000	0.0049	0.0803	0.8239	0.0909	0.8239	EUR	1	0
HGDP00185	HGDP	Sindhi	NA	-	0.0000	0.0000	0.0079	0.2881	0.7040	0.7040	SAS	0.0000	0.0000	0.0081	0.3405	0.6514	0.6514	SAS	1	0
LP6005441-DNA_H08	HGDP	Mozabite	NA	-	0.3244	0.0000	0.0000	0.6755	0.0000	0.6755	EUR	0.3247	0.0000	0.0000	0.6752	0.0000	0.6752	EUR	1	0
HGDP01304	HGDP	Uygur	EAS	-	0.0000	0.0168	0.5146	0.2647	0.2039	0.5146	EAS	0.0000	0.0177	0.5128	0.2823	0.1872	0.5128	EAS	1	0
HGDP01256	HGDP	Mozabite	NA	-	0.2582	0.0000	0.0000	0.7417	0.0000	0.7417	EUR	0.2585	0.0000	0.0000	0.7414	0.0000	0.7414	EUR	1	0
HGDP00473	HGDP	BiakaPygmy	AFR	-	1.0000	0.0000	0.0000	0.0000	0.0000	1.0000	AFR	1.0000	0.0000	0.0000	0.0000	0.0000	1.0000	AFR	1	1
HGDP01366	HGDP	Basque	EUR	-	0.0000	0.0000	0.0000	1.0000	0.0000	1.0000	EUR	0.0000	0.0000	0.0000	1.0000	0.0000	1.0000	EUR	1	1
HGDP00572	HGDP	Druze	NA	-	0.0333	0.0000	0.0000	0.8413	0.1253	0.8413	EUR	0.0339	0.0000	0.0000	0.8552	0.1108	0.8552	EUR	1	0
HGDP00738	HGDP	Palestinian	NA	-	0.1632	0.0000	0.0000	0.7498	0.0870	0.7498	EUR	0.1638	0.0000	0.0000	0.7596	0.0765	0.7596	EUR	1	0
HGDP00577	HGDP	Druze	NA	-	0.0312	0.0000	0.0000	0.8351	0.1337	0.8351	EUR	0.0317	0.0000	0.0000	0.8490	0.1193	0.8490	EUR	1	0
LP6005441-DNA_B07	HGDP	Lahu	EAS	-	0.0000	0.0000	1.0000	0.0000	0.0000	1.0000	EAS	0.0000	0.0000	1.0000	0.0000	0.0000	1.0000	EAS	1	1
HGDP00371	HGDP	Burusho	NA	-	0.0000	0.0053	0.0940	0.2395	0.6611	0.6611	SAS	0.0000	0.0055	0.0935	0.2888	0.6122	0.6122	SAS	1	0
HGDP01386	HGDP	Adygei	EUR	-	0.0000	0.0018	0.0195	0.7900	0.1886	0.7900	EUR	0.0000	0.0020	0.0205	0.8085	0.1690	0.8085	EUR	1	0
HGDP00736	HGDP	Palestinian	NA	-	0.0757	0.0000	0.0000	0.8054	0.1189	0.8054	EUR	0.0763	0.0000	0.0000	0.8181	0.1056	0.8181	EUR	1	0
HGDP01346	HGDP	Naxi	EAS	-	0.0000	0.0000	0.9990	0.0000	0.0010	0.9990	EAS	0.0000	0.0015	0.9904	0.0000	0.0081	0.9904	EAS	1	1
HGDP00906	HGDP	Mandenka	AFR	AFR	1.0000	0.0000	0.0000	0.0000	0.0000	1.0000	AFR	1.0000	0.0000	0.0000	0.0000	0.0000	1.0000	AFR	1	1
HGDP00686	HGDP	Palestinian	NA	-	0.1127	0.0000	0.0000	0.7862	0.1011	0.7862	EUR	0.1134	0.0000	0.0000	0.7974	0.0892	0.7974	EUR	1	0
HGDP00163	HGDP	Sindhi	NA	-	0.0411	0.0000	0.0000	0.1852	0.7737	0.7737	SAS	0.0426	0.0000	0.0000	0.2447	0.7127	0.7127	SAS	1	0
HGDP01233	HGDP	Hezhen	EAS	-	0.0000	0.0191	0.9670	0.0091	0.0048	0.9670	EAS	0.0000	0.0209	0.9616	0.0112	0.0063	0.9616	EAS	1	1
HGDP00302	HGDP	Kalash	NA	-	0.0000	0.0011	0.0000	0.3101	0.6888	0.6888	SAS	0.0000	0.0015	0.0000	0.3631	0.6354	0.6354	SAS	1	0
HGDP00815	HGDP	Han	EAS	EAS	0.0000	0.0000	1.0000	0.0000	0.0000	1.0000	EAS	0.0000	0.0000	1.0000	0.0000	0.0000	1.0000	EAS	1	1
HGDP00315	HGDP	Kalash	NA	-	0.0000	0.0000	0.0000	0.3211	0.6788	0.6788	SAS	0.0000	0.0002	0.0000	0.3725	0.6273	0.6273	SAS	1	0
HGDP00920	HGDP	Yoruba	AFR	AFR	1.0000	0.0000	0.0000	0.0000	0.0000	1.0000	AFR	1.0000	0.0000	0.0000	0.0000	0.0000	1.0000	AFR	1	1
HGDP00033	HGDP	Brahui	NA	-	0.0000	0.0000	0.0000	0.3674	0.6326	0.6326	SAS	0.0000	0.0000	0.0000	0.4268	0.5732	0.5732	SAS	1	0
HGDP00755	HGDP	Japanese	EAS	EAS	0.0000	0.0000	1.0000	0.0000	0.0000	1.0000	EAS	0.0000	0.0000	1.0000	0.0000	0.0000	1.0000	EAS	1	1
HGDP00144	HGDP	Makrani	SAS	SAS	0.0000	0.0000	0.0000	0.0000	1.0000	1.0000	SAS	0.0294	0.0000	0.0000	0.4159	0.5547	0.5547	SAS	1	1
HGDP00983	HGDP	MbutiPygmy	AFR	-	1.0000	0.0000	0.0000	0.0000	0.0000	1.0000	AFR	1.0000	0.0000	0.0000	0.0000	0.0000	1.0000	AFR	1	1
LP6005441-DNA_A03	HGDP	Melanesian	NA	-	0.0368	0.0000	0.5035	0.0000	0.4596	0.5035	EAS	0.0341	0.0000	0.4817	0.0000	0.4842	0.4842	SAS	0	0
HGDP00545	HGDP	Papuan	NA	-	0.0465	0.0000	0.3201	0.0000	0.6334	0.6334	SAS	0.0426	0.0000	0.2922	0.0000	0.6651	0.6651	SAS	1	0
HGDP00732	HGDP	Palestinian	NA	-	0.0734	0.0000	0.0000	0.8306	0.0960	0.8306	EUR	0.0740	0.0000	0.0000	0.8408	0.0852	0.8408	EUR	1	0
HGDP00653	HGDP	Bedouin	NA	-	0.0717	0.0000	0.0000	0.8281	0.1002	0.8281	EUR	0.0723	0.0000	0.0000	0.8393	0.0884	0.8393	EUR	1	0
HGDP00763	HGDP	Japanese	EAS	-	0.0000	0.0000	1.0000	0.0000	0.0000	1.0000	EAS	0.0000	0.0000	1.0000	0.0000	0.0000	1.0000	EAS	1	1
HGDP00213	HGDP	Pathan	NA	-	0.0000	0.0002	0.0108	0.3683	0.6207	0.6207	SAS	0.0000	0.0003	0.0110	0.4161	0.5725	0.5725	SAS	1	0
HGDP00464	HGDP	BiakaPygmy	AFR	-	1.0000	0.0000	0.0000	0.0000	0.0000	1.0000	AFR	1.0000	0.0000	0.0000	0.0000	0.0000	1.0000	AFR	1	1
HGDP00608	HGDP	Bedouin	NA	-	0.0848	0.0000	0.0000	0.8328	0.0824	0.8328	EUR	0.0854	0.0000	0.0000	0.8424	0.0721	0.8424	EUR	1	0
HGDP00688	HGDP	Palestinian	NA	-	0.0759	0.0000	0.0000	0.8041	0.1200	0.8041	EUR	0.0766	0.0000	0.0000	0.8171	0.1063	0.8171	EUR	1	0
HGDP01060	HGDP	Pima	AMR	-	0.0000	0.9096	0.0437	0.0466	0.0000	0.9096	AMR	0.0000	0.9104	0.0425	0.0462	0.0009	0.9104	AMR	1	0
HGDP00805	HGDP	Orcadian	EUR	EUR	0.0000	0.0000	0.0000	1.0000	0.0000	1.0000	EUR	0.0000	0.0000	0.0000	1.0000	0.0000	1.0000	EUR	1	1
HGDP00612	HGDP	Bedouin	NA	-	0.0733	0.0000	0.0000	0.8534	0.0733	0.8534	EUR	0.0740	0.0000	0.0000	0.8634	0.0626	0.8634	EUR	1	0
HGDP00884	HGDP	Russian	EUR	-	0.0000	0.0065	0.0557	0.9378	0.0000	0.9378	EUR	0.0000	0.0069	0.0575	0.9356	0.0000	0.9356	EUR	1	1
HGDP00576	HGDP	Druze	NA	-	0.0689	0.0000	0.0000	0.8057	0.1254	0.8057	EUR	0.0695	0.0000	0.0000	0.8195	0.1109	0.8195	EUR	1	0
HGDP01149	HGDP	Italian	EUR	-	0.0000	0.0000	0.0000	1.0000	0.0000	1.0000	EUR	0.0000	0.0000	0.0000	1.0000	0.0000	1.0000	EUR	1	1
HGDP00518	HGDP	French	EUR	EUR	0.0000	0.0000	0.0000	1.0000	0.0000	1.0000	EUR	0.0000	0.0000	0.0000	1.0000	0.0000	1.0000	EUR	1	1
HGDP00183	HGDP	Sindhi	SAS	SAS	0.0000	0.0000	0.0000	0.0000	1.0000	1.0000	SAS	0.0000	0.0000	0.0000	0.2744	0.7256	0.7256	SAS	1	1
LP6005441-DNA_B03	HGDP	Melanesian	NA	-	0.0381	0.0000	0.5059	0.0000	0.4560	0.5059	EAS	0.0353	0.0000	0.4849	0.0000	0.4798	0.4849	EAS	1	0
HGDP01247	HGDP	Xibo	EAS	-	0.0000	0.0122	0.8659	0.1219	0.0000	0.8659	EAS	0.0000	0.0133	0.8628	0.1239	0.0000	0.8628	EAS	1	0
HGDP00139	HGDP	Makrani	NA	-	0.1334	0.0000	0.0000	0.3422	0.5244	0.5244	SAS	0.1349	0.0000	0.0000	0.3891	0.4760	0.4760	SAS	1	0
HGDP01206	HGDP	Oroqen	EAS	-	0.0000	0.0525	0.9131	0.0344	0.0000	0.9131	EAS	0.0000	0.0557	0.9072	0.0370	0.0000	0.9072	EAS	1	0
HGDP00643	HGDP	Bedouin	NA	-	0.0726	0.0000	0.0000	0.8593	0.0680	0.8593	EUR	0.0731	0.0000	0.0000	0.8685	0.0584	0.8685	EUR	1	0
HGDP00274	HGDP	Kalash	NA	-	0.0000	0.0000	0.0000	0.3151	0.6849	0.6849	SAS	0.0000	0.0000	0.0000	0.3681	0.6319	0.6319	SAS	1	0
HGDP01267	HGDP	Mozabite	NA	-	0.2498	0.0000	0.0000	0.7502	0.0000	0.7502	EUR	0.2501	0.0000	0.0000	0.7498	0.0000	0.7498	EUR	1	0
LP6005441-DNA_C08	HGDP	Miao	EAS	-	0.0000	0.0000	1.0000	0.0000	0.0000	1.0000	EAS	0.0000	0.0000	1.0000	0.0000	0.0000	1.0000	EAS	1	1
HGDP00934	HGDP	Yoruba	AFR	-	1.0000	0.0000	0.0000	0.0000	0.0000	1.0000	AFR	1.0000	0.0000	0.0000	0.0000	0.0000	1.0000	AFR	1	1
HGDP00045	HGDP	Brahui	NA	-	0.0000	0.0000	0.0000	0.3651	0.6349	0.6349	SAS	0.0006	0.0000	0.0000	0.4249	0.5745	0.5745	SAS	1	0
HGDP00364	HGDP	Burusho	NA	-	0.0000	0.0025	0.0866	0.2484	0.6625	0.6625	SAS	0.0000	0.0027	0.0860	0.2973	0.6139	0.6139	SAS	1	0
HGDP00262	HGDP	Pathan	NA	-	0.0000	0.0016	0.0297	0.3415	0.6271	0.6271	SAS	0.0000	0.0017	0.0297	0.3897	0.5789	0.5789	SAS	1	0
HGDP00120	HGDP	Hazara	NA	-	0.0000	0.0151	0.4216	0.2945	0.2688	0.4216	EAS	0.0000	0.0159	0.4200	0.3167	0.2474	0.4200	EAS	1	0
HGDP00475	HGDP	BiakaPygmy	AFR	-	1.0000	0.0000	0.0000	0.0000	0.0000	1.0000	AFR	1.0000	0.0000	0.0000	0.0000	0.0000	1.0000	AFR	1	1
HGDP01367	HGDP	Basque	EUR	-	0.0000	0.0000	0.0000	1.0000	0.0000	1.0000	EUR	0.0000	0.0000	0.0000	1.0000	0.0000	1.0000	EUR	1	1
HGDP00768	HGDP	Japanese	EAS	-	0.0000	0.0000	1.0000	0.0000	0.0000	1.0000	EAS	0.0000	0.0000	1.0000	0.0000	0.0000	1.0000	EAS	1	1
HGDP00948	HGDP	Yakut	EAS	-	0.0000	0.0658	0.7430	0.1564	0.0348	0.7430	EAS	0.0000	0.0689	0.7357	0.1616	0.0338	0.7357	EAS	1	0
HGDP00823	HGDP	Melanesian	NA	-	0.0344	0.0000	0.5050	0.0000	0.4605	0.5050	EAS	0.0316	0.0000	0.4833	0.0000	0.4851	0.4851	SAS	0	0
HGDP00181	HGDP	Sindhi	SAS	SAS	0.0000	0.0000	0.0000	0.0000	1.0000	1.0000	SAS	0.0000	0.0000	0.0000	0.2640	0.7359	0.7359	SAS	1	1
HGDP00630	HGDP	Bedouin	NA	-	0.0811	0.0000	0.0000	0.8728	0.0461	0.8728	EUR	0.0817	0.0000	0.0000	0.8797	0.0386	0.8797	EUR	1	0
HGDP00694	HGDP	Palestinian	NA	-	0.0757	0.0000	0.0000	0.8134	0.1109	0.8134	EUR	0.0763	0.0000	0.0000	0.8256	0.0981	0.8256	EUR	1	0
HGDP00550	HGDP	Papuan	NA	-	0.0505	0.0000	0.3079	0.0000	0.6415	0.6415	SAS	0.0469	0.0000	0.2801	0.0000	0.6730	0.6730	SAS	1	0
HGDP00149	HGDP	Makrani	SAS	SAS	0.0000	0.0000	0.0000	0.0000	1.0000	1.0000	SAS	0.0683	0.0000	0.0000	0.2750	0.6566	0.6566	SAS	1	1
HGDP01096	HGDP	Tujia	EAS	-	0.0000	0.0000	1.0000	0.0000	0.0000	1.0000	EAS	0.0000	0.0000	1.0000	0.0000	0.0000	1.0000	EAS	1	1
LP6005441-DNA_A06	HGDP	Italian	EUR	-	0.0000	0.0000	0.0000	1.0000	0.0000	1.0000	EUR	0.0000	0.0000	0.0000	1.0000	0.0000	1.0000	EUR	1	1
LP6005442-DNA_G01	HGDP	Yi	EAS	-	0.0000	0.0000	1.0000	0.0000	0.0000	1.0000	EAS	0.0000	0.0000	1.0000	0.0000	0.0000	1.0000	EAS	1	1
HGDP00734	HGDP	Palestinian	NA	-	0.0826	0.0000	0.0000	0.8049	0.1124	0.8049	EUR	0.0833	0.0000	0.0000	0.8170	0.0997	0.8170	EUR	1	0
HGDP00465	HGDP	BiakaPygmy	AFR	-	1.0000	0.0000	0.0000	0.0000	0.0000	1.0000	AFR	1.0000	0.0000	0.0000	0.0000	0.0000	1.0000	AFR	1	1
HGDP00529	HGDP	French	EUR	EUR	0.0000	0.0000	0.0000	1.0000	0.0000	1.0000	EUR	0.0000	0.0000	0.0000	1.0000	0.0000	1.0000	EUR	1	1
HGDP00591	HGDP	Druze	NA	-	0.0264	0.0000	0.0000	0.8547	0.1189	0.8547	EUR	0.0270	0.0000	0.0000	0.8683	0.1047	0.8683	EUR	1	0
HGDP00563	HGDP	Druze	NA	-	0.0342	0.0000	0.0000	0.8492	0.1166	0.8492	EUR	0.0348	0.0000	0.0000	0.8618	0.1033	0.8618	EUR	1	0
LP6005441-DNA_E03	HGDP	Burusho	NA	-	0.0000	0.0034	0.0900	0.2571	0.6495	0.6495	SAS	0.0000	0.0035	0.0895	0.3053	0.6016	0.6016	SAS	1	0
HGDP00876	HGDP	Maya	AMR	-	0.0093	0.6715	0.0000	0.3026	0.0166	0.6715	AMR	0.0094	0.6721	0.0000	0.3033	0.0152	0.6721	AMR	1	0
HGDP00586	HGDP	Druze	NA	-	0.0336	0.0000	0.0000	0.8464	0.1199	0.8464	EUR	0.0342	0.0000	0.0000	0.8596	0.1062	0.8596	EUR	1	0
HGDP00776	HGDP	Han	EAS	EAS	0.0000	0.0000	1.0000	0.0000	0.0000	1.0000	EAS	0.0000	0.0000	1.0000	0.0000	0.0000	1.0000	EAS	1	1
HGDP01239	HGDP	Hezhen	EAS	-	0.0000	0.0215	0.9487	0.0182	0.0117	0.9487	EAS	0.0000	0.0232	0.9445	0.0207	0.0116	0.9445	EAS	1	1
HGDP01351	HGDP	Tu	EAS	-	0.0000	0.0035	0.9127	0.0473	0.0366	0.9127	EAS	0.0000	0.0043	0.9090	0.0512	0.0356	0.9090	EAS	1	0
HGDP00581	HGDP	Druze	NA	-	0.0222	0.0000	0.0000	0.8505	0.1273	0.8505	EUR	0.0227	0.0000	0.0000	0.8649	0.1124	0.8649	EUR	1	0
HGDP01167	HGDP	Tuscan	EUR	-	0.0000	0.0000	0.0000	0.9860	0.0140	0.9860	EUR	0.0000	0.0000	0.0000	0.9877	0.0123	0.9877	EUR	1	1
HGDP00423	HGDP	Burusho	NA	-	0.0000	0.0038	0.0880	0.2333	0.6749	0.6749	SAS	0.0000	0.0040	0.0877	0.2842	0.6241	0.6241	SAS	1	0
HGDP01408	HGDP	BantuKenya	AFR	AFR	1.0000	0.0000	0.0000	0.0000	0.0000	1.0000	AFR	0.9938	0.0000	0.0000	0.0062	0.0000	0.9938	AFR	1	1
HGDP01376	HGDP	Basque	EUR	-	0.0000	0.0000	0.0000	1.0000	0.0000	1.0000	EUR	0.0000	0.0000	0.0000	1.0000	0.0000	1.0000	EUR	1	1
HGDP00285	HGDP	Kalash	NA	-	0.0000	0.0002	0.0000	0.3166	0.6832	0.6832	SAS	0.0000	0.0005	0.0000	0.3698	0.6296	0.6296	SAS	1	0
HGDP00986	HGDP	BiakaPygmy	AFR	-	1.0000	0.0000	0.0000	0.0000	0.0000	1.0000	AFR	1.0000	0.0000	0.0000	0.0000	0.0000	1.0000	AFR	1	1
HGDP01241	HGDP	Hezhen	EAS	-	0.0000	0.0209	0.9468	0.0205	0.0118	0.9468	EAS	0.0000	0.0223	0.9435	0.0225	0.0117	0.9435	EAS	1	1
HGDP00096	HGDP	Balochi	SAS	SAS	0.0000	0.0000	0.0000	0.0000	1.0000	1.0000	SAS	0.0107	0.0000	0.0000	0.3714	0.6178	0.6178	SAS	1	1
HGDP00017	HGDP	Brahui	NA	-	0.0026	0.0000	0.0000	0.3477	0.6497	0.6497	SAS	0.0038	0.0000	0.0000	0.4066	0.5896	0.5896	SAS	1	0
HGDP01302	HGDP	Uygur	EAS	-	0.0000	0.0297	0.5549	0.2563	0.1591	0.5549	EAS	0.0000	0.0309	0.5524	0.2697	0.1470	0.5524	EAS	1	0
HGDP00759	HGDP	Japanese	EAS	EAS	0.0000	0.0000	1.0000	0.0000	0.0000	1.0000	EAS	0.0000	0.0000	1.0000	0.0000	0.0000	1.0000	EAS	1	1
HGDP00148	HGDP	Makrani	SAS	SAS	0.0000	0.0000	0.0000	0.0000	1.0000	1.0000	SAS	0.0437	0.0000	0.0000	0.4169	0.5394	0.5394	SAS	1	1
LP6005443-DNA_E02	HGDP	BantuSouthAfrica	AFR	AFR	1.0000	0.0000	0.0000	0.0000	0.0000	1.0000	AFR	1.0000	0.0000	0.0000	0.0000	0.0000	1.0000	AFR	1	1
HGDP01101	HGDP	Tujia	EAS	-	0.0000	0.0000	1.0000	0.0000	0.0000	1.0000	EAS	0.0000	0.0000	1.0000	0.0000	0.0000	1.0000	EAS	1	1
HGDP00765	HGDP	Japanese	EAS	EAS	0.0000	0.0000	1.0000	0.0000	0.0000	1.0000	EAS	0.0000	0.0000	1.0000	0.0000	0.0000	1.0000	EAS	1	1
HGDP00230	HGDP	Pathan	NA	-	0.0000	0.0030	0.0051	0.2741	0.7178	0.7178	SAS	0.0000	0.0030	0.0050	0.3272	0.6648	0.6648	SAS	1	0
HGDP00438	HGDP	Burusho	NA	-	0.0000	0.0055	0.0784	0.2403	0.6757	0.6757	SAS	0.0000	0.0057	0.0779	0.2902	0.6261	0.6261	SAS	1	0
HGDP00913	HGDP	Mandenka	AFR	AFR	1.0000	0.0000	0.0000	0.0000	0.0000	1.0000	AFR	1.0000	0.0000	0.0000	0.0000	0.0000	1.0000	AFR	1	1
HGDP01185	HGDP	Yi	EAS	-	0.0000	0.0000	0.9999	0.0000	0.0000	0.9999	EAS	0.0000	0.0000	1.0000	0.0000	0.0000	1.0000	EAS	1	1
HGDP01372	HGDP	Basque	EUR	-	0.0000	0.0000	0.0000	1.0000	0.0000	1.0000	EUR	0.0000	0.0000	0.0000	1.0000	0.0000	1.0000	EUR	1	1
HGDP00206	HGDP	Sindhi	NA	-	0.0000	0.0000	0.0000	0.1803	0.8197	0.8197	SAS	0.0000	0.0000	0.0000	0.2407	0.7592	0.7592	SAS	1	0
HGDP01069	HGDP	Sardinian	EUR	-	0.0000	0.0000	0.0000	1.0000	0.0000	1.0000	EUR	0.0000	0.0000	0.0000	1.0000	0.0000	1.0000	EUR	1	1
HGDP00812	HGDP	Han	EAS	EAS	0.0000	0.0000	1.0000	0.0000	0.0000	1.0000	EAS	0.0000	0.0000	1.0000	0.0000	0.0000	1.0000	EAS	1	1
HGDP00782	HGDP	Han	EAS	EAS	0.0000	0.0000	1.0000	0.0000	0.0000	1.0000	EAS	0.0000	0.0000	1.0000	0.0000	0.0000	1.0000	EAS	1	1
HGDP01169	HGDP	Tuscan	EUR	-	0.0000	0.0000	0.0000	0.9971	0.0029	0.9971	EUR	0.0000	0.0000	0.0000	0.9979	0.0020	0.9979	EUR	1	1
HGDP00602	HGDP	Druze	NA	-	0.0212	0.0000	0.0000	0.8578	0.1209	0.8578	EUR	0.0217	0.0000	0.0000	0.8717	0.1066	0.8717	EUR	1	0
HGDP00955	HGDP	Yakut	EAS	-	0.0000	0.0682	0.7928	0.0897	0.0492	0.7928	EAS	0.0000	0.0719	0.7833	0.0972	0.0477	0.7833	EAS	1	0
HGDP00047	HGDP	Brahui	NA	-	0.0468	0.0000	0.0000	0.3754	0.5778	0.5778	SAS	0.0484	0.0000	0.0000	0.4279	0.5236	0.5236	SAS	1	0
LP6005441-DNA_A01	HGDP	Adygei	EUR	-	0.0000	0.0008	0.0263	0.7880	0.1849	0.7880	EUR	0.0000	0.0009	0.0273	0.8068	0.1650	0.8068	EUR	1	0
HGDP01200	HGDP	Mandenka	AFR	AFR	1.0000	0.0000	0.0000	0.0000	0.0000	1.0000	AFR	1.0000	0.0000	0.0000	0.0000	0.0000	1.0000	AFR	1	1
HGDP00522	HGDP	French	EUR	EUR	0.0000	0.0000	0.0000	1.0000	0.0000	1.0000	EUR	0.0000	0.0000	0.0000	1.0000	0.0000	1.0000	EUR	1	1
HGDP00412	HGDP	Burusho	NA	-	0.0000	0.0055	0.0837	0.2173	0.6934	0.6934	SAS	0.0000	0.0057	0.0831	0.2679	0.6433	0.6433	SAS	1	0
HGDP00898	HGDP	Russian	EUR	-	0.0000	0.0143	0.0795	0.9043	0.0018	0.9043	EUR	0.0000	0.0148	0.0808	0.9029	0.0015	0.9029	EUR	1	0
HGDP00600	HGDP	Druze	NA	-	0.0177	0.0000	0.0000	0.8526	0.1297	0.8526	EUR	0.0183	0.0000	0.0000	0.8665	0.1152	0.8665	EUR	1	0
HGDP00752	HGDP	Japanese	EAS	EAS	0.0000	0.0000	1.0000	0.0000	0.0000	1.0000	EAS	0.0000	0.0000	1.0000	0.0000	0.0000	1.0000	EAS	1	1
HGDP00141	HGDP	Makrani	SAS	SAS	0.0000	0.0000	0.0000	0.0000	1.0000	1.0000	SAS	0.0599	0.0000	0.0000	0.4399	0.5001	0.5001	SAS	1	1
HGDP01288	HGDP	Han	EAS	-	0.0000	0.0000	0.9645	0.0202	0.0153	0.9645	EAS	0.0000	0.0007	0.9615	0.0228	0.0149	0.9615	EAS	1	1
HGDP01216	HGDP	Daur	EAS	-	0.0000	0.0267	0.9306	0.0333	0.0094	0.9306	EAS	0.0000	0.0282	0.9264	0.0356	0.0097	0.9264	EAS	1	1
HGDP00080	HGDP	Balochi	SAS	SAS	0.0000	0.0000	0.0000	0.0000	1.0000	1.0000	SAS	0.0117	0.0000	0.0000	0.4159	0.5724	0.5724	SAS	1	1
HGDP00056	HGDP	Balochi	NA	-	0.0004	0.0000	0.0000	0.2532	0.7463	0.7463	SAS	0.0031	0.0000	0.0000	0.3130	0.6838	0.6838	SAS	1	0
HGDP01102	HGDP	Tujia	EAS	-	0.0000	0.0000	1.0000	0.0000	0.0000	1.0000	EAS	0.0000	0.0000	1.0000	0.0000	0.0000	1.0000	EAS	1	1
HGDP00907	HGDP	Mandenka	AFR	AFR	1.0000	0.0000	0.0000	0.0000	0.0000	1.0000	AFR	1.0000	0.0000	0.0000	0.0000	0.0000	1.0000	AFR	1	1
HGDP00099	HGDP	Hazara	NA	-	0.0000	0.0214	0.4582	0.2883	0.2322	0.4582	EAS	0.0000	0.0223	0.4560	0.3065	0.2152	0.4560	EAS	1	0
HGDP00693	HGDP	Palestinian	NA	-	0.0744	0.0000	0.0000	0.8073	0.1183	0.8073	EUR	0.0750	0.0000	0.0000	0.8201	0.1049	0.8201	EUR	1	0
SS6004470	HGDP	Mandenka	AFR	AFR	1.0000	0.0000	0.0000	0.0000	0.0000	1.0000	AFR	0.9972	0.0000	0.0000	0.0028	0.0000	0.9972	AFR	1	1
HGDP01056	HGDP	Pima	AMR	-	0.0000	0.9721	0.0279	0.0000	0.0000	0.9721	AMR	0.0000	0.9727	0.0272	0.0000	0.0000	0.9727	AMR	1	1
HGDP00895	HGDP	Russian	EUR	-	0.0000	0.0155	0.0792	0.9052	0.0000	0.9052	EUR	0.0000	0.0161	0.0804	0.9034	0.0000	0.9034	EUR	1	0
HGDP01209	HGDP	Oroqen	EAS	-	0.0000	0.0429	0.9302	0.0269	0.0000	0.9302	EAS	0.0000	0.0458	0.9241	0.0291	0.0011	0.9241	EAS	1	1
LP6005441-DNA_B06	HGDP	Italian	EUR	-	0.0000	0.0000	0.0000	1.0000	0.0000	1.0000	EUR	0.0000	0.0000	0.0000	1.0000	0.0000	1.0000	EUR	1	1
HGDP01329	HGDP	She	EAS	-	0.0000	0.0000	1.0000	0.0000	0.0000	1.0000	EAS	0.0000	0.0000	1.0000	0.0000	0.0000	1.0000	EAS	1	1
HGDP01029	HGDP	San	AFR	-	0.9736	0.0031	0.0000	0.0133	0.0100	0.9736	AFR	0.9735	0.0031	0.0000	0.0144	0.0090	0.9735	AFR	1	1
LP6005441-DNA_F07	HGDP	Mandenka	AFR	AFR	1.0000	0.0000	0.0000	0.0000	0.0000	1.0000	AFR	0.9926	0.0000	0.0000	0.0073	0.0000	0.9926	AFR	1	1
HGDP01353	HGDP	Tu	EAS	-	0.0000	0.0091	0.8949	0.0659	0.0301	0.8949	EAS	0.0000	0.0101	0.8911	0.0697	0.0291	0.8911	EAS	1	0
HGDP00468	HGDP	MbutiPygmy	AFR	-	1.0000	0.0000	0.0000	0.0000	0.0000	1.0000	AFR	1.0000	0.0000	0.0000	0.0000	0.0000	1.0000	AFR	1	1
HGDP00715	HGDP	Cambodian	EAS	-	0.0000	0.0000	0.8273	0.0000	0.1726	0.8273	EAS	0.0000	0.0000	0.8223	0.0069	0.1708	0.8223	EAS	1	0
LP6005441-DNA_D01	HGDP	Balochi	NA	-	0.0086	0.0000	0.0000	0.2808	0.7106	0.7106	SAS	0.0101	0.0000	0.0000	0.3402	0.6497	0.6497	SAS	1	0
HGDP00015	HGDP	Brahui	SAS	SAS	0.0000	0.0000	0.0000	0.0000	1.0000	1.0000	SAS	0.0043	0.0000	0.0000	0.4168	0.5789	0.5789	SAS	1	1
HGDP01051	HGDP	Pima	AMR	-	0.0000	0.9376	0.0618	0.0000	0.0006	0.9376	AMR	0.0000	0.9380	0.0593	0.0000	0.0027	0.9380	AMR	1	1
HGDP00346	HGDP	Burusho	NA	-	0.0000	0.0057	0.0843	0.2189	0.6911	0.6911	SAS	0.0000	0.0059	0.0838	0.2708	0.6395	0.6395	SAS	1	0
HGDP01062	HGDP	Sardinian	EUR	-	0.0089	0.0000	0.0000	0.9911	0.0000	0.9911	EUR	0.0093	0.0000	0.0000	0.9907	0.0000	0.9907	EUR	1	1
HGDP00402	HGDP	Burusho	NA	-	0.0000	0.0028	0.0905	0.2548	0.6519	0.6519	SAS	0.0000	0.0030	0.0902	0.3033	0.6036	0.6036	SAS	1	0
HGDP00627	HGDP	Bedouin	NA	-	0.1616	0.0000	0.0000	0.7657	0.0727	0.7657	EUR	0.1623	0.0000	0.0000	0.7746	0.0631	0.7746	EUR	1	0
HGDP00224	HGDP	Pathan	NA	-	0.0000	0.0022	0.0148	0.3585	0.6245	0.6245	SAS	0.0000	0.0024	0.0150	0.4068	0.5759	0.5759	SAS	1	0
HGDP00704	HGDP	Colombian	AMR	-	0.0000	1.0000	0.0000	0.0000	0.0000	1.0000	AMR	0.0000	1.0000	0.0000	0.0000	0.0000	1.0000	AMR	1	1
HGDP00187	HGDP	Sindhi	SAS	SAS	0.0000	0.0000	0.0000	0.0000	1.0000	1.0000	SAS	0.0000	0.0001	0.0000	0.2912	0.7086	0.7086	SAS	1	1
HGDP00751	HGDP	Japanese	EAS	EAS	0.0000	0.0000	1.0000	0.0000	0.0000	1.0000	EAS	0.0000	0.0000	1.0000	0.0000	0.0000	1.0000	EAS	1	1
HGDP00748	HGDP	Japanese	EAS	-	0.0000	0.0000	1.0000	0.0000	0.0000	1.0000	EAS	0.0000	0.0000	1.0000	0.0000	0.0000	1.0000	EAS	1	1
HGDP00838	HGDP	Surui	AMR	-	0.0000	1.0000	0.0000	0.0000	0.0000	1.0000	AMR	0.0000	1.0000	0.0000	0.0000	0.0000	1.0000	AMR	1	1
HGDP01254	HGDP	Mozabite	NA	-	0.2432	0.0000	0.0000	0.7567	0.0000	0.7567	EUR	0.2436	0.0000	0.0000	0.7564	0.0000	0.7564	EUR	1	0
HGDP00697	HGDP	Palestinian	NA	-	0.0680	0.0000	0.0000	0.8194	0.1127	0.8194	EUR	0.0686	0.0000	0.0000	0.8312	0.1002	0.8312	EUR	1	0
HGDP00161	HGDP	Makrani	NA	-	0.0369	0.0000	0.0000	0.3656	0.5975	0.5975	SAS	0.0383	0.0000	0.0000	0.4189	0.5428	0.5428	SAS	1	0
LP6005441-DNA_D07	HGDP	Makrani	NA	-	0.0364	0.0000	0.0000	0.3759	0.5877	0.5877	SAS	0.0393	0.0000	0.0000	0.4355	0.5251	0.5251	SAS	1	0
HGDP00251	HGDP	Pathan	NA	-	0.0000	0.0021	0.0211	0.3113	0.6655	0.6655	SAS	0.0000	0.0023	0.0213	0.3617	0.6148	0.6148	SAS	1	0
HGDP00788	HGDP	Melanesian	NA	-	0.0382	0.0000	0.4885	0.0000	0.4733	0.4885	EAS	0.0352	0.0000	0.4665	0.0000	0.4983	0.4983	SAS	0	0
HGDP00964	HGDP	Yakut	EAS	EAS	0.0000	0.0000	1.0000	0.0000	0.0000	1.0000	EAS	0.0000	0.0668	0.7648	0.1282	0.0402	0.7648	EAS	1	1
HGDP00173	HGDP	Sindhi	NA	-	0.1263	0.0000	0.0000	0.2003	0.6733	0.6733	SAS	0.1279	0.0000	0.0000	0.2529	0.6191	0.6191	SAS	1	0
HGDP01400	HGDP	Adygei	EUR	-	0.0000	0.0039	0.0372	0.7801	0.1788	0.7801	EUR	0.0000	0.0041	0.0383	0.7980	0.1596	0.7980	EUR	1	0
HGDP00944	HGDP	Yoruba	AFR	AFR	1.0000	0.0000	0.0000	0.0000	0.0000	1.0000	AFR	1.0000	0.0000	0.0000	0.0000	0.0000	1.0000	AFR	1	1
HGDP01071	HGDP	Sardinian	EUR	-	0.0000	0.0000	0.0000	1.0000	0.0000	1.0000	EUR	0.0000	0.0000	0.0000	1.0000	0.0000	1.0000	EUR	1	1
HGDP01334	HGDP	She	EAS	-	0.0000	0.0000	1.0000	0.0000	0.0000	1.0000	EAS	0.0000	0.0000	1.0000	0.0000	0.0000	1.0000	EAS	1	1
HGDP00970	HGDP	Colombian	AMR	-	0.0000	1.0000	0.0000	0.0000	0.0000	1.0000	AMR	0.0000	1.0000	0.0000	0.0000	0.0000	1.0000	AMR	1	1
HGDP00896	HGDP	Russian	EUR	-	0.0000	0.0134	0.0689	0.9092	0.0085	0.9092	EUR	0.0000	0.0141	0.0702	0.9079	0.0079	0.9079	EUR	1	0
LP6005443-DNA_E08	HGDP	Papuan	NA	-	0.0504	0.0000	0.3216	0.0000	0.6279	0.6279	SAS	0.0468	0.0000	0.2938	0.0000	0.6593	0.6593	SAS	1	0
HGDP01356	HGDP	Tu	EAS	-	0.0000	0.0063	0.8982	0.0498	0.0457	0.8982	EAS	0.0000	0.0072	0.8949	0.0550	0.0428	0.8949	EAS	1	0
HGDP01243	HGDP	Xibo	EAS	-	0.0000	0.0150	0.7565	0.2091	0.0194	0.7565	EAS	0.0000	0.0162	0.7534	0.2122	0.0181	0.7534	EAS	1	0
HGDP00540	HGDP	Papuan	NA	-	0.0462	0.0000	0.3259	0.0000	0.6278	0.6278	SAS	0.0421	0.0000	0.2973	0.0000	0.6606	0.6606	SAS	1	0
HGDP00632	HGDP	Bedouin	NA	-	0.1650	0.0000	0.0000	0.7443	0.0907	0.7443	EUR	0.1657	0.0000	0.0000	0.7547	0.0795	0.7547	EUR	1	0
HGDP00258	HGDP	Pathan	NA	-	0.0000	0.0000	0.0126	0.2435	0.7440	0.7440	SAS	0.0000	0.0000	0.0127	0.2984	0.6889	0.6889	SAS	1	0
HGDP00538	HGDP	French	EUR	EUR	0.0000	0.0000	0.0000	1.0000	0.0000	1.0000	EUR	0.0000	0.0000	0.0000	1.0000	0.0000	1.0000	EUR	1	1
HGDP01248	HGDP	Xibo	EAS	-	0.0000	0.0152	0.9026	0.0696	0.0126	0.9026	EAS	0.0000	0.0163	0.8993	0.0723	0.0120	0.8993	EAS	1	0
HGDP00309	HGDP	Kalash	NA	-	0.0000	0.0004	0.0000	0.3160	0.6836	0.6836	SAS	0.0000	0.0004	0.0000	0.3686	0.6310	0.6310	SAS	1	0
HGDP01194	HGDP	Miao	EAS	-	0.0000	0.0000	1.0000	0.0000	0.0000	1.0000	EAS	0.0000	0.0000	1.0000	0.0000	0.0000	1.0000	EAS	1	1
HGDP00975	HGDP	Han	EAS	-	0.0000	0.0000	1.0000	0.0000	0.0000	1.0000	EAS	0.0000	0.0000	1.0000	0.0000	0.0000	1.0000	EAS	1	1
HGDP00689	HGDP	Palestinian	NA	-	0.0741	0.0000	0.0000	0.8211	0.1048	0.8211	EUR	0.0747	0.0000	0.0000	0.8326	0.0927	0.8326	EUR	1	0
HGDP00519	HGDP	French	EUR	EUR	0.0000	0.0000	0.0000	1.0000	0.0000	1.0000	EUR	0.0000	0.0000	0.0000	1.0000	0.0000	1.0000	EUR	1	1
HGDP01294	HGDP	Han	EAS	-	0.0000	0.0000	0.9851	0.0113	0.0036	0.9851	EAS	0.0000	0.0000	0.9821	0.0131	0.0048	0.9821	EAS	1	1
HGDP01263	HGDP	Mozabite	NA	-	0.2010	0.0000	0.0000	0.7989	0.0000	0.7989	EUR	0.2014	0.0000	0.0000	0.7986	0.0000	0.7986	EUR	1	0
HGDP01217	HGDP	Daur	EAS	-	0.0000	0.0229	0.9262	0.0502	0.0007	0.9262	EAS	0.0000	0.0243	0.9222	0.0522	0.0013	0.9222	EAS	1	0
LP6005441-DNA_D03	HGDP	Brahui	NA	-	0.0216	0.0000	0.0000	0.3313	0.6470	0.6470	SAS	0.0233	0.0000	0.0000	0.3894	0.5873	0.5873	SAS	1	0
LP6005443-DNA_G01	HGDP	She	EAS	-	0.0000	0.0000	1.0000	0.0000	0.0000	1.0000	EAS	0.0000	0.0000	1.0000	0.0000	0.0000	1.0000	EAS	1	1
HGDP01192	HGDP	Miao	EAS	-	0.0000	0.0000	1.0000	0.0000	0.0000	1.0000	EAS	0.0000	0.0000	1.0000	0.0000	0.0000	1.0000	EAS	1	1
LP6005592-DNA_D03	HGDP	Dai	EAS	-	0.0000	0.0000	1.0000	0.0000	0.0000	1.0000	EAS	0.0000	0.0000	1.0000	0.0000	0.0000	1.0000	EAS	1	1
HGDP00169	HGDP	Sindhi	SAS	SAS	0.0000	0.0000	0.0000	0.0000	1.0000	1.0000	SAS	0.0000	0.0000	0.0000	0.2354	0.7645	0.7645	SAS	1	1
HGDP00021	HGDP	Brahui	SAS	SAS	0.0000	0.0000	0.0000	0.0000	1.0000	1.0000	SAS	0.0278	0.0000	0.0000	0.4045	0.5677	0.5677	SAS	1	1
HGDP01318	HGDP	Lahu	EAS	-	0.0000	0.0000	1.0000	0.0000	0.0000	1.0000	EAS	0.0000	0.0000	1.0000	0.0000	0.0000	1.0000	EAS	1	1
HGDP00646	HGDP	Bedouin	NA	-	0.1909	0.0000	0.0000	0.7529	0.0561	0.7529	EUR	0.1915	0.0000	0.0000	0.7599	0.0486	0.7599	EUR	1	0
HGDP00599	HGDP	Druze	NA	-	0.0195	0.0000	0.0000	0.8630	0.1175	0.8630	EUR	0.0200	0.0000	0.0000	0.8757	0.1043	0.8757	EUR	1	0
HGDP01396	HGDP	Adygei	EUR	-	0.0000	0.0016	0.0495	0.8104	0.1385	0.8104	EUR	0.0000	0.0018	0.0506	0.8237	0.1239	0.8237	EUR	1	0
HGDP00066	HGDP	Balochi	NA	-	0.0000	0.0000	0.0000	0.3636	0.6363	0.6363	SAS	0.0000	0.0000	0.0000	0.4232	0.5767	0.5767	SAS	1	0
LP6005441-DNA_D05	HGDP	Han	EAS	-	0.0000	0.0000	1.0000	0.0000	0.0000	1.0000	EAS	0.0000	0.0000	1.0000	0.0000	0.0000	1.0000	EAS	1	1
HGDP01331	HGDP	She	EAS	-	0.0000	0.0000	1.0000	0.0000	0.0000	1.0000	EAS	0.0000	0.0000	1.0000	0.0000	0.0000	1.0000	EAS	1	1
HGDP00949	HGDP	Yakut	EAS	-	0.0000	0.0514	0.5948	0.3376	0.0161	0.5948	EAS	0.0000	0.0536	0.5908	0.3403	0.0153	0.5908	EAS	1	0
HGDP00615	HGDP	Bedouin	NA	-	0.0855	0.0000	0.0000	0.7954	0.1191	0.7954	EUR	0.0862	0.0000	0.0000	0.8080	0.1058	0.8080	EUR	1	0
HGDP00281	HGDP	Kalash	NA	-	0.0000	0.0000	0.0000	0.3075	0.6925	0.6925	SAS	0.0000	0.0000	0.0000	0.3613	0.6386	0.6386	SAS	1	0
LP6005441-DNA_E06	HGDP	Kalash	NA	-	0.0000	0.0018	0.0000	0.3185	0.6797	0.6797	SAS	0.0000	0.0019	0.0000	0.3722	0.6258	0.6258	SAS	1	0
LP6005441-DNA_H11	HGDP	Sindhi	NA	-	0.0000	0.0000	0.0000	0.1792	0.8208	0.8208	SAS	0.0000	0.0000	0.0000	0.2392	0.7607	0.7607	SAS	1	0
HGDP01100	HGDP	Tujia	EAS	-	0.0000	0.0000	1.0000	0.0000	0.0000	1.0000	EAS	0.0000	0.0000	1.0000	0.0000	0.0000	1.0000	EAS	1	1
HGDP00520	HGDP	French	EUR	EUR	0.0000	0.0000	0.0000	1.0000	0.0000	1.0000	EUR	0.0064	0.0000	0.0000	0.9928	0.0008	0.9928	EUR	1	1
HGDP00590	HGDP	Druze	NA	-	0.0185	0.0000	0.0000	0.8679	0.1136	0.8679	EUR	0.0191	0.0000	0.0000	0.8813	0.0996	0.8813	EUR	1	0
HGDP00025	HGDP	Brahui	SAS	SAS	0.0000	0.0000	0.0000	0.0000	1.0000	1.0000	SAS	0.0000	0.0000	0.0000	0.4146	0.5853	0.5853	SAS	1	1
HGDP00892	HGDP	Russian	EUR	-	0.0000	0.0101	0.0757	0.9142	0.0000	0.9142	EUR	0.0000	0.0106	0.0769	0.9126	0.0000	0.9126	EUR	1	0
HGDP01379	HGDP	Basque	EUR	-	0.0000	0.0000	0.0000	1.0000	0.0000	1.0000	EUR	0.0000	0.0000	0.0000	1.0000	0.0000	1.0000	EUR	1	1
LP6005441-DNA_C03	HGDP	Brahui	NA	-	0.0000	0.0000	0.0264	0.3690	0.6046	0.6046	SAS	0.0024	0.0000	0.0269	0.4212	0.5495	0.5495	SAS	1	0
HGDP01077	HGDP	Sardinian	EUR	-	0.0000	0.0000	0.0000	1.0000	0.0000	1.0000	EUR	0.0000	0.0000	0.0000	1.0000	0.0000	1.0000	EUR	1	1
HGDP00023	HGDP	Brahui	NA	-	0.0073	0.0000	0.0000	0.3701	0.6226	0.6226	SAS	0.0087	0.0000	0.0000	0.4283	0.5629	0.5629	SAS	1	0
HGDP00904	HGDP	Mandenka	AFR	AFR	1.0000	0.0000	0.0000	0.0000	0.0000	1.0000	AFR	1.0000	0.0000	0.0000	0.0000	0.0000	1.0000	AFR	1	1
HGDP01349	HGDP	Tu	EAS	-	0.0000	0.0042	0.9392	0.0286	0.0280	0.9392	EAS	0.0000	0.0047	0.9359	0.0318	0.0276	0.9359	EAS	1	1
HGDP00883	HGDP	Russian	EUR	-	0.0000	0.0085	0.0785	0.9130	0.0000	0.9130	EUR	0.0000	0.0091	0.0797	0.9112	0.0000	0.9112	EUR	1	0
HGDP00290	HGDP	Kalash	NA	-	0.0000	0.0022	0.0016	0.2998	0.6964	0.6964	SAS	0.0000	0.0023	0.0021	0.3536	0.6420	0.6420	SAS	1	0
HGDP01181	HGDP	Yi	EAS	-	0.0000	0.0000	1.0000	0.0000	0.0000	1.0000	EAS	0.0000	0.0000	1.0000	0.0000	0.0000	1.0000	EAS	1	1
HGDP00772	HGDP	Japanese	EAS	EAS	0.0000	0.0000	1.0000	0.0000	0.0000	1.0000	EAS	0.0000	0.0000	1.0000	0.0000	0.0000	1.0000	EAS	1	1
HGDP00104	HGDP	Hazara	NA	-	0.0000	0.0131	0.3101	0.3426	0.3343	0.3426	EUR	0.0000	0.0138	0.3092	0.3699	0.3071	0.3699	EUR	1	0
HGDP00753	HGDP	Japanese	EAS	EAS	0.0000	0.0000	1.0000	0.0000	0.0000	1.0000	EAS	0.0000	0.0000	1.0000	0.0000	0.0000	1.0000	EAS	1	1
HGDP00914	HGDP	Mandenka	AFR	AFR	1.0000	0.0000	0.0000	0.0000	0.0000	1.0000	AFR	0.9991	0.0000	0.0000	0.0008	0.0000	0.9991	AFR	1	1
HGDP00712	HGDP	Cambodian	EAS	-	0.0000	0.0000	0.9838	0.0000	0.0162	0.9838	EAS	0.0000	0.0000	0.9806	0.0000	0.0194	0.9806	EAS	1	1
HGDP00528	HGDP	French	EUR	-	0.0000	0.0000	0.0000	1.0000	0.0000	1.0000	EUR	0.0000	0.0000	0.0000	1.0000	0.0000	1.0000	EUR	1	1
SS6004475	HGDP	Yoruba	AFR	AFR	1.0000	0.0000	0.0000	0.0000	0.0000	1.0000	AFR	1.0000	0.0000	0.0000	0.0000	0.0000	1.0000	AFR	1	1
LP6005441-DNA_F05	HGDP	Hazara	NA	-	0.0000	0.0169	0.4201	0.3046	0.2584	0.4201	EAS	0.0000	0.0177	0.4184	0.3256	0.2383	0.4184	EAS	1	0
HGDP01212	HGDP	Oroqen	EAS	-	0.0000	0.0236	0.9214	0.0460	0.0090	0.9214	EAS	0.0000	0.0253	0.9174	0.0480	0.0093	0.9174	EAS	1	0
HGDP00573	HGDP	Druze	NA	-	0.0303	0.0000	0.0000	0.8404	0.1293	0.8404	EUR	0.0308	0.0000	0.0000	0.8541	0.1151	0.8541	EUR	1	0
HGDP01230	HGDP	Mongola	EAS	-	0.0000	0.0419	0.8257	0.1019	0.0305	0.8257	EAS	0.0000	0.0440	0.8206	0.1059	0.0295	0.8206	EAS	1	0
HGDP00122	HGDP	Hazara	NA	-	0.0000	0.0158	0.4551	0.2556	0.2735	0.4551	EAS	0.0000	0.0165	0.4532	0.2775	0.2528	0.4532	EAS	1	0
HGDP00787	HGDP	Melanesian	NA	-	0.0384	0.0000	0.4787	0.0000	0.4828	0.4828	SAS	0.0358	0.0000	0.4574	0.0000	0.5067	0.5067	SAS	1	0
HGDP00137	HGDP	Makrani	NA	-	0.0251	0.0000	0.0000	0.3732	0.6017	0.6017	SAS	0.0262	0.0000	0.0000	0.4289	0.5449	0.5449	SAS	1	0
HGDP00969	HGDP	Yakut	EAS	-	0.0000	0.0613	0.6579	0.2551	0.0257	0.6579	EAS	0.0000	0.0640	0.6524	0.2590	0.0246	0.6524	EAS	1	0
HGDP01282	HGDP	Mozabite	NA	-	0.2270	0.0000	0.0000	0.7730	0.0000	0.7730	EUR	0.2274	0.0000	0.0000	0.7726	0.0000	0.7726	EUR	1	0
LP6005441-DNA_F04	HGDP	Daur	EAS	-	0.0000	0.0208	0.9150	0.0462	0.0180	0.9150	EAS	0.0000	0.0225	0.9110	0.0492	0.0173	0.9110	EAS	1	0
HGDP00341	HGDP	Burusho	NA	-	0.0000	0.0084	0.0940	0.2289	0.6687	0.6687	SAS	0.0000	0.0086	0.0932	0.2777	0.6205	0.6205	SAS	1	0
HGDP01398	HGDP	Adygei	EUR	-	0.0000	0.0000	0.0183	0.7928	0.1888	0.7928	EUR	0.0000	0.0000	0.0193	0.8125	0.1682	0.8125	EUR	1	0
HGDP00899	HGDP	Russian	EUR	-	0.0000	0.0115	0.0701	0.9183	0.0000	0.9183	EUR	0.0000	0.0120	0.0715	0.9165	0.0000	0.9165	EUR	1	0
HGDP00031	HGDP	Brahui	SAS	SAS	0.0000	0.0000	0.0000	0.0000	1.0000	1.0000	SAS	0.0091	0.0000	0.0000	0.3946	0.5963	0.5963	SAS	1	1
HGDP01213	HGDP	Daur	EAS	-	0.0000	0.0264	0.9386	0.0326	0.0024	0.9386	EAS	0.0000	0.0283	0.9335	0.0340	0.0041	0.9335	EAS	1	1
HGDP00808	HGDP	Orcadian	EUR	EUR	0.0000	0.0000	0.0000	1.0000	0.0000	1.0000	EUR	0.0000	0.0000	0.0000	1.0000	0.0000	1.0000	EUR	1	1
HGDP01289	HGDP	Han	EAS	-	0.0000	0.0000	0.9827	0.0173	0.0000	0.9827	EAS	0.0000	0.0005	0.9802	0.0193	0.0000	0.9802	EAS	1	1
HGDP00135	HGDP	Makrani	SAS	SAS	0.0000	0.0000	0.0000	0.0000	1.0000	1.0000	SAS	0.0032	0.0000	0.0000	0.4312	0.5655	0.5655	SAS	1	1
HGDP01182	HGDP	Yi	EAS	-	0.0000	0.0000	1.0000	0.0000	0.0000	1.0000	EAS	0.0000	0.0000	1.0000	0.0000	0.0000	1.0000	EAS	1	1
HGDP00566	HGDP	Druze	NA	-	0.0283	0.0000	0.0000	0.8522	0.1194	0.8522	EUR	0.0288	0.0000	0.0000	0.8654	0.1057	0.8654	EUR	1	0
HGDP00868	HGDP	Maya	AMR	-	0.0310	0.8199	0.0000	0.1489	0.0002	0.8199	AMR	0.0310	0.8203	0.0000	0.1486	0.0000	0.8203	AMR	1	0
HGDP00561	HGDP	Druze	NA	-	0.0307	0.0000	0.0000	0.8469	0.1224	0.8469	EUR	0.0313	0.0000	0.0000	0.8607	0.1080	0.8607	EUR	1	0
HGDP00479	HGDP	BiakaPygmy	AFR	-	1.0000	0.0000	0.0000	0.0000	0.0000	1.0000	AFR	1.0000	0.0000	0.0000	0.0000	0.0000	1.0000	AFR	1	1
LP6005443-DNA_G08	HGDP	San	AFR	-	0.9815	0.0037	0.0000	0.0068	0.0079	0.9815	AFR	0.9813	0.0037	0.0000	0.0077	0.0073	0.9813	AFR	1	1
HGDP00583	HGDP	Druze	NA	-	0.0240	0.0000	0.0000	0.8476	0.1284	0.8476	EUR	0.0247	0.0000	0.0000	0.8620	0.1133	0.8620	EUR	1	0
HGDP00359	HGDP	Burusho	NA	-	0.0000	0.0025	0.0865	0.2048	0.7063	0.7063	SAS	0.0000	0.0026	0.0859	0.2566	0.6549	0.6549	SAS	1	0
HGDP00102	HGDP	Hazara	NA	-	0.0000	0.0188	0.4500	0.2922	0.2390	0.4500	EAS	0.0000	0.0196	0.4484	0.3121	0.2198	0.4484	EAS	1	0
HGDP00167	HGDP	Sindhi	SAS	SAS	0.0000	0.0000	0.0000	0.0000	1.0000	1.0000	SAS	0.0070	0.0000	0.0000	0.2434	0.7496	0.7496	SAS	1	1
HGDP01067	HGDP	Sardinian	EUR	-	0.0000	0.0000	0.0000	1.0000	0.0000	1.0000	EUR	0.0000	0.0000	0.0000	1.0000	0.0000	1.0000	EUR	1	1
HGDP01177	HGDP	Italian	EUR	-	0.0000	0.0000	0.0000	1.0000	0.0000	1.0000	EUR	0.0000	0.0000	0.0000	1.0000	0.0000	1.0000	EUR	1	1
HGDP00594	HGDP	Druze	NA	-	0.0281	0.0000	0.0000	0.8435	0.1284	0.8435	EUR	0.0287	0.0000	0.0000	0.8570	0.1143	0.8570	EUR	1	0
HGDP00610	HGDP	Bedouin	NA	-	0.0724	0.0000	0.0000	0.8590	0.0687	0.8590	EUR	0.0729	0.0000	0.0000	0.8674	0.0596	0.8674	EUR	1	0
LP6005442-DNA_A02	HGDP	Yoruba	AFR	AFR	1.0000	0.0000	0.0000	0.0000	0.0000	1.0000	AFR	1.0000	0.0000	0.0000	0.0000	0.0000	1.0000	AFR	1	1
HGDP01260	HGDP	Mozabite	NA	-	0.2797	0.0000	0.0000	0.7203	0.0000	0.7203	EUR	0.2800	0.0000	0.0000	0.7199	0.0000	0.7199	EUR	1	0
LP6005441-DNA_G10	HGDP	Russian	EUR	-	0.0000	0.0086	0.0618	0.9294	0.0001	0.9294	EUR	0.0000	0.0092	0.0633	0.9275	0.0000	0.9275	EUR	1	0
LP6005441-DNA_H10	HGDP	Russian	EUR	-	0.0000	0.0073	0.0681	0.9247	0.0000	0.9247	EUR	0.0000	0.0079	0.0694	0.9227	0.0000	0.9227	EUR	1	0
HGDP00201	HGDP	Sindhi	SAS	SAS	0.0000	0.0000	0.0000	0.0000	1.0000	1.0000	SAS	0.0000	0.0000	0.0044	0.2986	0.6970	0.6970	SAS	1	1
HGDP01237	HGDP	Hezhen	EAS	-	0.0000	0.0387	0.9408	0.0205	0.0000	0.9408	EAS	0.0000	0.0411	0.9362	0.0224	0.0003	0.9362	EAS	1	1
HGDP00333	HGDP	Kalash	NA	-	0.0000	0.0000	0.0000	0.3206	0.6794	0.6794	SAS	0.0000	0.0000	0.0000	0.3733	0.6266	0.6266	SAS	1	0
HGDP01328	HGDP	She	EAS	-	0.0000	0.0000	1.0000	0.0000	0.0000	1.0000	EAS	0.0000	0.0000	1.0000	0.0000	0.0000	1.0000	EAS	1	1
LP6005441-DNA_F03	HGDP	Burusho	NA	-	0.0000	0.0048	0.0815	0.2608	0.6529	0.6529	SAS	0.0000	0.0050	0.0811	0.3090	0.6049	0.6049	SAS	1	0
HGDP01295	HGDP	Han	EAS	-	0.0000	0.0042	0.9780	0.0170	0.0008	0.9780	EAS	0.0000	0.0049	0.9746	0.0189	0.0016	0.9746	EAS	1	1
HGDP01293	HGDP	Han	EAS	-	0.0000	0.0025	0.9702	0.0273	0.0000	0.9702	EAS	0.0000	0.0031	0.9678	0.0290	0.0001	0.9678	EAS	1	1
HGDP01055	HGDP	Pima	AMR	-	0.0000	0.9097	0.0374	0.0528	0.0000	0.9097	AMR	0.0000	0.9105	0.0368	0.0527	0.0000	0.9105	AMR	1	0
HGDP00897	HGDP	Russian	EUR	-	0.0000	0.0140	0.0610	0.9251	0.0000	0.9251	EUR	0.0000	0.0144	0.0622	0.9234	0.0000	0.9234	EUR	1	0
HGDP00005	HGDP	Brahui	NA	-	0.0000	0.0000	0.0000	0.3511	0.6489	0.6489	SAS	0.0000	0.0004	0.0000	0.4104	0.5892	0.5892	SAS	1	0
HGDP00239	HGDP	Pathan	NA	-	0.0000	0.0000	0.0029	0.1584	0.8387	0.8387	SAS	0.0000	0.0000	0.0017	0.2171	0.7811	0.7811	SAS	1	0
HGDP00803	HGDP	Orcadian	EUR	EUR	0.0000	0.0000	0.0000	1.0000	0.0000	1.0000	EUR	0.0000	0.0000	0.0000	1.0000	0.0000	1.0000	EUR	1	1
HGDP00136	HGDP	Makrani	NA	-	0.0353	0.0000	0.0000	0.3499	0.6147	0.6147	SAS	0.0369	0.0000	0.0000	0.4059	0.5572	0.5572	SAS	1	0
HGDP00711	HGDP	Cambodian	EAS	-	0.0000	0.0000	0.8539	0.0000	0.1461	0.8539	EAS	0.0000	0.0000	0.8467	0.0000	0.1532	0.8467	EAS	1	0
HGDP00397	HGDP	Burusho	NA	-	0.0000	0.0045	0.0790	0.2220	0.6945	0.6945	SAS	0.0000	0.0047	0.0785	0.2733	0.6435	0.6435	SAS	1	0
HGDP00382	HGDP	Burusho	NA	-	0.0000	0.0027	0.0838	0.2416	0.6719	0.6719	SAS	0.0000	0.0029	0.0832	0.2918	0.6220	0.6220	SAS	1	0
HGDP00288	HGDP	Kalash	NA	-	0.0000	0.0010	0.0000	0.3098	0.6891	0.6891	SAS	0.0000	0.0011	0.0000	0.3634	0.6355	0.6355	SAS	1	0
HGDP00724	HGDP	Palestinian	NA	-	0.0837	0.0000	0.0000	0.8094	0.1069	0.8094	EUR	0.0843	0.0000	0.0000	0.8216	0.0941	0.8216	EUR	1	0
HGDP01347	HGDP	Tu	EAS	-	0.0000	0.0053	0.9110	0.0400	0.0437	0.9110	EAS	0.0000	0.0062	0.9077	0.0444	0.0417	0.9077	EAS	1	0
HGDP00703	HGDP	Colombian	AMR	-	0.0510	0.8449	0.0000	0.1041	0.0000	0.8449	AMR	0.0510	0.8453	0.0000	0.1037	0.0000	0.8453	AMR	1	0
HGDP00910	HGDP	Mandenka	AFR	AFR	1.0000	0.0000	0.0000	0.0000	0.0000	1.0000	AFR	1.0000	0.0000	0.0000	0.0000	0.0000	1.0000	AFR	1	1
HGDP01359	HGDP	Basque	EUR	-	0.0000	0.0000	0.0000	1.0000	0.0000	1.0000	EUR	0.0000	0.0000	0.0000	1.0000	0.0000	1.0000	EUR	1	1
HGDP00459	HGDP	BiakaPygmy	AFR	-	1.0000	0.0000	0.0000	0.0000	0.0000	1.0000	AFR	1.0000	0.0000	0.0000	0.0000	0.0000	1.0000	AFR	1	1
HGDP01341	HGDP	Naxi	EAS	-	0.0000	0.0037	0.9954	0.0000	0.0009	0.9954	EAS	0.0000	0.0039	0.9888	0.0000	0.0073	0.9888	EAS	1	1
HGDP00729	HGDP	Palestinian	NA	-	0.0840	0.0000	0.0000	0.8076	0.1084	0.8076	EUR	0.0846	0.0000	0.0000	0.8197	0.0956	0.8197	EUR	1	0
HGDP00649	HGDP	Bedouin	NA	-	0.0714	0.0000	0.0000	0.8499	0.0787	0.8499	EUR	0.0720	0.0000	0.0000	0.8595	0.0685	0.8595	EUR	1	0
HGDP01204	HGDP	Oroqen	EAS	-	0.0000	0.0226	0.9407	0.0240	0.0128	0.9407	EAS	0.0000	0.0245	0.9364	0.0261	0.0130	0.9364	EAS	1	1
HGDP00417	HGDP	Burusho	NA	-	0.0000	0.0066	0.0840	0.2363	0.6730	0.6730	SAS	0.0000	0.0069	0.0835	0.2864	0.6232	0.6232	SAS	1	0
HGDP00690	HGDP	Palestinian	NA	-	0.0741	0.0000	0.0000	0.8084	0.1175	0.8084	EUR	0.0747	0.0000	0.0000	0.8214	0.1039	0.8214	EUR	1	0
HGDP00644	HGDP	Bedouin	NA	-	0.0872	0.0000	0.0000	0.7945	0.1182	0.7945	EUR	0.0879	0.0000	0.0000	0.8066	0.1055	0.8066	EUR	1	0
HGDP00525	HGDP	French	EUR	EUR	0.0000	0.0000	0.0000	1.0000	0.0000	1.0000	EUR	0.0000	0.0000	0.0000	1.0000	0.0000	1.0000	EUR	1	1
HGDP00462	HGDP	MbutiPygmy	AFR	-	1.0000	0.0000	0.0000	0.0000	0.0000	1.0000	AFR	1.0000	0.0000	0.0000	0.0000	0.0000	1.0000	AFR	1	1
LP6005441-DNA_H05	HGDP	Hezhen	EAS	-	0.0000	0.0296	0.9474	0.0168	0.0062	0.9474	EAS	0.0000	0.0318	0.9430	0.0185	0.0067	0.9430	EAS	1	1
HGDP00779	HGDP	Han	EAS	EAS	0.0000	0.0000	1.0000	0.0000	0.0000	1.0000	EAS	0.0000	0.0000	1.0000	0.0000	0.0000	1.0000	EAS	1	1
HGDP01064	HGDP	Sardinian	EUR	-	0.0066	0.0000	0.0000	0.9934	0.0000	0.9934	EUR	0.0069	0.0000	0.0000	0.9931	0.0000	0.9931	EUR	1	1
HGDP00911	HGDP	Mandenka	AFR	AFR	1.0000	0.0000	0.0000	0.0000	0.0000	1.0000	AFR	0.9986	0.0000	0.0000	0.0013	0.0000	0.9986	AFR	1	1
HGDP01183	HGDP	Yi	EAS	-	0.0000	0.0000	1.0000	0.0000	0.0000	1.0000	EAS	0.0000	0.0000	1.0000	0.0000	0.0000	1.0000	EAS	1	1
LP6005441-DNA_G12	HGDP	Tuscan	EUR	-	0.0000	0.0000	0.0000	0.9971	0.0029	0.9971	EUR	0.0000	0.0000	0.0000	0.9984	0.0016	0.9984	EUR	1	1
HGDP00323	HGDP	Kalash	NA	-	0.0000	0.0003	0.0000	0.3141	0.6855	0.6855	SAS	0.0000	0.0007	0.0000	0.3681	0.6312	0.6312	SAS	1	0
HGDP01406	HGDP	BantuKenya	AFR	-	0.9932	0.0000	0.0000	0.0068	0.0000	0.9932	AFR	0.9927	0.0000	0.0000	0.0073	0.0000	0.9927	AFR	1	1
SS6004468	HGDP	French	EUR	-	0.0000	0.0000	0.0000	1.0000	0.0000	1.0000	EUR	0.0000	0.0000	0.0000	1.0000	0.0000	1.0000	EUR	1	1
HGDP01369	HGDP	Basque	EUR	-	0.0000	0.0000	0.0000	1.0000	0.0000	1.0000	EUR	0.0000	0.0000	0.0000	1.0000	0.0000	1.0000	EUR	1	1
HGDP00946	HGDP	Yakut	EAS	EAS	0.0000	0.0000	1.0000	0.0000	0.0000	1.0000	EAS	0.0000	0.0681	0.7979	0.1041	0.0299	0.7979	EAS	1	1
LP6005441-DNA_C06	HGDP	Japanese	EAS	-	0.0000	0.0000	1.0000	0.0000	0.0000	1.0000	EAS	0.0000	0.0000	1.0000	0.0000	0.0000	1.0000	EAS	1	1
HGDP00861	HGDP	Maya	AMR	-	0.0336	0.7786	0.0000	0.1795	0.0083	0.7786	AMR	0.0338	0.7792	0.0000	0.1802	0.0069	0.7792	AMR	1	0
HGDP00445	HGDP	Burusho	NA	-	0.0000	0.0078	0.0848	0.2411	0.6663	0.6663	SAS	0.0000	0.0079	0.0844	0.2896	0.6181	0.6181	SAS	1	0
HGDP01381	HGDP	Adygei	EUR	-	0.0000	0.0026	0.0508	0.7669	0.1798	0.7669	EUR	0.0000	0.0027	0.0519	0.7847	0.1607	0.7847	EUR	1	0
LP6005443-DNA_B01	HGDP	Dai	EAS	-	0.0000	0.0000	1.0000	0.0000	0.0000	1.0000	EAS	0.0000	0.0000	1.0000	0.0000	0.0000	1.0000	EAS	1	1
HGDP00965	HGDP	Yakut	EAS	EAS	0.0000	0.0000	1.0000	0.0000	0.0000	1.0000	EAS	0.0000	0.0652	0.8001	0.0959	0.0388	0.8001	EAS	1	1
HGDP01075	HGDP	Sardinian	EUR	-	0.0018	0.0000	0.0000	0.9982	0.0000	0.9982	EUR	0.0026	0.0000	0.0000	0.9974	0.0000	0.9974	EUR	1	1
HGDP00881	HGDP	Russian	EUR	EUR	0.0000	0.0000	0.0000	1.0000	0.0000	1.0000	EUR	0.0000	0.0129	0.0715	0.9156	0.0000	0.9156	EUR	1	1
HGDP01387	HGDP	Adygei	EUR	-	0.0000	0.0013	0.0273	0.7947	0.1767	0.7947	EUR	0.0000	0.0013	0.0283	0.8129	0.1574	0.8129	EUR	1	0
LP6005441-DNA_C07	HGDP	Makrani	NA	-	0.0179	0.0000	0.0000	0.3850	0.5971	0.5971	SAS	0.0197	0.0000	0.0000	0.4393	0.5410	0.5410	SAS	1	0
LP6005441-DNA_C09	HGDP	Orcadian	EUR	-	0.0000	0.0000	0.0000	1.0000	0.0000	1.0000	EUR	0.0000	0.0000	0.0000	1.0000	0.0000	1.0000	EUR	1	1
HGDP00769	HGDP	Japanese	EAS	EAS	0.0000	0.0000	1.0000	0.0000	0.0000	1.0000	EAS	0.0000	0.0000	1.0000	0.0000	0.0000	1.0000	EAS	1	1
HGDP00558	HGDP	Druze	NA	-	0.0267	0.0000	0.0000	0.8591	0.1141	0.8591	EUR	0.0273	0.0000	0.0000	0.8721	0.1006	0.8721	EUR	1	0
HGDP00993	HGDP	BantuSouthAfrica	AFR	-	1.0000	0.0000	0.0000	0.0000	0.0000	1.0000	AFR	1.0000	0.0000	0.0000	0.0000	0.0000	1.0000	AFR	1	1
HGDP00511	HGDP	French	EUR	EUR	0.0000	0.0000	0.0000	1.0000	0.0000	1.0000	EUR	0.0000	0.0000	0.0000	1.0000	0.0000	1.0000	EUR	1	1
HGDP01152	HGDP	Italian	EUR	-	0.0000	0.0000	0.0000	1.0000	0.0000	1.0000	EUR	0.0000	0.0000	0.0000	1.0000	0.0000	1.0000	EUR	1	1
HGDP00930	HGDP	Yoruba	AFR	AFR	1.0000	0.0000	0.0000	0.0000	0.0000	1.0000	AFR	1.0000	0.0000	0.0000	0.0000	0.0000	1.0000	AFR	1	1
HGDP01332	HGDP	She	EAS	-	0.0000	0.0000	1.0000	0.0000	0.0000	1.0000	EAS	0.0000	0.0000	1.0000	0.0000	0.0000	1.0000	EAS	1	1
HGDP00052	HGDP	Balochi	NA	-	0.0000	0.0000	0.0000	0.3657	0.6343	0.6343	SAS	0.0000	0.0000	0.0000	0.4256	0.5744	0.5744	SAS	1	0
LP6005441-DNA_G11	HGDP	Sindhi	NA	-	0.0000	0.0000	0.0000	0.2250	0.7750	0.7750	SAS	0.0000	0.0000	0.0000	0.2817	0.7182	0.7182	SAS	1	0
HGDP01385	HGDP	Adygei	EUR	-	0.0000	0.0016	0.0485	0.7722	0.1777	0.7722	EUR	0.0000	0.0021	0.0493	0.7899	0.1587	0.7899	EUR	1	0
LP6005441-DNA_G07	HGDP	Maya	AMR	-	0.0000	0.9746	0.0254	0.0000	0.0000	0.9746	AMR	0.0000	0.9753	0.0246	0.0000	0.0000	0.9753	AMR	1	1
HGDP00088	HGDP	Balochi	NA	-	0.0062	0.0000	0.0000	0.3869	0.6069	0.6069	SAS	0.0076	0.0000	0.0000	0.4418	0.5506	0.5506	SAS	1	0
HGDP00858	HGDP	Maya	AMR	-	0.0000	0.9254	0.0045	0.0700	0.0000	0.9254	AMR	0.0000	0.9262	0.0039	0.0699	0.0000	0.9262	AMR	1	0
HGDP00620	HGDP	Bedouin	NA	-	0.1561	0.0000	0.0000	0.7581	0.0857	0.7581	EUR	0.1569	0.0000	0.0000	0.7679	0.0752	0.7679	EUR	1	0
HGDP00818	HGDP	Han	EAS	EAS	0.0000	0.0000	1.0000	0.0000	0.0000	1.0000	EAS	0.0000	0.0000	1.0000	0.0000	0.0000	1.0000	EAS	1	1
HGDP01104	HGDP	Tujia	EAS	-	0.0000	0.0000	1.0000	0.0000	0.0000	1.0000	EAS	0.0000	0.0000	1.0000	0.0000	0.0000	1.0000	EAS	1	1
HGDP00631	HGDP	Bedouin	NA	-	0.0700	0.0000	0.0000	0.8633	0.0667	0.8633	EUR	0.0706	0.0000	0.0000	0.8724	0.0569	0.8724	EUR	1	0
SS6004473	HGDP	San	AFR	-	0.9735	0.0016	0.0000	0.0177	0.0072	0.9735	AFR	0.9734	0.0016	0.0000	0.0185	0.0064	0.9734	AFR	1	1
HGDP00078	HGDP	Balochi	SAS	SAS	0.0000	0.0000	0.0000	0.0000	1.0000	1.0000	SAS	0.0435	0.0000	0.0000	0.4405	0.5160	0.5160	SAS	1	1
LP6005441-DNA_G04	HGDP	Druze	NA	-	0.0227	0.0000	0.0000	0.8570	0.1203	0.8570	EUR	0.0232	0.0000	0.0000	0.8700	0.1068	0.8700	EUR	1	0
HGDP01258	HGDP	Mozabite	NA	-	0.2357	0.0000	0.0000	0.7642	0.0000	0.7642	EUR	0.2361	0.0000	0.0000	0.7639	0.0000	0.7639	EUR	1	0
HGDP00963	HGDP	Yakut	EAS	EAS	0.0000	0.0000	1.0000	0.0000	0.0000	1.0000	EAS	0.0000	0.0700	0.7917	0.0985	0.0398	0.7917	EAS	1	1
LP6005441-DNA_D02	HGDP	Basque	EUR	-	0.0000	0.0000	0.0000	1.0000	0.0000	1.0000	EUR	0.0000	0.0000	0.0000	1.0000	0.0000	1.0000	EUR	1	1
HGDP00976	HGDP	Han	EAS	-	0.0000	0.0000	1.0000	0.0000	0.0000	1.0000	EAS	0.0000	0.0000	1.0000	0.0000	0.0000	1.0000	EAS	1	1
LP6005441-DNA_A12	HGDP	Surui	AMR	-	0.0000	1.0000	0.0000	0.0000	0.0000	1.0000	AMR	0.0000	1.0000	0.0000	0.0000	0.0000	1.0000	AMR	1	1
HGDP00645	HGDP	Bedouin	NA	-	0.1174	0.0000	0.0000	0.7877	0.0948	0.7877	EUR	0.1181	0.0000	0.0000	0.7982	0.0837	0.7982	EUR	1	0
HGDP01190	HGDP	Miao	EAS	-	0.0000	0.0000	1.0000	0.0000	0.0000	1.0000	EAS	0.0000	0.0000	1.0000	0.0000	0.0000	1.0000	EAS	1	1
HGDP01094	HGDP	BiakaPygmy	AFR	-	1.0000	0.0000	0.0000	0.0000	0.0000	1.0000	AFR	1.0000	0.0000	0.0000	0.0000	0.0000	1.0000	AFR	1	1
HGDP00523	HGDP	French	EUR	EUR	0.0000	0.0000	0.0000	1.0000	0.0000	1.0000	EUR	0.0000	0.0000	0.0000	1.0000	0.0000	1.0000	EUR	1	1
HGDP01383	HGDP	Adygei	EUR	-	0.0000	0.0029	0.0189	0.7907	0.1875	0.7907	EUR	0.0000	0.0030	0.0197	0.8094	0.1679	0.8094	EUR	1	0
HGDP00609	HGDP	Bedouin	NA	-	0.1294	0.0000	0.0040	0.7819	0.0846	0.7819	EUR	0.1299	0.0000	0.0052	0.7907	0.0742	0.7907	EUR	1	0
HGDP00467	HGDP	MbutiPygmy	AFR	-	1.0000	0.0000	0.0000	0.0000	0.0000	1.0000	AFR	1.0000	0.0000	0.0000	0.0000	0.0000	1.0000	AFR	1	1
HGDP00074	HGDP	Balochi	NA	-	0.0029	0.0000	0.0000	0.3772	0.6199	0.6199	SAS	0.0056	0.0000	0.0000	0.4364	0.5579	0.5579	SAS	1	0
HGDP01090	HGDP	BiakaPygmy	AFR	-	1.0000	0.0000	0.0000	0.0000	0.0000	1.0000	AFR	1.0000	0.0000	0.0000	0.0000	0.0000	1.0000	AFR	1	1
LP6005441-DNA_E08	HGDP	Mongola	EAS	-	0.0000	0.0168	0.9318	0.0440	0.0074	0.9318	EAS	0.0000	0.0184	0.9282	0.0456	0.0078	0.9282	EAS	1	1
HGDP00999	HGDP	Karitiana	AMR	-	0.0000	1.0000	0.0000	0.0000	0.0000	1.0000	AMR	0.0000	1.0000	0.0000	0.0000	0.0000	1.0000	AMR	1	1
HGDP00726	HGDP	Palestinian	NA	-	0.0866	0.0000	0.0000	0.7967	0.1167	0.7967	EUR	0.0872	0.0000	0.0000	0.8092	0.1036	0.8092	EUR	1	0
HGDP01403	HGDP	Adygei	EUR	-	0.0000	0.0013	0.0260	0.8041	0.1687	0.8041	EUR	0.0000	0.0015	0.0273	0.8203	0.1509	0.8203	EUR	1	0
HGDP00535	HGDP	French	EUR	EUR	0.0000	0.0000	0.0000	1.0000	0.0000	1.0000	EUR	0.0000	0.0000	0.0000	1.0000	0.0000	1.0000	EUR	1	1
HGDP01070	HGDP	Sardinian	EUR	-	0.0000	0.0000	0.0000	1.0000	0.0000	1.0000	EUR	0.0000	0.0000	0.0000	1.0000	0.0000	1.0000	EUR	1	1
HGDP00129	HGDP	Hazara	NA	-	0.0000	0.0099	0.2328	0.4304	0.3270	0.4304	EUR	0.0000	0.0104	0.2325	0.4577	0.2994	0.4577	EUR	1	0
HGDP00938	HGDP	Yoruba	AFR	AFR	1.0000	0.0000	0.0000	0.0000	0.0000	1.0000	AFR	1.0000	0.0000	0.0000	0.0000	0.0000	1.0000	AFR	1	1
HGDP00555	HGDP	Papuan	NA	-	0.0485	0.0000	0.3200	0.0000	0.6315	0.6315	SAS	0.0448	0.0000	0.2927	0.0000	0.6625	0.6625	SAS	1	0
HGDP00811	HGDP	Han	EAS	EAS	0.0000	0.0000	1.0000	0.0000	0.0000	1.0000	EAS	0.0000	0.0000	1.0000	0.0000	0.0000	1.0000	EAS	1	1
HGDP00875	HGDP	Maya	AMR	-	0.0389	0.8817	0.0000	0.0704	0.0090	0.8817	AMR	0.0390	0.8821	0.0000	0.0710	0.0078	0.8821	AMR	1	0
HGDP00547	HGDP	Papuan	NA	-	0.0466	0.0000	0.3208	0.0000	0.6326	0.6326	SAS	0.0430	0.0000	0.2924	0.0000	0.6645	0.6645	SAS	1	0
HGDP01009	HGDP	Karitiana	AMR	-	0.0000	1.0000	0.0000	0.0000	0.0000	1.0000	AMR	0.0000	1.0000	0.0000	0.0000	0.0000	1.0000	AMR	1	1
LP6005443-DNA_F01	HGDP	She	EAS	-	0.0000	0.0000	1.0000	0.0000	0.0000	1.0000	EAS	0.0000	0.0000	1.0000	0.0000	0.0000	1.0000	EAS	1	1
HGDP01222	HGDP	Daur	EAS	-	0.0000	0.0247	0.9398	0.0333	0.0022	0.9398	EAS	0.0000	0.0266	0.9355	0.0350	0.0029	0.9355	EAS	1	1
HGDP00433	HGDP	Burusho	NA	-	0.0000	0.0056	0.0683	0.2301	0.6960	0.6960	SAS	0.0000	0.0057	0.0679	0.2817	0.6447	0.6447	SAS	1	0
HGDP00601	HGDP	Druze	NA	-	0.0268	0.0000	0.0000	0.8467	0.1264	0.8467	EUR	0.0274	0.0000	0.0000	0.8600	0.1126	0.8600	EUR	1	0
HGDP00444	HGDP	Burusho	NA	-	0.0000	0.0027	0.0856	0.2288	0.6829	0.6829	SAS	0.0000	0.0029	0.0850	0.2788	0.6333	0.6333	SAS	1	0
HGDP01186	HGDP	Yi	EAS	-	0.0000	0.0000	1.0000	0.0000	0.0000	1.0000	EAS	0.0000	0.0000	1.0000	0.0000	0.0000	1.0000	EAS	1	1
HGDP00647	HGDP	Bedouin	NA	-	0.1022	0.0000	0.0000	0.8060	0.0918	0.8060	EUR	0.1029	0.0000	0.0000	0.8167	0.0804	0.8167	EUR	1	0
LP6005441-DNA_D04	HGDP	Dai	EAS	-	0.0000	0.0000	1.0000	0.0000	0.0000	1.0000	EAS	0.0000	0.0000	1.0000	0.0000	0.0000	1.0000	EAS	1	1
HGDP00985	HGDP	BiakaPygmy	AFR	-	1.0000	0.0000	0.0000	0.0000	0.0000	1.0000	AFR	1.0000	0.0000	0.0000	0.0000	0.0000	1.0000	AFR	1	1
HGDP00214	HGDP	Pathan	NA	-	0.0000	0.0038	0.0442	0.4223	0.5297	0.5297	SAS	0.0000	0.0039	0.0447	0.4666	0.4848	0.4848	SAS	1	0
HGDP01166	HGDP	Tuscan	EUR	-	0.0000	0.0000	0.0000	0.9938	0.0061	0.9938	EUR	0.0000	0.0000	0.0000	0.9948	0.0052	0.9948	EUR	1	1
HGDP00372	HGDP	Burusho	NA	-	0.0000	0.0069	0.0914	0.2240	0.6777	0.6777	SAS	0.0000	0.0071	0.0907	0.2744	0.6277	0.6277	SAS	1	0
LP6005443-DNA_A01	HGDP	BantuKenya	AFR	AFR	1.0000	0.0000	0.0000	0.0000	0.0000	1.0000	AFR	0.9906	0.0000	0.0000	0.0093	0.0000	0.9906	AFR	1	1
HGDP01309	HGDP	Dai	EAS	-	0.0000	0.0000	1.0000	0.0000	0.0000	1.0000	EAS	0.0000	0.0000	1.0000	0.0000	0.0000	1.0000	EAS	1	1
HGDP00710	HGDP	Colombian	AMR	-	0.0000	1.0000	0.0000	0.0000	0.0000	1.0000	AMR	0.0000	1.0000	0.0000	0.0000	0.0000	1.0000	AMR	1	1
HGDP00454	HGDP	BiakaPygmy	AFR	-	1.0000	0.0000	0.0000	0.0000	0.0000	1.0000	AFR	1.0000	0.0000	0.0000	0.0000	0.0000	1.0000	AFR	1	1
HGDP01184	HGDP	Yi	EAS	-	0.0000	0.0000	1.0000	0.0000	0.0000	1.0000	EAS	0.0000	0.0006	0.9993	0.0000	0.0000	0.9993	EAS	1	1
HGDP00940	HGDP	Yoruba	AFR	AFR	1.0000	0.0000	0.0000	0.0000	0.0000	1.0000	AFR	1.0000	0.0000	0.0000	0.0000	0.0000	1.0000	AFR	1	1
HGDP00622	HGDP	Bedouin	NA	-	0.0975	0.0000	0.0000	0.7876	0.1149	0.7876	EUR	0.0982	0.0000	0.0000	0.7998	0.1020	0.7998	EUR	1	0
HGDP00551	HGDP	Papuan	NA	-	0.0452	0.0000	0.3156	0.0000	0.6392	0.6392	SAS	0.0418	0.0000	0.2878	0.0000	0.6704	0.6704	SAS	1	0
HGDP00226	HGDP	Pathan	NA	-	0.0000	0.0035	0.0291	0.3527	0.6147	0.6147	SAS	0.0000	0.0036	0.0292	0.4001	0.5671	0.5671	SAS	1	0
HGDP00924	HGDP	Yoruba	AFR	AFR	1.0000	0.0000	0.0000	0.0000	0.0000	1.0000	AFR	1.0000	0.0000	0.0000	0.0000	0.0000	1.0000	AFR	1	1
HGDP00542	HGDP	Papuan	NA	-	0.0448	0.0000	0.3133	0.0000	0.6419	0.6419	SAS	0.0416	0.0000	0.2855	0.0000	0.6729	0.6729	SAS	1	0
HGDP01220	HGDP	Daur	EAS	-	0.0000	0.0305	0.9290	0.0318	0.0087	0.9290	EAS	0.0000	0.0328	0.9239	0.0341	0.0091	0.9239	EAS	1	0
HGDP01225	HGDP	Mongola	EAS	-	0.0000	0.0111	0.9442	0.0397	0.0049	0.9442	EAS	0.0000	0.0126	0.9404	0.0426	0.0043	0.9404	EAS	1	1
HGDP00879	HGDP	Russian	EUR	-	0.0000	0.0125	0.0669	0.9206	0.0000	0.9206	EUR	0.0000	0.0130	0.0684	0.9186	0.0000	0.9186	EUR	1	0
HGDP00901	HGDP	Russian	EUR	-	0.0000	0.0155	0.0657	0.9188	0.0000	0.9188	EUR	0.0000	0.0159	0.0669	0.9172	0.0000	0.9172	EUR	1	0
HGDP00886	HGDP	Russian	EUR	EUR	0.0000	0.0000	0.0000	1.0000	0.0000	1.0000	EUR	0.0000	0.0088	0.0659	0.9254	0.0000	0.9254	EUR	1	1
HGDP00639	HGDP	Bedouin	NA	-	0.0949	0.0000	0.0000	0.8289	0.0761	0.8289	EUR	0.0955	0.0000	0.0000	0.8379	0.0665	0.8379	EUR	1	0
LP6005443-DNA_H01	HGDP	Tu	EAS	-	0.0000	0.0052	0.8792	0.0542	0.0614	0.8792	EAS	0.0000	0.0059	0.8755	0.0601	0.0585	0.8755	EAS	1	0
HGDP00931	HGDP	Yoruba	AFR	AFR	1.0000	0.0000	0.0000	0.0000	0.0000	1.0000	AFR	1.0000	0.0000	0.0000	0.0000	0.0000	1.0000	AFR	1	1
HGDP01352	HGDP	Tu	EAS	-	0.0000	0.0053	0.9282	0.0328	0.0337	0.9282	EAS	0.0000	0.0058	0.9251	0.0368	0.0323	0.9251	EAS	1	0
HGDP01337	HGDP	Naxi	EAS	-	0.0000	0.0000	1.0000	0.0000	0.0000	1.0000	EAS	0.0000	0.0000	1.0000	0.0000	0.0000	1.0000	EAS	1	1
LP6005441-DNA_F01	HGDP	BantuSouthAfrica	AFR	-	1.0000	0.0000	0.0000	0.0000	0.0000	1.0000	AFR	1.0000	0.0000	0.0000	0.0000	0.0000	1.0000	AFR	1	1
LP6005442-DNA_B02	HGDP	Yoruba	AFR	AFR	1.0000	0.0000	0.0000	0.0000	0.0000	1.0000	AFR	1.0000	0.0000	0.0000	0.0000	0.0000	1.0000	AFR	1	1
HGDP01275	HGDP	Mozabite	NA	-	0.2415	0.0000	0.0000	0.7585	0.0000	0.7585	EUR	0.2418	0.0000	0.0000	0.7581	0.0000	0.7581	EUR	1	0
HGDP00642	HGDP	Bedouin	NA	-	0.0910	0.0000	0.0000	0.8007	0.1083	0.8007	EUR	0.0916	0.0000	0.0000	0.8124	0.0959	0.8124	EUR	1	0
LP6005441-DNA_A04	HGDP	Colombian	AMR	-	0.0000	1.0000	0.0000	0.0000	0.0000	1.0000	AMR	0.0000	1.0000	0.0000	0.0000	0.0000	1.0000	AMR	1	1
LP6005441-DNA_H12	HGDP	Tuscan	EUR	-	0.0000	0.0000	0.0000	1.0000	0.0000	1.0000	EUR	0.0000	0.0000	0.0000	1.0000	0.0000	1.0000	EUR	1	1
HGDP00237	HGDP	Pathan	NA	-	0.0000	0.0000	0.0031	0.2000	0.7970	0.7970	SAS	0.0000	0.0000	0.0024	0.2555	0.7421	0.7421	SAS	1	0
HGDP00264	HGDP	Pathan	NA	-	0.0000	0.0000	0.0125	0.2807	0.7068	0.7068	SAS	0.0000	0.0000	0.0124	0.3322	0.6554	0.6554	SAS	1	0
LP6005441-DNA_B02	HGDP	BantuKenya	AFR	AFR	1.0000	0.0000	0.0000	0.0000	0.0000	1.0000	AFR	0.9902	0.0000	0.0000	0.0097	0.0000	0.9902	AFR	1	1
HGDP00799	HGDP	Orcadian	EUR	EUR	0.0000	0.0000	0.0000	1.0000	0.0000	1.0000	EUR	0.0000	0.0000	0.0000	1.0000	0.0000	1.0000	EUR	1	1
HGDP01226	HGDP	Mongola	EAS	-	0.0000	0.0495	0.8006	0.1086	0.0414	0.8006	EAS	0.0000	0.0516	0.7959	0.1131	0.0394	0.7959	EAS	1	0
HGDP00607	HGDP	Bedouin	NA	-	0.1069	0.0000	0.0000	0.8245	0.0686	0.8245	EUR	0.1075	0.0000	0.0000	0.8333	0.0592	0.8333	EUR	1	0
HGDP00780	HGDP	Han	EAS	EAS	0.0000	0.0000	1.0000	0.0000	0.0000	1.0000	EAS	0.0000	0.0000	1.0000	0.0000	0.0000	1.0000	EAS	1	1
HGDP00854	HGDP	Maya	AMR	-	0.0000	0.8984	0.0011	0.0939	0.0066	0.8984	AMR	0.0000	0.8990	0.0002	0.0938	0.0070	0.8990	AMR	1	0
HGDP00764	HGDP	Japanese	EAS	EAS	0.0000	0.0000	1.0000	0.0000	0.0000	1.0000	EAS	0.0000	0.0000	1.0000	0.0000	0.0000	1.0000	EAS	1	1
HGDP00205	HGDP	Sindhi	SAS	SAS	0.0000	0.0000	0.0000	0.0000	1.0000	1.0000	SAS	0.0000	0.0007	0.0068	0.2967	0.6958	0.6958	SAS	1	1
HGDP01155	HGDP	Italian	EUR	-	0.0000	0.0000	0.0000	1.0000	0.0000	1.0000	EUR	0.0000	0.0000	0.0000	1.0000	0.0000	1.0000	EUR	1	1
HGDP00001	HGDP	Brahui	NA	-	0.0000	0.0000	0.0000	0.3642	0.6358	0.6358	SAS	0.0000	0.0000	0.0000	0.4239	0.5761	0.5761	SAS	1	0
HGDP00671	HGDP	Sardinian	EUR	EUR	0.0000	0.0000	0.0000	1.0000	0.0000	1.0000	EUR	0.0000	0.0000	0.0000	1.0000	0.0000	1.0000	EUR	1	1
HGDP00663	HGDP	Melanesian	NA	-	0.0421	0.0000	0.4831	0.0000	0.4748	0.4831	EAS	0.0393	0.0000	0.4608	0.0000	0.4998	0.4998	SAS	0	0
HGDP00674	HGDP	Sardinian	EUR	EUR	0.0000	0.0000	0.0000	1.0000	0.0000	1.0000	EUR	0.0000	0.0000	0.0000	1.0000	0.0000	1.0000	EUR	1	1
HGDP00662	HGDP	Melanesian	NA	-	0.0380	0.0000	0.5203	0.0000	0.4417	0.5203	EAS	0.0351	0.0000	0.4991	0.0000	0.4658	0.4991	EAS	1	0
HGDP00669	HGDP	Sardinian	EUR	EUR	0.0000	0.0000	0.0000	1.0000	0.0000	1.0000	EUR	0.0000	0.0000	0.0000	1.0000	0.0000	1.0000	EUR	1	1
HGDP00677	HGDP	Palestinian	NA	-	0.0804	0.0000	0.0000	0.8036	0.1161	0.8036	EUR	0.0810	0.0000	0.0000	0.8163	0.1026	0.8163	EUR	1	0
HGDP00672	HGDP	Sardinian	EUR	EUR	0.0000	0.0000	0.0000	1.0000	0.0000	1.0000	EUR	0.0000	0.0000	0.0000	1.0000	0.0000	1.0000	EUR	1	1
HGDP00680	HGDP	Palestinian	NA	-	0.1109	0.0000	0.0000	0.7724	0.1167	0.7724	EUR	0.1115	0.0000	0.0000	0.7842	0.1042	0.7842	EUR	1	0
HGDP00664	HGDP	Melanesian	NA	-	0.0356	0.0000	0.4968	0.0000	0.4676	0.4968	EAS	0.0330	0.0000	0.4751	0.0000	0.4918	0.4918	SAS	0	0
HGDP00682	HGDP	Palestinian	NA	-	0.0784	0.0000	0.0000	0.8109	0.1107	0.8109	EUR	0.0790	0.0000	0.0000	0.8223	0.0987	0.8223	EUR	1	0
HGDP00673	HGDP	Sardinian	EUR	EUR	0.0000	0.0000	0.0000	1.0000	0.0000	1.0000	EUR	0.0045	0.0000	0.0000	0.9955	0.0000	0.9955	EUR	1	1
HGDP00667	HGDP	Sardinian	EUR	EUR	0.0000	0.0000	0.0000	1.0000	0.0000	1.0000	EUR	0.0004	0.0000	0.0000	0.9996	0.0000	0.9996	EUR	1	1
HGDP00676	HGDP	Palestinian	NA	-	0.0705	0.0000	0.0000	0.8027	0.1268	0.8027	EUR	0.0711	0.0000	0.0000	0.8159	0.1130	0.8159	EUR	1	0
HGDP00670	HGDP	Sardinian	EUR	EUR	0.0000	0.0000	0.0000	1.0000	0.0000	1.0000	EUR	0.0000	0.0000	0.0000	1.0000	0.0000	1.0000	EUR	1	1
HGDP00675	HGDP	Palestinian	NA	-	0.0658	0.0000	0.0000	0.8361	0.0981	0.8361	EUR	0.0664	0.0000	0.0000	0.8465	0.0872	0.8465	EUR	1	0
HGDP00668	HGDP	Sardinian	EUR	-	0.0048	0.0000	0.0000	0.9952	0.0000	0.9952	EUR	0.0054	0.0000	0.0000	0.9945	0.0000	0.9945	EUR	1	1
HGDP00666	HGDP	Sardinian	EUR	EUR	0.0000	0.0000	0.0000	1.0000	0.0000	1.0000	EUR	0.0066	0.0000	0.0000	0.9933	0.0000	0.9933	EUR	1	1
HGDP00678	HGDP	Palestinian	NA	-	0.0769	0.0000	0.0000	0.8190	0.1041	0.8190	EUR	0.0776	0.0000	0.0000	0.8308	0.0916	0.8308	EUR	1	0
HGDP00679	HGDP	Palestinian	NA	-	0.0605	0.0000	0.0000	0.8214	0.1181	0.8214	EUR	0.0611	0.0000	0.0000	0.8341	0.1048	0.8341	EUR	1	0
HG00427	1KG	CHS	EAS	-	0.0000	0.0000	1.0000	0.0000	0.0000	1.0000	EAS	0.0000	0.0000	1.0000	0.0000	0.0000	1.0000	EAS	1	1
HG00477	1KG	CHS	EAS	-	0.0000	0.0000	1.0000	0.0000	0.0000	1.0000	EAS	0.0000	0.0000	1.0000	0.0000	0.0000	1.0000	EAS	1	1
HG00582	1KG	CHS	EAS	-	0.0000	0.0000	1.0000	0.0000	0.0000	1.0000	EAS	0.0000	0.0000	1.0000	0.0000	0.0000	1.0000	EAS	1	1
HG00597	1KG	CHS	EAS	-	0.0000	0.0000	1.0000	0.0000	0.0000	1.0000	EAS	0.0000	0.0000	1.0000	0.0000	0.0000	1.0000	EAS	1	1
HG01274	1KG	CLM	AMR	-	0.0407	0.2398	0.0057	0.7138	0.0000	0.7138	EUR	0.0408	0.2404	0.0060	0.7128	0.0000	0.7128	EUR	1	0
HG01278	1KG	CLM	AMR	-	0.0208	0.3079	0.0000	0.6712	0.0000	0.6712	EUR	0.0210	0.3087	0.0000	0.6703	0.0000	0.6703	EUR	1	0
HG01347	1KG	CLM	AMR	-	0.0078	0.1673	0.0000	0.8249	0.0000	0.8249	EUR	0.0081	0.1680	0.0000	0.8239	0.0000	0.8239	EUR	1	0
HG01937	1KG	PEL	AMR	-	0.0205	0.6192	0.0000	0.3603	0.0000	0.6192	AMR	0.0206	0.6197	0.0000	0.3597	0.0000	0.6197	AMR	1	0
HG01983	1KG	PEL	AMR	-	0.0000	0.6350	0.0000	0.3613	0.0037	0.6350	AMR	0.0000	0.6356	0.0000	0.3610	0.0035	0.6356	AMR	1	0
HG02302	1KG	PEL	AMR	-	0.0097	0.5535	0.0000	0.4368	0.0000	0.5535	AMR	0.0098	0.5542	0.0000	0.4359	0.0000	0.5542	AMR	1	0
HG02524	1KG	KHV	EAS	-	0.0000	0.0000	1.0000	0.0000	0.0000	1.0000	EAS	0.0000	0.0000	1.0000	0.0000	0.0000	1.0000	EAS	1	1
HG02525	1KG	KHV	EAS	-	0.0000	0.0000	1.0000	0.0000	0.0000	1.0000	EAS	0.0000	0.0000	1.0000	0.0000	0.0000	1.0000	EAS	1	1
HG02569	1KG	GWD	AFR	-	0.9904	0.0000	0.0000	0.0096	0.0000	0.9904	AFR	0.9902	0.0000	0.0000	0.0097	0.0000	0.9902	AFR	1	1
HG02625	1KG	GWD	AFR	-	1.0000	0.0000	0.0000	0.0000	0.0000	1.0000	AFR	1.0000	0.0000	0.0000	0.0000	0.0000	1.0000	AFR	1	1
HG02683	1KG	PJL	NA	-	0.0000	0.0000	0.0031	0.2063	0.7905	0.7905	SAS	0.0000	0.0000	0.0027	0.2620	0.7354	0.7354	SAS	1	0
HG02762	1KG	GWD	AFR	-	0.9937	0.0000	0.0000	0.0062	0.0000	0.9937	AFR	0.9938	0.0000	0.0000	0.0062	0.0000	0.9938	AFR	1	1
HG02964	1KG	ESN	AFR	-	1.0000	0.0000	0.0000	0.0000	0.0000	1.0000	AFR	1.0000	0.0000	0.0000	0.0000	0.0000	1.0000	AFR	1	1
HG02965	1KG	ESN	AFR	-	1.0000	0.0000	0.0000	0.0000	0.0000	1.0000	AFR	1.0000	0.0000	0.0000	0.0000	0.0000	1.0000	AFR	1	1
HG03033	1KG	GWD	AFR	-	1.0000	0.0000	0.0000	0.0000	0.0000	1.0000	AFR	1.0000	0.0000	0.0000	0.0000	0.0000	1.0000	AFR	1	1
HG03034	1KG	GWD	AFR	-	1.0000	0.0000	0.0000	0.0000	0.0000	1.0000	AFR	1.0000	0.0000	0.0000	0.0000	0.0000	1.0000	AFR	1	1
HG03251	1KG	GWD	AFR	-	0.9767	0.0000	0.0000	0.0232	0.0000	0.9767	AFR	0.9766	0.0000	0.0000	0.0233	0.0000	0.9766	AFR	1	1
HG03306	1KG	ESN	AFR	-	1.0000	0.0000	0.0000	0.0000	0.0000	1.0000	AFR	1.0000	0.0000	0.0000	0.0000	0.0000	1.0000	AFR	1	1
HG03307	1KG	ESN	AFR	-	1.0000	0.0000	0.0000	0.0000	0.0000	1.0000	AFR	1.0000	0.0000	0.0000	0.0000	0.0000	1.0000	AFR	1	1
HG03309	1KG	ESN	AFR	-	1.0000	0.0000	0.0000	0.0000	0.0000	1.0000	AFR	1.0000	0.0000	0.0000	0.0000	0.0000	1.0000	AFR	1	1
HG03312	1KG	ESN	AFR	-	1.0000	0.0000	0.0000	0.0000	0.0000	1.0000	AFR	1.0000	0.0000	0.0000	0.0000	0.0000	1.0000	AFR	1	1
HG03350	1KG	ESN	AFR	-	1.0000	0.0000	0.0000	0.0000	0.0000	1.0000	AFR	1.0000	0.0000	0.0000	0.0000	0.0000	1.0000	AFR	1	1
HG03373	1KG	ESN	AFR	-	1.0000	0.0000	0.0000	0.0000	0.0000	1.0000	AFR	1.0000	0.0000	0.0000	0.0000	0.0000	1.0000	AFR	1	1
HG03454	1KG	MSL	AFR	-	1.0000	0.0000	0.0000	0.0000	0.0000	1.0000	AFR	1.0000	0.0000	0.0000	0.0000	0.0000	1.0000	AFR	1	1
HG03487	1KG	PJL	NA	-	0.0000	0.0000	0.0027	0.1083	0.8890	0.8890	SAS	0.0000	0.0000	0.0014	0.1676	0.8310	0.8310	SAS	1	0
HG03574	1KG	MSL	AFR	-	1.0000	0.0000	0.0000	0.0000	0.0000	1.0000	AFR	1.0000	0.0000	0.0000	0.0000	0.0000	1.0000	AFR	1	1
HG03582	1KG	MSL	AFR	-	1.0000	0.0000	0.0000	0.0000	0.0000	1.0000	AFR	1.0000	0.0000	0.0000	0.0000	0.0000	1.0000	AFR	1	1
HG03606	1KG	BEB	NA	-	0.0000	0.0000	0.1558	0.0109	0.8333	0.8333	SAS	0.0000	0.0000	0.1528	0.0585	0.7887	0.7887	SAS	1	0
HG03618	1KG	PJL	NA	-	0.0000	0.0000	0.0000	0.1695	0.8304	0.8304	SAS	0.0000	0.0000	0.0000	0.2282	0.7718	0.7718	SAS	1	0
HG03633	1KG	PJL	NA	-	0.0000	0.0000	0.0115	0.0893	0.8992	0.8992	SAS	0.0000	0.0000	0.0108	0.1489	0.8403	0.8403	SAS	1	0
HG03639	1KG	PJL	NA	-	0.0000	0.0000	0.0000	0.0000	1.0000	1.0000	SAS	0.0000	0.0000	0.0000	0.0584	0.9415	0.9415	SAS	1	0
HG03650	1KG	PJL	NA	-	0.0000	0.0000	0.0199	0.1085	0.8715	0.8715	SAS	0.0000	0.0000	0.0196	0.1681	0.8123	0.8123	SAS	1	0
HG03682	1KG	STU	NA	-	0.0000	0.0000	0.0000	0.0000	0.9999	0.9999	SAS	0.0000	0.0000	0.0000	0.0241	0.9758	0.9758	SAS	1	0
HG03699	1KG	PJL	NA	-	0.0000	0.0000	0.0181	0.0115	0.9704	0.9704	SAS	0.0000	0.0000	0.0166	0.0683	0.9152	0.9152	SAS	1	0
HG03700	1KG	PJL	NA	-	0.0000	0.0000	0.0183	0.0474	0.9344	0.9344	SAS	0.0000	0.0000	0.0173	0.1064	0.8763	0.8763	SAS	1	0
HG03721	1KG	ITU	NA	-	0.0000	0.0000	0.0000	0.0000	1.0000	1.0000	SAS	0.0000	0.0000	0.0000	0.0120	0.9880	0.9880	SAS	1	0
HG03725	1KG	ITU	NA	-	0.0000	0.0000	0.0000	0.0000	1.0000	1.0000	SAS	0.0000	0.0000	0.0000	0.0000	1.0000	1.0000	SAS	1	0
HG03761	1KG	PJL	NA	-	0.0000	0.0000	0.0046	0.0837	0.9116	0.9116	SAS	0.0000	0.0000	0.0032	0.1431	0.8537	0.8537	SAS	1	0
HG03794	1KG	BEB	NA	-	0.0154	0.0024	0.0730	0.0000	0.9091	0.9091	SAS	0.0168	0.0029	0.0704	0.0501	0.8598	0.8598	SAS	1	0
HG03797	1KG	BEB	NA	-	0.0000	0.0005	0.1178	0.0355	0.8462	0.8462	SAS	0.0000	0.0006	0.1155	0.0869	0.7970	0.7970	SAS	1	0
HG03799	1KG	BEB	NA	-	0.0000	0.0000	0.1450	0.0089	0.8460	0.8460	SAS	0.0000	0.0000	0.1424	0.0589	0.7987	0.7987	SAS	1	0
HG03806	1KG	BEB	NA	-	0.0000	0.0000	0.1021	0.0000	0.8979	0.8979	SAS	0.0000	0.0000	0.0990	0.0447	0.8563	0.8563	SAS	1	0
HG03904	1KG	BEB	NA	-	0.0000	0.0000	0.0905	0.0031	0.9064	0.9064	SAS	0.0000	0.0000	0.0880	0.0559	0.8562	0.8562	SAS	1	0
HG03929	1KG	BEB	NA	-	0.0000	0.0000	0.1025	0.0127	0.8847	0.8847	SAS	0.0000	0.0000	0.1005	0.0671	0.8324	0.8324	SAS	1	0
HG04127	1KG	STU	NA	-	0.0000	0.0000	0.0000	0.0000	1.0000	1.0000	SAS	0.0000	0.0000	0.0000	0.0133	0.9867	0.9867	SAS	1	0
HG04132	1KG	BEB	NA	-	0.0000	0.0000	0.1184	0.0187	0.8629	0.8629	SAS	0.0000	0.0000	0.1159	0.0727	0.8114	0.8114	SAS	1	0
HG04135	1KG	BEB	NA	-	0.0000	0.0010	0.1159	0.0107	0.8723	0.8723	SAS	0.0000	0.0013	0.1131	0.0613	0.8243	0.8243	SAS	1	0
HG04147	1KG	BEB	NA	-	0.0000	0.0000	0.0997	0.0132	0.8871	0.8871	SAS	0.0000	0.0000	0.0975	0.0657	0.8368	0.8368	SAS	1	0
HG04149	1KG	BEB	NA	-	0.0000	0.0000	0.1042	0.0021	0.8937	0.8937	SAS	0.0000	0.0000	0.1020	0.0585	0.8395	0.8395	SAS	1	0
HG04150	1KG	BEB	NA	-	0.0000	0.0000	0.1183	0.0000	0.8816	0.8816	SAS	0.0000	0.0000	0.1159	0.0510	0.8331	0.8331	SAS	1	0
HG04174	1KG	BEB	NA	-	0.0000	0.0000	0.0995	0.0052	0.8953	0.8953	SAS	0.0000	0.0000	0.0972	0.0596	0.8432	0.8432	SAS	1	0
HG04192	1KG	BEB	NA	-	0.0000	0.0000	0.1130	0.0000	0.8870	0.8870	SAS	0.0000	0.0000	0.1102	0.0498	0.8400	0.8400	SAS	1	0
NA06993	1KG	CEU	EUR	-	0.0000	0.0000	0.0000	1.0000	0.0000	1.0000	EUR	0.0000	0.0000	0.0000	1.0000	0.0000	1.0000	EUR	1	1
NA07022	1KG	CEU	EUR	-	0.0000	0.0000	0.0000	1.0000	0.0000	1.0000	EUR	0.0000	0.0000	0.0000	1.0000	0.0000	1.0000	EUR	1	1
NA07031	1KG	CEU	EUR	-	0.0000	0.0000	0.0000	1.0000	0.0000	1.0000	EUR	0.0000	0.0000	0.0000	1.0000	0.0000	1.0000	EUR	1	1
NA07034	1KG	CEU	EUR	-	0.0000	0.0000	0.0000	1.0000	0.0000	1.0000	EUR	0.0000	0.0000	0.0000	1.0000	0.0000	1.0000	EUR	1	1
NA07045	1KG	CEU	EUR	-	0.0000	0.0000	0.0000	1.0000	0.0000	1.0000	EUR	0.0000	0.0000	0.0000	1.0000	0.0000	1.0000	EUR	1	1
NA07055	1KG	CEU	EUR	-	0.0000	0.0000	0.0000	1.0000	0.0000	1.0000	EUR	0.0000	0.0000	0.0000	1.0000	0.0000	1.0000	EUR	1	1
NA07345	1KG	CEU	EUR	-	0.0000	0.0000	0.0000	1.0000	0.0000	1.0000	EUR	0.0000	0.0000	0.0000	1.0000	0.0000	1.0000	EUR	1	1
NA07346	1KG	CEU	EUR	-	0.0000	0.0000	0.0000	1.0000	0.0000	1.0000	EUR	0.0000	0.0000	0.0000	1.0000	0.0000	1.0000	EUR	1	1
NA07435	1KG	CEU	EUR	-	0.0000	0.0000	0.0000	1.0000	0.0000	1.0000	EUR	0.0000	0.0000	0.0000	1.0000	0.0000	1.0000	EUR	1	1
NA11839	1KG	CEU	EUR	-	0.0000	0.0000	0.0000	1.0000	0.0000	1.0000	EUR	0.0000	0.0000	0.0000	1.0000	0.0000	1.0000	EUR	1	1
NA11882	1KG	CEU	EUR	-	0.0000	0.0000	0.0000	1.0000	0.0000	1.0000	EUR	0.0000	0.0000	0.0000	1.0000	0.0000	1.0000	EUR	1	1
NA11891	1KG	CEU	EUR	-	0.0000	0.0000	0.0000	1.0000	0.0000	1.0000	EUR	0.0000	0.0000	0.0000	1.0000	0.0000	1.0000	EUR	1	1
NA11917	1KG	CEU	EUR	-	0.0000	0.0000	0.0000	1.0000	0.0000	1.0000	EUR	0.0000	0.0000	0.0000	1.0000	0.0000	1.0000	EUR	1	1
NA11993	1KG	CEU	EUR	-	0.0031	0.0000	0.0000	0.9969	0.0000	0.9969	EUR	0.0035	0.0000	0.0000	0.9964	0.0000	0.9964	EUR	1	1
NA12056	1KG	CEU	EUR	-	0.0000	0.0000	0.0000	1.0000	0.0000	1.0000	EUR	0.0000	0.0000	0.0000	1.0000	0.0000	1.0000	EUR	1	1
NA12057	1KG	CEU	EUR	-	0.0000	0.0000	0.0000	1.0000	0.0000	1.0000	EUR	0.0000	0.0000	0.0000	1.0000	0.0000	1.0000	EUR	1	1
NA12145	1KG	CEU	EUR	-	0.0000	0.0000	0.0000	1.0000	0.0000	1.0000	EUR	0.0000	0.0000	0.0000	1.0000	0.0000	1.0000	EUR	1	1
NA12146	1KG	CEU	EUR	-	0.0000	0.0000	0.0000	1.0000	0.0000	1.0000	EUR	0.0000	0.0000	0.0000	1.0000	0.0000	1.0000	EUR	1	1
NA12236	1KG	CEU	EUR	-	0.0000	0.0000	0.0000	1.0000	0.0000	1.0000	EUR	0.0000	0.0000	0.0000	1.0000	0.0000	1.0000	EUR	1	1
NA12239	1KG	CEU	EUR	-	0.0000	0.0000	0.0000	1.0000	0.0000	1.0000	EUR	0.0000	0.0000	0.0000	1.0000	0.0000	1.0000	EUR	1	1
NA12248	1KG	CEU	EUR	-	0.0000	0.0000	0.0000	1.0000	0.0000	1.0000	EUR	0.0000	0.0000	0.0000	1.0000	0.0000	1.0000	EUR	1	1
NA12264	1KG	CEU	EUR	-	0.0000	0.0000	0.0000	1.0000	0.0000	1.0000	EUR	0.0000	0.0000	0.0000	1.0000	0.0000	1.0000	EUR	1	1
NA12274	1KG	CEU	EUR	-	0.0000	0.0000	0.0000	1.0000	0.0000	1.0000	EUR	0.0000	0.0000	0.0000	1.0000	0.0000	1.0000	EUR	1	1
NA12343	1KG	CEU	EUR	-	0.0000	0.0000	0.0000	1.0000	0.0000	1.0000	EUR	0.0001	0.0000	0.0000	0.9999	0.0000	0.9999	EUR	1	1
NA12875	1KG	CEU	EUR	-	0.0000	0.0000	0.0000	1.0000	0.0000	1.0000	EUR	0.0000	0.0000	0.0000	1.0000	0.0000	1.0000	EUR	1	1
NA12891	1KG	CEU	EUR	-	0.0000	0.0000	0.0000	1.0000	0.0000	1.0000	EUR	0.0000	0.0000	0.0000	1.0000	0.0000	1.0000	EUR	1	1
NA12892	1KG	CEU	EUR	-	0.0000	0.0000	0.0000	1.0000	0.0000	1.0000	EUR	0.0000	0.0000	0.0000	1.0000	0.0000	1.0000	EUR	1	1
NA18487	1KG	YRI	AFR	-	1.0000	0.0000	0.0000	0.0000	0.0000	1.0000	AFR	1.0000	0.0000	0.0000	0.0000	0.0000	1.0000	AFR	1	1
NA18852	1KG	YRI	AFR	-	1.0000	0.0000	0.0000	0.0000	0.0000	1.0000	AFR	1.0000	0.0000	0.0000	0.0000	0.0000	1.0000	AFR	1	1
NA18855	1KG	YRI	AFR	-	1.0000	0.0000	0.0000	0.0000	0.0000	1.0000	AFR	1.0000	0.0000	0.0000	0.0000	0.0000	1.0000	AFR	1	1
NA18859	1KG	YRI	AFR	-	1.0000	0.0000	0.0000	0.0000	0.0000	1.0000	AFR	1.0000	0.0000	0.0000	0.0000	0.0000	1.0000	AFR	1	1
NA18862	1KG	YRI	AFR	-	1.0000	0.0000	0.0000	0.0000	0.0000	1.0000	AFR	1.0000	0.0000	0.0000	0.0000	0.0000	1.0000	AFR	1	1
NA18913	1KG	YRI	AFR	-	1.0000	0.0000	0.0000	0.0000	0.0000	1.0000	AFR	1.0000	0.0000	0.0000	0.0000	0.0000	1.0000	AFR	1	1
NA19103	1KG	YRI	AFR	-	1.0000	0.0000	0.0000	0.0000	0.0000	1.0000	AFR	1.0000	0.0000	0.0000	0.0000	0.0000	1.0000	AFR	1	1
NA19122	1KG	YRI	AFR	-	1.0000	0.0000	0.0000	0.0000	0.0000	1.0000	AFR	1.0000	0.0000	0.0000	0.0000	0.0000	1.0000	AFR	1	1
NA19127	1KG	YRI	AFR	-	1.0000	0.0000	0.0000	0.0000	0.0000	1.0000	AFR	1.0000	0.0000	0.0000	0.0000	0.0000	1.0000	AFR	1	1
NA19128	1KG	YRI	AFR	-	1.0000	0.0000	0.0000	0.0000	0.0000	1.0000	AFR	1.0000	0.0000	0.0000	0.0000	0.0000	1.0000	AFR	1	1
NA19140	1KG	YRI	AFR	-	1.0000	0.0000	0.0000	0.0000	0.0000	1.0000	AFR	1.0000	0.0000	0.0000	0.0000	0.0000	1.0000	AFR	1	1
NA19150	1KG	YRI	AFR	-	1.0000	0.0000	0.0000	0.0000	0.0000	1.0000	AFR	1.0000	0.0000	0.0000	0.0000	0.0000	1.0000	AFR	1	1
NA19177	1KG	YRI	AFR	-	1.0000	0.0000	0.0000	0.0000	0.0000	1.0000	AFR	1.0000	0.0000	0.0000	0.0000	0.0000	1.0000	AFR	1	1
NA19203	1KG	YRI	AFR	-	1.0000	0.0000	0.0000	0.0000	0.0000	1.0000	AFR	1.0000	0.0000	0.0000	0.0000	0.0000	1.0000	AFR	1	1
NA19224	1KG	YRI	AFR	-	1.0000	0.0000	0.0000	0.0000	0.0000	1.0000	AFR	1.0000	0.0000	0.0000	0.0000	0.0000	1.0000	AFR	1	1
NA19662	1KG	MXL	AMR	-	0.0368	0.3915	0.0040	0.5642	0.0035	0.5642	EUR	0.0369	0.3921	0.0045	0.5642	0.0023	0.5642	EUR	1	0
NA06985	1KG	CEU	EUR	-	0.0000	0.0000	0.0000	1.0000	0.0000	1.0000	EUR	0.0000	0.0000	0.0000	1.0000	0.0000	1.0000	EUR	1	1
NA06986	1KG	CEU	EUR	-	0.0000	0.0000	0.0000	1.0000	0.0000	1.0000	EUR	0.0000	0.0000	0.0000	1.0000	0.0000	1.0000	EUR	1	1
NA06994	1KG	CEU	EUR	-	0.0000	0.0000	0.0000	1.0000	0.0000	1.0000	EUR	0.0000	0.0000	0.0000	1.0000	0.0000	1.0000	EUR	1	1
NA07000	1KG	CEU	EUR	-	0.0000	0.0000	0.0000	1.0000	0.0000	1.0000	EUR	0.0000	0.0000	0.0000	1.0000	0.0000	1.0000	EUR	1	1
NA07037	1KG	CEU	EUR	-	0.0000	0.0000	0.0000	1.0000	0.0000	1.0000	EUR	0.0000	0.0000	0.0000	1.0000	0.0000	1.0000	EUR	1	1
NA07051	1KG	CEU	EUR	-	0.0000	0.0000	0.0000	1.0000	0.0000	1.0000	EUR	0.0000	0.0000	0.0000	1.0000	0.0000	1.0000	EUR	1	1
NA07347	1KG	CEU	EUR	-	0.0000	0.0000	0.0000	1.0000	0.0000	1.0000	EUR	0.0000	0.0000	0.0000	1.0000	0.0000	1.0000	EUR	1	1
NA07357	1KG	CEU	EUR	-	0.0000	0.0000	0.0000	1.0000	0.0000	1.0000	EUR	0.0000	0.0000	0.0000	1.0000	0.0000	1.0000	EUR	1	1
NA11829	1KG	CEU	EUR	-	0.0000	0.0000	0.0000	1.0000	0.0000	1.0000	EUR	0.0000	0.0000	0.0000	1.0000	0.0000	1.0000	EUR	1	1
NA11830	1KG	CEU	EUR	-	0.0000	0.0000	0.0000	1.0000	0.0000	1.0000	EUR	0.0000	0.0000	0.0000	1.0000	0.0000	1.0000	EUR	1	1
NA11831	1KG	CEU	EUR	-	0.0000	0.0000	0.0000	1.0000	0.0000	1.0000	EUR	0.0000	0.0000	0.0000	1.0000	0.0000	1.0000	EUR	1	1
NA11832	1KG	CEU	EUR	-	0.0000	0.0000	0.0000	1.0000	0.0000	1.0000	EUR	0.0000	0.0000	0.0000	1.0000	0.0000	1.0000	EUR	1	1
NA11840	1KG	CEU	EUR	-	0.0000	0.0000	0.0000	1.0000	0.0000	1.0000	EUR	0.0000	0.0000	0.0000	1.0000	0.0000	1.0000	EUR	1	1
NA11881	1KG	CEU	EUR	-	0.0000	0.0000	0.0000	1.0000	0.0000	1.0000	EUR	0.0000	0.0000	0.0000	1.0000	0.0000	1.0000	EUR	1	1
NA11894	1KG	CEU	EUR	-	0.0000	0.0000	0.0000	0.9913	0.0087	0.9913	EUR	0.0000	0.0000	0.0000	0.9917	0.0082	0.9917	EUR	1	1
NA11918	1KG	CEU	EUR	-	0.0000	0.0000	0.0000	1.0000	0.0000	1.0000	EUR	0.0000	0.0000	0.0000	1.0000	0.0000	1.0000	EUR	1	1
NA11919	1KG	CEU	EUR	-	0.0000	0.0000	0.0000	1.0000	0.0000	1.0000	EUR	0.0000	0.0000	0.0000	1.0000	0.0000	1.0000	EUR	1	1
NA11920	1KG	CEU	EUR	-	0.0000	0.0000	0.0000	1.0000	0.0000	1.0000	EUR	0.0000	0.0000	0.0000	1.0000	0.0000	1.0000	EUR	1	1
NA11931	1KG	CEU	EUR	-	0.0000	0.0000	0.0000	1.0000	0.0000	1.0000	EUR	0.0000	0.0000	0.0000	1.0000	0.0000	1.0000	EUR	1	1
NA11992	1KG	CEU	EUR	-	0.0000	0.0000	0.0000	1.0000	0.0000	1.0000	EUR	0.0000	0.0000	0.0000	1.0000	0.0000	1.0000	EUR	1	1
NA11994	1KG	CEU	EUR	-	0.0000	0.0000	0.0000	1.0000	0.0000	1.0000	EUR	0.0000	0.0000	0.0000	1.0000	0.0000	1.0000	EUR	1	1
NA11995	1KG	CEU	EUR	-	0.0000	0.0000	0.0000	1.0000	0.0000	1.0000	EUR	0.0000	0.0000	0.0000	1.0000	0.0000	1.0000	EUR	1	1
NA12003	1KG	CEU	EUR	-	0.0000	0.0000	0.0000	1.0000	0.0000	1.0000	EUR	0.0000	0.0000	0.0000	1.0000	0.0000	1.0000	EUR	1	1
NA12004	1KG	CEU	EUR	-	0.0000	0.0000	0.0000	1.0000	0.0000	1.0000	EUR	0.0000	0.0000	0.0000	1.0000	0.0000	1.0000	EUR	1	1
NA12005	1KG	CEU	EUR	-	0.0000	0.0000	0.0000	1.0000	0.0000	1.0000	EUR	0.0000	0.0000	0.0000	1.0000	0.0000	1.0000	EUR	1	1
NA12006	1KG	CEU	EUR	-	0.0000	0.0000	0.0000	1.0000	0.0000	1.0000	EUR	0.0000	0.0000	0.0000	1.0000	0.0000	1.0000	EUR	1	1
NA12043	1KG	CEU	EUR	-	0.0000	0.0000	0.0000	1.0000	0.0000	1.0000	EUR	0.0000	0.0000	0.0000	1.0000	0.0000	1.0000	EUR	1	1
NA12044	1KG	CEU	EUR	-	0.0000	0.0000	0.0000	1.0000	0.0000	1.0000	EUR	0.0000	0.0000	0.0000	1.0000	0.0000	1.0000	EUR	1	1
NA12045	1KG	CEU	EUR	-	0.0000	0.0000	0.0000	1.0000	0.0000	1.0000	EUR	0.0000	0.0000	0.0000	1.0000	0.0000	1.0000	EUR	1	1
NA12144	1KG	CEU	EUR	-	0.0000	0.0000	0.0000	1.0000	0.0000	1.0000	EUR	0.0000	0.0000	0.0000	1.0000	0.0000	1.0000	EUR	1	1
NA12154	1KG	CEU	EUR	-	0.0000	0.0000	0.0000	1.0000	0.0000	1.0000	EUR	0.0000	0.0000	0.0000	1.0000	0.0000	1.0000	EUR	1	1
NA12155	1KG	CEU	EUR	-	0.0000	0.0000	0.0000	1.0000	0.0000	1.0000	EUR	0.0000	0.0000	0.0000	1.0000	0.0000	1.0000	EUR	1	1
NA12156	1KG	CEU	EUR	-	0.0000	0.0000	0.0000	1.0000	0.0000	1.0000	EUR	0.0000	0.0000	0.0000	1.0000	0.0000	1.0000	EUR	1	1
NA12234	1KG	CEU	EUR	-	0.0000	0.0000	0.0000	1.0000	0.0000	1.0000	EUR	0.0000	0.0000	0.0000	1.0000	0.0000	1.0000	EUR	1	1
NA12249	1KG	CEU	EUR	-	0.0000	0.0000	0.0000	1.0000	0.0000	1.0000	EUR	0.0000	0.0000	0.0000	1.0000	0.0000	1.0000	EUR	1	1
NA12287	1KG	CEU	EUR	-	0.0000	0.0000	0.0000	1.0000	0.0000	1.0000	EUR	0.0000	0.0000	0.0000	1.0000	0.0000	1.0000	EUR	1	1
NA12414	1KG	CEU	EUR	-	0.0000	0.0000	0.0000	1.0000	0.0000	1.0000	EUR	0.0000	0.0000	0.0000	1.0000	0.0000	1.0000	EUR	1	1
NA12489	1KG	CEU	EUR	-	0.0000	0.0000	0.0000	1.0000	0.0000	1.0000	EUR	0.0000	0.0000	0.0000	1.0000	0.0000	1.0000	EUR	1	1
NA12716	1KG	CEU	EUR	-	0.0000	0.0000	0.0000	1.0000	0.0000	1.0000	EUR	0.0000	0.0000	0.0000	1.0000	0.0000	1.0000	EUR	1	1
NA12717	1KG	CEU	EUR	-	0.0000	0.0000	0.0000	1.0000	0.0000	1.0000	EUR	0.0000	0.0000	0.0000	1.0000	0.0000	1.0000	EUR	1	1
NA12749	1KG	CEU	EUR	-	0.0000	0.0000	0.0000	1.0000	0.0000	1.0000	EUR	0.0000	0.0000	0.0000	1.0000	0.0000	1.0000	EUR	1	1
NA12750	1KG	CEU	EUR	-	0.0000	0.0000	0.0000	1.0000	0.0000	1.0000	EUR	0.0000	0.0000	0.0000	1.0000	0.0000	1.0000	EUR	1	1
NA12751	1KG	CEU	EUR	-	0.0000	0.0000	0.0000	1.0000	0.0000	1.0000	EUR	0.0000	0.0000	0.0000	1.0000	0.0000	1.0000	EUR	1	1
NA12760	1KG	CEU	EUR	-	0.0000	0.0000	0.0000	1.0000	0.0000	1.0000	EUR	0.0000	0.0000	0.0000	1.0000	0.0000	1.0000	EUR	1	1
NA12761	1KG	CEU	EUR	-	0.0000	0.0000	0.0000	1.0000	0.0000	1.0000	EUR	0.0000	0.0000	0.0000	1.0000	0.0000	1.0000	EUR	1	1
NA12762	1KG	CEU	EUR	-	0.0000	0.0000	0.0000	1.0000	0.0000	1.0000	EUR	0.0000	0.0000	0.0000	1.0000	0.0000	1.0000	EUR	1	1
NA12763	1KG	CEU	EUR	-	0.0000	0.0000	0.0000	1.0000	0.0000	1.0000	EUR	0.0000	0.0000	0.0000	1.0000	0.0000	1.0000	EUR	1	1
NA12776	1KG	CEU	EUR	-	0.0000	0.0000	0.0000	1.0000	0.0000	1.0000	EUR	0.0000	0.0000	0.0000	1.0000	0.0000	1.0000	EUR	1	1
NA12812	1KG	CEU	EUR	-	0.0000	0.0000	0.0000	1.0000	0.0000	1.0000	EUR	0.0000	0.0000	0.0000	1.0000	0.0000	1.0000	EUR	1	1
NA12814	1KG	CEU	EUR	-	0.0000	0.0000	0.0000	1.0000	0.0000	1.0000	EUR	0.0000	0.0000	0.0000	1.0000	0.0000	1.0000	EUR	1	1
NA12815	1KG	CEU	EUR	-	0.0000	0.0000	0.0000	1.0000	0.0000	1.0000	EUR	0.0000	0.0000	0.0000	1.0000	0.0000	1.0000	EUR	1	1
NA12828	1KG	CEU	EUR	-	0.0000	0.0000	0.0000	1.0000	0.0000	1.0000	EUR	0.0000	0.0000	0.0000	1.0000	0.0000	1.0000	EUR	1	1
NA12872	1KG	CEU	EUR	-	0.0000	0.0000	0.0000	0.9888	0.0111	0.9888	EUR	0.0000	0.0000	0.0000	0.9892	0.0108	0.9892	EUR	1	1
NA12873	1KG	CEU	EUR	-	0.0000	0.0000	0.0000	1.0000	0.0000	1.0000	EUR	0.0000	0.0000	0.0000	1.0000	0.0000	1.0000	EUR	1	1
NA12874	1KG	CEU	EUR	-	0.0000	0.0000	0.0000	1.0000	0.0000	1.0000	EUR	0.0000	0.0000	0.0000	1.0000	0.0000	1.0000	EUR	1	1
NA18486	1KG	YRI	AFR	-	1.0000	0.0000	0.0000	0.0000	0.0000	1.0000	AFR	1.0000	0.0000	0.0000	0.0000	0.0000	1.0000	AFR	1	1
NA18489	1KG	YRI	AFR	-	1.0000	0.0000	0.0000	0.0000	0.0000	1.0000	AFR	1.0000	0.0000	0.0000	0.0000	0.0000	1.0000	AFR	1	1
NA18498	1KG	YRI	AFR	-	1.0000	0.0000	0.0000	0.0000	0.0000	1.0000	AFR	1.0000	0.0000	0.0000	0.0000	0.0000	1.0000	AFR	1	1
NA18499	1KG	YRI	AFR	-	1.0000	0.0000	0.0000	0.0000	0.0000	1.0000	AFR	1.0000	0.0000	0.0000	0.0000	0.0000	1.0000	AFR	1	1
NA18501	1KG	YRI	AFR	-	1.0000	0.0000	0.0000	0.0000	0.0000	1.0000	AFR	1.0000	0.0000	0.0000	0.0000	0.0000	1.0000	AFR	1	1
NA18502	1KG	YRI	AFR	-	1.0000	0.0000	0.0000	0.0000	0.0000	1.0000	AFR	1.0000	0.0000	0.0000	0.0000	0.0000	1.0000	AFR	1	1
NA18504	1KG	YRI	AFR	-	1.0000	0.0000	0.0000	0.0000	0.0000	1.0000	AFR	1.0000	0.0000	0.0000	0.0000	0.0000	1.0000	AFR	1	1
NA18505	1KG	YRI	AFR	-	1.0000	0.0000	0.0000	0.0000	0.0000	1.0000	AFR	1.0000	0.0000	0.0000	0.0000	0.0000	1.0000	AFR	1	1
NA18507	1KG	YRI	AFR	-	1.0000	0.0000	0.0000	0.0000	0.0000	1.0000	AFR	1.0000	0.0000	0.0000	0.0000	0.0000	1.0000	AFR	1	1
NA18508	1KG	YRI	AFR	-	1.0000	0.0000	0.0000	0.0000	0.0000	1.0000	AFR	1.0000	0.0000	0.0000	0.0000	0.0000	1.0000	AFR	1	1
NA18510	1KG	YRI	AFR	-	1.0000	0.0000	0.0000	0.0000	0.0000	1.0000	AFR	1.0000	0.0000	0.0000	0.0000	0.0000	1.0000	AFR	1	1
NA18511	1KG	YRI	AFR	-	1.0000	0.0000	0.0000	0.0000	0.0000	1.0000	AFR	1.0000	0.0000	0.0000	0.0000	0.0000	1.0000	AFR	1	1
NA18516	1KG	YRI	AFR	-	1.0000	0.0000	0.0000	0.0000	0.0000	1.0000	AFR	1.0000	0.0000	0.0000	0.0000	0.0000	1.0000	AFR	1	1
NA18517	1KG	YRI	AFR	-	1.0000	0.0000	0.0000	0.0000	0.0000	1.0000	AFR	1.0000	0.0000	0.0000	0.0000	0.0000	1.0000	AFR	1	1
NA18519	1KG	YRI	AFR	-	1.0000	0.0000	0.0000	0.0000	0.0000	1.0000	AFR	1.0000	0.0000	0.0000	0.0000	0.0000	1.0000	AFR	1	1
NA18520	1KG	YRI	AFR	-	1.0000	0.0000	0.0000	0.0000	0.0000	1.0000	AFR	1.0000	0.0000	0.0000	0.0000	0.0000	1.0000	AFR	1	1
NA18522	1KG	YRI	AFR	-	1.0000	0.0000	0.0000	0.0000	0.0000	1.0000	AFR	1.0000	0.0000	0.0000	0.0000	0.0000	1.0000	AFR	1	1
NA18523	1KG	YRI	AFR	-	1.0000	0.0000	0.0000	0.0000	0.0000	1.0000	AFR	1.0000	0.0000	0.0000	0.0000	0.0000	1.0000	AFR	1	1
NA18526	1KG	CHB	EAS	-	0.0000	0.0000	1.0000	0.0000	0.0000	1.0000	EAS	0.0000	0.0000	1.0000	0.0000	0.0000	1.0000	EAS	1	1
NA18532	1KG	CHB	EAS	-	0.0000	0.0000	1.0000	0.0000	0.0000	1.0000	EAS	0.0000	0.0000	1.0000	0.0000	0.0000	1.0000	EAS	1	1
NA18537	1KG	CHB	EAS	-	0.0000	0.0000	1.0000	0.0000	0.0000	1.0000	EAS	0.0000	0.0000	1.0000	0.0000	0.0000	1.0000	EAS	1	1
NA18542	1KG	CHB	EAS	-	0.0000	0.0000	1.0000	0.0000	0.0000	1.0000	EAS	0.0000	0.0000	1.0000	0.0000	0.0000	1.0000	EAS	1	1
NA18545	1KG	CHB	EAS	-	0.0000	0.0000	1.0000	0.0000	0.0000	1.0000	EAS	0.0000	0.0000	1.0000	0.0000	0.0000	1.0000	EAS	1	1
NA18547	1KG	CHB	EAS	-	0.0000	0.0022	0.9899	0.0079	0.0000	0.9899	EAS	0.0000	0.0028	0.9869	0.0103	0.0000	0.9869	EAS	1	1
NA18550	1KG	CHB	EAS	-	0.0000	0.0000	1.0000	0.0000	0.0000	1.0000	EAS	0.0000	0.0000	1.0000	0.0000	0.0000	1.0000	EAS	1	1
NA18552	1KG	CHB	EAS	-	0.0000	0.0000	1.0000	0.0000	0.0000	1.0000	EAS	0.0000	0.0000	1.0000	0.0000	0.0000	1.0000	EAS	1	1
NA18555	1KG	CHB	EAS	-	0.0000	0.0000	1.0000	0.0000	0.0000	1.0000	EAS	0.0000	0.0000	1.0000	0.0000	0.0000	1.0000	EAS	1	1
NA18558	1KG	CHB	EAS	-	0.0000	0.0000	1.0000	0.0000	0.0000	1.0000	EAS	0.0000	0.0000	1.0000	0.0000	0.0000	1.0000	EAS	1	1
NA18561	1KG	CHB	EAS	-	0.0000	0.0012	0.9842	0.0145	0.0000	0.9842	EAS	0.0000	0.0026	0.9811	0.0163	0.0000	0.9811	EAS	1	1
NA18562	1KG	CHB	EAS	-	0.0000	0.0046	0.9924	0.0030	0.0000	0.9924	EAS	0.0000	0.0060	0.9886	0.0054	0.0000	0.9886	EAS	1	1
NA18563	1KG	CHB	EAS	-	0.0000	0.0000	1.0000	0.0000	0.0000	1.0000	EAS	0.0000	0.0000	0.9956	0.0043	0.0000	0.9956	EAS	1	1
NA18564	1KG	CHB	EAS	-	0.0000	0.0000	0.9903	0.0096	0.0000	0.9903	EAS	0.0000	0.0000	0.9881	0.0118	0.0000	0.9881	EAS	1	1
NA18566	1KG	CHB	EAS	-	0.0000	0.0000	1.0000	0.0000	0.0000	1.0000	EAS	0.0000	0.0000	1.0000	0.0000	0.0000	1.0000	EAS	1	1
NA18570	1KG	CHB	EAS	-	0.0000	0.0000	1.0000	0.0000	0.0000	1.0000	EAS	0.0000	0.0000	1.0000	0.0000	0.0000	1.0000	EAS	1	1
NA18571	1KG	CHB	EAS	-	0.0000	0.0000	1.0000	0.0000	0.0000	1.0000	EAS	0.0000	0.0000	1.0000	0.0000	0.0000	1.0000	EAS	1	1
NA18572	1KG	CHB	EAS	-	0.0000	0.0000	1.0000	0.0000	0.0000	1.0000	EAS	0.0000	0.0000	1.0000	0.0000	0.0000	1.0000	EAS	1	1
NA18573	1KG	CHB	EAS	-	0.0000	0.0000	1.0000	0.0000	0.0000	1.0000	EAS	0.0000	0.0000	1.0000	0.0000	0.0000	1.0000	EAS	1	1
NA18577	1KG	CHB	EAS	-	0.0000	0.0000	1.0000	0.0000	0.0000	1.0000	EAS	0.0000	0.0000	1.0000	0.0000	0.0000	1.0000	EAS	1	1
NA18579	1KG	CHB	EAS	-	0.0000	0.0000	1.0000	0.0000	0.0000	1.0000	EAS	0.0000	0.0019	0.9964	0.0018	0.0000	0.9964	EAS	1	1
NA18582	1KG	CHB	EAS	-	0.0000	0.0000	1.0000	0.0000	0.0000	1.0000	EAS	0.0000	0.0000	1.0000	0.0000	0.0000	1.0000	EAS	1	1
NA18592	1KG	CHB	EAS	-	0.0000	0.0000	0.9980	0.0020	0.0000	0.9980	EAS	0.0000	0.0000	0.9927	0.0073	0.0000	0.9927	EAS	1	1
NA18593	1KG	CHB	EAS	-	0.0000	0.0011	0.9988	0.0000	0.0000	0.9988	EAS	0.0000	0.0020	0.9979	0.0000	0.0000	0.9979	EAS	1	1
NA18603	1KG	CHB	EAS	-	0.0000	0.0000	1.0000	0.0000	0.0000	1.0000	EAS	0.0000	0.0000	1.0000	0.0000	0.0000	1.0000	EAS	1	1
NA18605	1KG	CHB	EAS	-	0.0000	0.0000	1.0000	0.0000	0.0000	1.0000	EAS	0.0000	0.0000	1.0000	0.0000	0.0000	1.0000	EAS	1	1
NA18608	1KG	CHB	EAS	-	0.0000	0.0000	0.9896	0.0104	0.0000	0.9896	EAS	0.0000	0.0015	0.9859	0.0125	0.0000	0.9859	EAS	1	1
NA18609	1KG	CHB	EAS	-	0.0000	0.0034	0.9955	0.0011	0.0000	0.9955	EAS	0.0000	0.0043	0.9900	0.0057	0.0000	0.9900	EAS	1	1
NA18638	1KG	CHB	EAS	-	0.0000	0.0000	1.0000	0.0000	0.0000	1.0000	EAS	0.0000	0.0000	1.0000	0.0000	0.0000	1.0000	EAS	1	1
NA18853	1KG	YRI	AFR	-	1.0000	0.0000	0.0000	0.0000	0.0000	1.0000	AFR	1.0000	0.0000	0.0000	0.0000	0.0000	1.0000	AFR	1	1
NA18856	1KG	YRI	AFR	-	1.0000	0.0000	0.0000	0.0000	0.0000	1.0000	AFR	1.0000	0.0000	0.0000	0.0000	0.0000	1.0000	AFR	1	1
NA18858	1KG	YRI	AFR	-	1.0000	0.0000	0.0000	0.0000	0.0000	1.0000	AFR	1.0000	0.0000	0.0000	0.0000	0.0000	1.0000	AFR	1	1
NA18861	1KG	YRI	AFR	-	1.0000	0.0000	0.0000	0.0000	0.0000	1.0000	AFR	1.0000	0.0000	0.0000	0.0000	0.0000	1.0000	AFR	1	1
NA18870	1KG	YRI	AFR	-	1.0000	0.0000	0.0000	0.0000	0.0000	1.0000	AFR	1.0000	0.0000	0.0000	0.0000	0.0000	1.0000	AFR	1	1
NA18871	1KG	YRI	AFR	-	1.0000	0.0000	0.0000	0.0000	0.0000	1.0000	AFR	1.0000	0.0000	0.0000	0.0000	0.0000	1.0000	AFR	1	1
NA18907	1KG	YRI	AFR	-	1.0000	0.0000	0.0000	0.0000	0.0000	1.0000	AFR	1.0000	0.0000	0.0000	0.0000	0.0000	1.0000	AFR	1	1
NA18909	1KG	YRI	AFR	-	1.0000	0.0000	0.0000	0.0000	0.0000	1.0000	AFR	1.0000	0.0000	0.0000	0.0000	0.0000	1.0000	AFR	1	1
NA18912	1KG	YRI	AFR	-	1.0000	0.0000	0.0000	0.0000	0.0000	1.0000	AFR	1.0000	0.0000	0.0000	0.0000	0.0000	1.0000	AFR	1	1
NA18916	1KG	YRI	AFR	-	1.0000	0.0000	0.0000	0.0000	0.0000	1.0000	AFR	1.0000	0.0000	0.0000	0.0000	0.0000	1.0000	AFR	1	1
NA18940	1KG	JPT	EAS	-	0.0000	0.0000	1.0000	0.0000	0.0000	1.0000	EAS	0.0000	0.0000	1.0000	0.0000	0.0000	1.0000	EAS	1	1
NA18942	1KG	JPT	EAS	-	0.0000	0.0000	1.0000	0.0000	0.0000	1.0000	EAS	0.0000	0.0000	1.0000	0.0000	0.0000	1.0000	EAS	1	1
NA18943	1KG	JPT	EAS	-	0.0000	0.0000	1.0000	0.0000	0.0000	1.0000	EAS	0.0000	0.0000	1.0000	0.0000	0.0000	1.0000	EAS	1	1
NA18944	1KG	JPT	EAS	-	0.0000	0.0000	1.0000	0.0000	0.0000	1.0000	EAS	0.0000	0.0000	1.0000	0.0000	0.0000	1.0000	EAS	1	1
NA18945	1KG	JPT	EAS	-	0.0000	0.0016	0.9984	0.0000	0.0000	0.9984	EAS	0.0000	0.0033	0.9967	0.0000	0.0000	0.9967	EAS	1	1
NA18947	1KG	JPT	EAS	-	0.0000	0.0000	1.0000	0.0000	0.0000	1.0000	EAS	0.0000	0.0000	1.0000	0.0000	0.0000	1.0000	EAS	1	1
NA18948	1KG	JPT	EAS	-	0.0000	0.0000	1.0000	0.0000	0.0000	1.0000	EAS	0.0000	0.0000	1.0000	0.0000	0.0000	1.0000	EAS	1	1
NA18949	1KG	JPT	EAS	-	0.0000	0.0000	1.0000	0.0000	0.0000	1.0000	EAS	0.0000	0.0010	0.9989	0.0000	0.0000	0.9989	EAS	1	1
NA18951	1KG	JPT	EAS	-	0.0000	0.0000	1.0000	0.0000	0.0000	1.0000	EAS	0.0000	0.0000	1.0000	0.0000	0.0000	1.0000	EAS	1	1
NA18952	1KG	JPT	EAS	-	0.0000	0.0000	1.0000	0.0000	0.0000	1.0000	EAS	0.0000	0.0000	1.0000	0.0000	0.0000	1.0000	EAS	1	1
NA18953	1KG	JPT	EAS	-	0.0000	0.0008	0.9992	0.0000	0.0000	0.9992	EAS	0.0000	0.0016	0.9984	0.0000	0.0000	0.9984	EAS	1	1
NA18956	1KG	JPT	EAS	-	0.0000	0.0029	0.9971	0.0000	0.0000	0.9971	EAS	0.0000	0.0042	0.9958	0.0000	0.0000	0.9958	EAS	1	1
NA18959	1KG	JPT	EAS	-	0.0000	0.0000	1.0000	0.0000	0.0000	1.0000	EAS	0.0000	0.0000	1.0000	0.0000	0.0000	1.0000	EAS	1	1
NA18960	1KG	JPT	EAS	-	0.0000	0.0000	1.0000	0.0000	0.0000	1.0000	EAS	0.0000	0.0000	1.0000	0.0000	0.0000	1.0000	EAS	1	1
NA18961	1KG	JPT	EAS	-	0.0000	0.0000	1.0000	0.0000	0.0000	1.0000	EAS	0.0000	0.0000	1.0000	0.0000	0.0000	1.0000	EAS	1	1
NA18964	1KG	JPT	EAS	-	0.0000	0.0000	1.0000	0.0000	0.0000	1.0000	EAS	0.0000	0.0000	1.0000	0.0000	0.0000	1.0000	EAS	1	1
NA18965	1KG	JPT	EAS	-	0.0000	0.0000	1.0000	0.0000	0.0000	1.0000	EAS	0.0000	0.0000	1.0000	0.0000	0.0000	1.0000	EAS	1	1
NA18967	1KG	JPT	EAS	-	0.0000	0.0000	1.0000	0.0000	0.0000	1.0000	EAS	0.0000	0.0000	1.0000	0.0000	0.0000	1.0000	EAS	1	1
NA18968	1KG	JPT	EAS	-	0.0000	0.0000	0.9999	0.0000	0.0000	0.9999	EAS	0.0000	0.0023	0.9977	0.0000	0.0000	0.9977	EAS	1	1
NA18969	1KG	JPT	EAS	-	0.0000	0.0000	1.0000	0.0000	0.0000	1.0000	EAS	0.0000	0.0000	1.0000	0.0000	0.0000	1.0000	EAS	1	1
NA18970	1KG	JPT	EAS	-	0.0000	0.0000	1.0000	0.0000	0.0000	1.0000	EAS	0.0000	0.0000	1.0000	0.0000	0.0000	1.0000	EAS	1	1
NA18971	1KG	JPT	EAS	-	0.0000	0.0000	1.0000	0.0000	0.0000	1.0000	EAS	0.0000	0.0000	1.0000	0.0000	0.0000	1.0000	EAS	1	1
NA18972	1KG	JPT	EAS	-	0.0000	0.0000	1.0000	0.0000	0.0000	1.0000	EAS	0.0000	0.0000	1.0000	0.0000	0.0000	1.0000	EAS	1	1
NA18973	1KG	JPT	EAS	-	0.0000	0.0013	0.9987	0.0000	0.0000	0.9987	EAS	0.0000	0.0027	0.9973	0.0000	0.0000	0.9973	EAS	1	1
NA18974	1KG	JPT	EAS	-	0.0000	0.0000	1.0000	0.0000	0.0000	1.0000	EAS	0.0000	0.0000	1.0000	0.0000	0.0000	1.0000	EAS	1	1
NA18975	1KG	JPT	EAS	-	0.0000	0.0000	1.0000	0.0000	0.0000	1.0000	EAS	0.0000	0.0000	1.0000	0.0000	0.0000	1.0000	EAS	1	1
NA18976	1KG	JPT	EAS	-	0.0000	0.0000	1.0000	0.0000	0.0000	1.0000	EAS	0.0000	0.0000	1.0000	0.0000	0.0000	1.0000	EAS	1	1
NA18980	1KG	JPT	EAS	-	0.0000	0.0000	1.0000	0.0000	0.0000	1.0000	EAS	0.0000	0.0000	1.0000	0.0000	0.0000	1.0000	EAS	1	1
NA18981	1KG	JPT	EAS	-	0.0000	0.0000	1.0000	0.0000	0.0000	1.0000	EAS	0.0000	0.0000	1.0000	0.0000	0.0000	1.0000	EAS	1	1
NA19005	1KG	JPT	EAS	-	0.0000	0.0000	1.0000	0.0000	0.0000	1.0000	EAS	0.0000	0.0000	1.0000	0.0000	0.0000	1.0000	EAS	1	1
NA19093	1KG	YRI	AFR	-	1.0000	0.0000	0.0000	0.0000	0.0000	1.0000	AFR	1.0000	0.0000	0.0000	0.0000	0.0000	1.0000	AFR	1	1
NA19098	1KG	YRI	AFR	-	1.0000	0.0000	0.0000	0.0000	0.0000	1.0000	AFR	1.0000	0.0000	0.0000	0.0000	0.0000	1.0000	AFR	1	1
NA19099	1KG	YRI	AFR	-	1.0000	0.0000	0.0000	0.0000	0.0000	1.0000	AFR	1.0000	0.0000	0.0000	0.0000	0.0000	1.0000	AFR	1	1
NA19108	1KG	YRI	AFR	-	1.0000	0.0000	0.0000	0.0000	0.0000	1.0000	AFR	1.0000	0.0000	0.0000	0.0000	0.0000	1.0000	AFR	1	1
NA19114	1KG	YRI	AFR	-	1.0000	0.0000	0.0000	0.0000	0.0000	1.0000	AFR	1.0000	0.0000	0.0000	0.0000	0.0000	1.0000	AFR	1	1
NA19116	1KG	YRI	AFR	-	1.0000	0.0000	0.0000	0.0000	0.0000	1.0000	AFR	1.0000	0.0000	0.0000	0.0000	0.0000	1.0000	AFR	1	1
NA19119	1KG	YRI	AFR	-	1.0000	0.0000	0.0000	0.0000	0.0000	1.0000	AFR	1.0000	0.0000	0.0000	0.0000	0.0000	1.0000	AFR	1	1
NA19131	1KG	YRI	AFR	-	1.0000	0.0000	0.0000	0.0000	0.0000	1.0000	AFR	1.0000	0.0000	0.0000	0.0000	0.0000	1.0000	AFR	1	1
NA19137	1KG	YRI	AFR	-	1.0000	0.0000	0.0000	0.0000	0.0000	1.0000	AFR	1.0000	0.0000	0.0000	0.0000	0.0000	1.0000	AFR	1	1
NA19138	1KG	YRI	AFR	-	1.0000	0.0000	0.0000	0.0000	0.0000	1.0000	AFR	1.0000	0.0000	0.0000	0.0000	0.0000	1.0000	AFR	1	1
NA19141	1KG	YRI	AFR	-	1.0000	0.0000	0.0000	0.0000	0.0000	1.0000	AFR	1.0000	0.0000	0.0000	0.0000	0.0000	1.0000	AFR	1	1
NA19143	1KG	YRI	AFR	-	1.0000	0.0000	0.0000	0.0000	0.0000	1.0000	AFR	1.0000	0.0000	0.0000	0.0000	0.0000	1.0000	AFR	1	1
NA19144	1KG	YRI	AFR	-	1.0000	0.0000	0.0000	0.0000	0.0000	1.0000	AFR	1.0000	0.0000	0.0000	0.0000	0.0000	1.0000	AFR	1	1
NA19147	1KG	YRI	AFR	-	1.0000	0.0000	0.0000	0.0000	0.0000	1.0000	AFR	1.0000	0.0000	0.0000	0.0000	0.0000	1.0000	AFR	1	1
NA19152	1KG	YRI	AFR	-	1.0000	0.0000	0.0000	0.0000	0.0000	1.0000	AFR	1.0000	0.0000	0.0000	0.0000	0.0000	1.0000	AFR	1	1
NA19153	1KG	YRI	AFR	-	1.0000	0.0000	0.0000	0.0000	0.0000	1.0000	AFR	1.0000	0.0000	0.0000	0.0000	0.0000	1.0000	AFR	1	1
NA19159	1KG	YRI	AFR	-	1.0000	0.0000	0.0000	0.0000	0.0000	1.0000	AFR	1.0000	0.0000	0.0000	0.0000	0.0000	1.0000	AFR	1	1
NA19160	1KG	YRI	AFR	-	1.0000	0.0000	0.0000	0.0000	0.0000	1.0000	AFR	1.0000	0.0000	0.0000	0.0000	0.0000	1.0000	AFR	1	1
NA19171	1KG	YRI	AFR	-	1.0000	0.0000	0.0000	0.0000	0.0000	1.0000	AFR	1.0000	0.0000	0.0000	0.0000	0.0000	1.0000	AFR	1	1
NA19172	1KG	YRI	AFR	-	1.0000	0.0000	0.0000	0.0000	0.0000	1.0000	AFR	1.0000	0.0000	0.0000	0.0000	0.0000	1.0000	AFR	1	1
NA19190	1KG	YRI	AFR	-	1.0000	0.0000	0.0000	0.0000	0.0000	1.0000	AFR	1.0000	0.0000	0.0000	0.0000	0.0000	1.0000	AFR	1	1
NA19200	1KG	YRI	AFR	-	1.0000	0.0000	0.0000	0.0000	0.0000	1.0000	AFR	1.0000	0.0000	0.0000	0.0000	0.0000	1.0000	AFR	1	1
NA19201	1KG	YRI	AFR	-	1.0000	0.0000	0.0000	0.0000	0.0000	1.0000	AFR	1.0000	0.0000	0.0000	0.0000	0.0000	1.0000	AFR	1	1
NA19204	1KG	YRI	AFR	-	1.0000	0.0000	0.0000	0.0000	0.0000	1.0000	AFR	1.0000	0.0000	0.0000	0.0000	0.0000	1.0000	AFR	1	1
NA19206	1KG	YRI	AFR	-	1.0000	0.0000	0.0000	0.0000	0.0000	1.0000	AFR	1.0000	0.0000	0.0000	0.0000	0.0000	1.0000	AFR	1	1
NA19207	1KG	YRI	AFR	-	1.0000	0.0000	0.0000	0.0000	0.0000	1.0000	AFR	1.0000	0.0000	0.0000	0.0000	0.0000	1.0000	AFR	1	1
NA19209	1KG	YRI	AFR	-	1.0000	0.0000	0.0000	0.0000	0.0000	1.0000	AFR	1.0000	0.0000	0.0000	0.0000	0.0000	1.0000	AFR	1	1
NA19210	1KG	YRI	AFR	-	1.0000	0.0000	0.0000	0.0000	0.0000	1.0000	AFR	1.0000	0.0000	0.0000	0.0000	0.0000	1.0000	AFR	1	1
NA19239	1KG	YRI	AFR	-	1.0000	0.0000	0.0000	0.0000	0.0000	1.0000	AFR	1.0000	0.0000	0.0000	0.0000	0.0000	1.0000	AFR	1	1
NA19257	1KG	YRI	AFR	-	1.0000	0.0000	0.0000	0.0000	0.0000	1.0000	AFR	1.0000	0.0000	0.0000	0.0000	0.0000	1.0000	AFR	1	1
NA07056	1KG	CEU	EUR	-	0.0000	0.0000	0.0000	1.0000	0.0000	1.0000	EUR	0.0000	0.0000	0.0000	1.0000	0.0000	1.0000	EUR	1	1
NA18614	1KG	CHB	EAS	-	0.0000	0.0000	1.0000	0.0000	0.0000	1.0000	EAS	0.0000	0.0000	1.0000	0.0000	0.0000	1.0000	EAS	1	1
NA06984	1KG	CEU	EUR	-	0.0000	0.0000	0.0000	1.0000	0.0000	1.0000	EUR	0.0000	0.0000	0.0000	1.0000	0.0000	1.0000	EUR	1	1
NA06989	1KG	CEU	EUR	-	0.0000	0.0000	0.0000	1.0000	0.0000	1.0000	EUR	0.0000	0.0000	0.0000	1.0000	0.0000	1.0000	EUR	1	1
NA11843	1KG	CEU	EUR	-	0.0000	0.0000	0.0000	1.0000	0.0000	1.0000	EUR	0.0000	0.0000	0.0000	1.0000	0.0000	1.0000	EUR	1	1
NA11892	1KG	CEU	EUR	-	0.0000	0.0000	0.0000	1.0000	0.0000	1.0000	EUR	0.0000	0.0000	0.0000	1.0000	0.0000	1.0000	EUR	1	1
NA11893	1KG	CEU	EUR	-	0.0000	0.0000	0.0000	1.0000	0.0000	1.0000	EUR	0.0000	0.0000	0.0000	1.0000	0.0000	1.0000	EUR	1	1
NA11930	1KG	CEU	EUR	-	0.0000	0.0000	0.0000	1.0000	0.0000	1.0000	EUR	0.0000	0.0000	0.0000	1.0000	0.0000	1.0000	EUR	1	1
NA12058	1KG	CEU	EUR	-	0.0000	0.0000	0.0000	1.0000	0.0000	1.0000	EUR	0.0000	0.0000	0.0000	1.0000	0.0000	1.0000	EUR	1	1
NA12272	1KG	CEU	EUR	-	0.0000	0.0000	0.0000	1.0000	0.0000	1.0000	EUR	0.0000	0.0000	0.0000	1.0000	0.0000	1.0000	EUR	1	1
NA12273	1KG	CEU	EUR	-	0.0000	0.0000	0.0000	1.0000	0.0000	1.0000	EUR	0.0000	0.0000	0.0000	1.0000	0.0000	1.0000	EUR	1	1
NA12275	1KG	CEU	EUR	-	0.0000	0.0000	0.0000	1.0000	0.0000	1.0000	EUR	0.0000	0.0000	0.0000	1.0000	0.0000	1.0000	EUR	1	1
NA12282	1KG	CEU	EUR	-	0.0000	0.0000	0.0000	1.0000	0.0000	1.0000	EUR	0.0000	0.0000	0.0000	1.0000	0.0000	1.0000	EUR	1	1
NA12283	1KG	CEU	EUR	-	0.0000	0.0000	0.0000	1.0000	0.0000	1.0000	EUR	0.0000	0.0000	0.0000	1.0000	0.0000	1.0000	EUR	1	1
NA12286	1KG	CEU	EUR	-	0.0000	0.0000	0.0109	0.9890	0.0000	0.9890	EUR	0.0000	0.0000	0.0118	0.9881	0.0000	0.9881	EUR	1	1
NA12340	1KG	CEU	EUR	-	0.0000	0.0000	0.0000	1.0000	0.0000	1.0000	EUR	0.0000	0.0000	0.0000	1.0000	0.0000	1.0000	EUR	1	1
NA12341	1KG	CEU	EUR	-	0.0034	0.0000	0.0000	0.9966	0.0000	0.9966	EUR	0.0039	0.0000	0.0000	0.9960	0.0000	0.9960	EUR	1	1
NA12342	1KG	CEU	EUR	-	0.0000	0.0000	0.0000	1.0000	0.0000	1.0000	EUR	0.0000	0.0000	0.0000	1.0000	0.0000	1.0000	EUR	1	1
NA12347	1KG	CEU	EUR	-	0.0000	0.0000	0.0000	1.0000	0.0000	1.0000	EUR	0.0000	0.0000	0.0000	1.0000	0.0000	1.0000	EUR	1	1
NA12348	1KG	CEU	EUR	-	0.0000	0.0083	0.0000	0.9917	0.0000	0.9917	EUR	0.0000	0.0085	0.0000	0.9915	0.0000	0.9915	EUR	1	1
NA12383	1KG	CEU	EUR	-	0.0000	0.0000	0.0000	1.0000	0.0000	1.0000	EUR	0.0000	0.0000	0.0000	1.0000	0.0000	1.0000	EUR	1	1
NA12399	1KG	CEU	EUR	-	0.0000	0.0000	0.0000	1.0000	0.0000	1.0000	EUR	0.0000	0.0000	0.0000	1.0000	0.0000	1.0000	EUR	1	1
NA12400	1KG	CEU	EUR	-	0.0000	0.0000	0.0000	1.0000	0.0000	1.0000	EUR	0.0000	0.0000	0.0000	1.0000	0.0000	1.0000	EUR	1	1
NA12413	1KG	CEU	EUR	-	0.0000	0.0052	0.0000	0.9948	0.0000	0.9948	EUR	0.0000	0.0054	0.0000	0.9946	0.0000	0.9946	EUR	1	1
NA12546B	1KG	CEU	EUR	-	0.0000	0.0000	0.0000	1.0000	0.0000	1.0000	EUR	0.0000	0.0000	0.0000	1.0000	0.0000	1.0000	EUR	1	1
NA12718	1KG	CEU	EUR	-	0.0000	0.0000	0.0000	1.0000	0.0000	1.0000	EUR	0.0000	0.0000	0.0000	1.0000	0.0000	1.0000	EUR	1	1
NA12748	1KG	CEU	EUR	-	0.0000	0.0000	0.0000	1.0000	0.0000	1.0000	EUR	0.0000	0.0000	0.0000	1.0000	0.0000	1.0000	EUR	1	1
NA12775	1KG	CEU	EUR	-	0.0000	0.0000	0.0000	1.0000	0.0000	1.0000	EUR	0.0000	0.0000	0.0000	1.0000	0.0000	1.0000	EUR	1	1
NA12777	1KG	CEU	EUR	-	0.0000	0.0000	0.0000	1.0000	0.0000	1.0000	EUR	0.0000	0.0000	0.0000	1.0000	0.0000	1.0000	EUR	1	1
NA12778	1KG	CEU	EUR	-	0.0000	0.0000	0.0000	1.0000	0.0000	1.0000	EUR	0.0000	0.0000	0.0000	1.0000	0.0000	1.0000	EUR	1	1
NA12827	1KG	CEU	EUR	-	0.0000	0.0000	0.0000	1.0000	0.0000	1.0000	EUR	0.0000	0.0000	0.0000	1.0000	0.0000	1.0000	EUR	1	1
NA12829	1KG	CEU	EUR	-	0.0000	0.0000	0.0000	1.0000	0.0000	1.0000	EUR	0.0000	0.0000	0.0000	1.0000	0.0000	1.0000	EUR	1	1
NA12830A	1KG	CEU	EUR	-	0.0000	0.0000	0.0000	1.0000	0.0000	1.0000	EUR	0.0000	0.0000	0.0000	1.0000	0.0000	1.0000	EUR	1	1
NA12842	1KG	CEU	EUR	-	0.0000	0.0000	0.0000	1.0000	0.0000	1.0000	EUR	0.0000	0.0000	0.0000	1.0000	0.0000	1.0000	EUR	1	1
NA12843	1KG	CEU	EUR	-	0.0000	0.0000	0.0000	1.0000	0.0000	1.0000	EUR	0.0000	0.0000	0.0000	1.0000	0.0000	1.0000	EUR	1	1
NA12889	1KG	CEU	EUR	-	0.0000	0.0000	0.0000	1.0000	0.0000	1.0000	EUR	0.0000	0.0000	0.0000	1.0000	0.0000	1.0000	EUR	1	1
NA12890	1KG	CEU	EUR	-	0.0000	0.0000	0.0000	1.0000	0.0000	1.0000	EUR	0.0000	0.0000	0.0000	1.0000	0.0000	1.0000	EUR	1	1
NA18488	1KG	YRI	AFR	-	1.0000	0.0000	0.0000	0.0000	0.0000	1.0000	AFR	1.0000	0.0000	0.0000	0.0000	0.0000	1.0000	AFR	1	1
NA18530	1KG	CHB	EAS	-	0.0000	0.0000	0.9997	0.0002	0.0000	0.9997	EAS	0.0000	0.0019	0.9930	0.0050	0.0000	0.9930	EAS	1	1
NA18534	1KG	CHB	EAS	-	0.0000	0.0000	1.0000	0.0000	0.0000	1.0000	EAS	0.0000	0.0000	1.0000	0.0000	0.0000	1.0000	EAS	1	1
NA18536	1KG	CHB	EAS	-	0.0000	0.0000	1.0000	0.0000	0.0000	1.0000	EAS	0.0000	0.0000	1.0000	0.0000	0.0000	1.0000	EAS	1	1
NA18543	1KG	CHB	EAS	-	0.0000	0.0000	1.0000	0.0000	0.0000	1.0000	EAS	0.0000	0.0000	1.0000	0.0000	0.0000	1.0000	EAS	1	1
NA18544	1KG	CHB	EAS	-	0.0000	0.0000	1.0000	0.0000	0.0000	1.0000	EAS	0.0000	0.0000	1.0000	0.0000	0.0000	1.0000	EAS	1	1
NA18546	1KG	CHB	EAS	-	0.0000	0.0000	1.0000	0.0000	0.0000	1.0000	EAS	0.0000	0.0000	1.0000	0.0000	0.0000	1.0000	EAS	1	1
NA18548	1KG	CHB	EAS	-	0.0000	0.0000	1.0000	0.0000	0.0000	1.0000	EAS	0.0000	0.0000	1.0000	0.0000	0.0000	1.0000	EAS	1	1
NA18549	1KG	CHB	EAS	-	0.0000	0.0000	1.0000	0.0000	0.0000	1.0000	EAS	0.0000	0.0000	1.0000	0.0000	0.0000	1.0000	EAS	1	1
NA18557	1KG	CHB	EAS	-	0.0000	0.0000	1.0000	0.0000	0.0000	1.0000	EAS	0.0000	0.0000	1.0000	0.0000	0.0000	1.0000	EAS	1	1
NA18559	1KG	CHB	EAS	-	0.0000	0.0000	1.0000	0.0000	0.0000	1.0000	EAS	0.0000	0.0000	1.0000	0.0000	0.0000	1.0000	EAS	1	1
NA18595	1KG	CHB	EAS	-	0.0000	0.0000	1.0000	0.0000	0.0000	1.0000	EAS	0.0000	0.0000	1.0000	0.0000	0.0000	1.0000	EAS	1	1
NA18596	1KG	CHB	EAS	-	0.0000	0.0000	1.0000	0.0000	0.0000	1.0000	EAS	0.0000	0.0000	1.0000	0.0000	0.0000	1.0000	EAS	1	1
NA18597	1KG	CHB	EAS	-	0.0000	0.0010	0.9929	0.0061	0.0000	0.9929	EAS	0.0000	0.0016	0.9887	0.0077	0.0020	0.9887	EAS	1	1
NA18599	1KG	CHB	EAS	-	0.0000	0.0001	0.9970	0.0029	0.0000	0.9970	EAS	0.0000	0.0014	0.9909	0.0077	0.0000	0.9909	EAS	1	1
NA18602	1KG	CHB	EAS	-	0.0000	0.0000	0.9943	0.0056	0.0000	0.9943	EAS	0.0000	0.0028	0.9894	0.0078	0.0000	0.9894	EAS	1	1
NA18606	1KG	CHB	EAS	-	0.0000	0.0000	1.0000	0.0000	0.0000	1.0000	EAS	0.0000	0.0000	1.0000	0.0000	0.0000	1.0000	EAS	1	1
NA18610	1KG	CHB	EAS	-	0.0000	0.0000	1.0000	0.0000	0.0000	1.0000	EAS	0.0000	0.0000	1.0000	0.0000	0.0000	1.0000	EAS	1	1
NA18611	1KG	CHB	EAS	-	0.0000	0.0013	0.9986	0.0000	0.0000	0.9986	EAS	0.0000	0.0034	0.9966	0.0000	0.0000	0.9966	EAS	1	1
NA18612	1KG	CHB	EAS	-	0.0000	0.0007	0.9993	0.0000	0.0000	0.9993	EAS	0.0000	0.0026	0.9974	0.0000	0.0000	0.9974	EAS	1	1
NA18613	1KG	CHB	EAS	-	0.0000	0.0000	1.0000	0.0000	0.0000	1.0000	EAS	0.0000	0.0001	0.9970	0.0029	0.0000	0.9970	EAS	1	1
NA18615	1KG	CHB	EAS	-	0.0000	0.0000	1.0000	0.0000	0.0000	1.0000	EAS	0.0000	0.0000	1.0000	0.0000	0.0000	1.0000	EAS	1	1
NA18616	1KG	CHB	EAS	-	0.0000	0.0000	1.0000	0.0000	0.0000	1.0000	EAS	0.0000	0.0000	1.0000	0.0000	0.0000	1.0000	EAS	1	1
NA18617	1KG	CHB	EAS	-	0.0000	0.0000	1.0000	0.0000	0.0000	1.0000	EAS	0.0000	0.0000	1.0000	0.0000	0.0000	1.0000	EAS	1	1
NA18618	1KG	CHB	EAS	-	0.0000	0.0000	0.9845	0.0091	0.0064	0.9845	EAS	0.0000	0.0000	0.9809	0.0108	0.0083	0.9809	EAS	1	1
NA18619	1KG	CHB	EAS	-	0.0000	0.0000	0.9938	0.0062	0.0000	0.9938	EAS	0.0000	0.0000	0.9916	0.0084	0.0000	0.9916	EAS	1	1
NA18620	1KG	CHB	EAS	-	0.0000	0.0032	0.9878	0.0090	0.0000	0.9878	EAS	0.0000	0.0041	0.9840	0.0118	0.0000	0.9840	EAS	1	1
NA18621	1KG	CHB	EAS	-	0.0000	0.0000	1.0000	0.0000	0.0000	1.0000	EAS	0.0000	0.0001	0.9999	0.0000	0.0000	0.9999	EAS	1	1
NA18622	1KG	CHB	EAS	-	0.0000	0.0000	1.0000	0.0000	0.0000	1.0000	EAS	0.0000	0.0000	1.0000	0.0000	0.0000	1.0000	EAS	1	1
NA18623	1KG	CHB	EAS	-	0.0000	0.0032	0.9881	0.0087	0.0000	0.9881	EAS	0.0000	0.0038	0.9838	0.0098	0.0026	0.9838	EAS	1	1
NA18624	1KG	CHB	EAS	-	0.0000	0.0000	1.0000	0.0000	0.0000	1.0000	EAS	0.0000	0.0000	1.0000	0.0000	0.0000	1.0000	EAS	1	1
NA18625	1KG	CHB	EAS	-	0.0000	0.0000	1.0000	0.0000	0.0000	1.0000	EAS	0.0000	0.0000	1.0000	0.0000	0.0000	1.0000	EAS	1	1
NA18626	1KG	CHB	EAS	-	0.0000	0.0010	0.9756	0.0179	0.0055	0.9756	EAS	0.0000	0.0019	0.9728	0.0196	0.0057	0.9728	EAS	1	1
NA18627	1KG	CHB	EAS	-	0.0000	0.0000	1.0000	0.0000	0.0000	1.0000	EAS	0.0000	0.0000	1.0000	0.0000	0.0000	1.0000	EAS	1	1
NA18628	1KG	CHB	EAS	-	0.0000	0.0000	1.0000	0.0000	0.0000	1.0000	EAS	0.0000	0.0000	1.0000	0.0000	0.0000	1.0000	EAS	1	1
NA18630	1KG	CHB	EAS	-	0.0000	0.0000	1.0000	0.0000	0.0000	1.0000	EAS	0.0000	0.0000	1.0000	0.0000	0.0000	1.0000	EAS	1	1
NA18631	1KG	CHB	EAS	-	0.0000	0.0000	1.0000	0.0000	0.0000	1.0000	EAS	0.0000	0.0000	1.0000	0.0000	0.0000	1.0000	EAS	1	1
NA18632	1KG	CHB	EAS	-	0.0000	0.0000	1.0000	0.0000	0.0000	1.0000	EAS	0.0000	0.0000	1.0000	0.0000	0.0000	1.0000	EAS	1	1
NA18633	1KG	CHB	EAS	-	0.0000	0.0000	1.0000	0.0000	0.0000	1.0000	EAS	0.0000	0.0000	1.0000	0.0000	0.0000	1.0000	EAS	1	1
NA18634	1KG	CHB	EAS	-	0.0000	0.0000	1.0000	0.0000	0.0000	1.0000	EAS	0.0000	0.0000	1.0000	0.0000	0.0000	1.0000	EAS	1	1
NA18635	1KG	CHB	EAS	-	0.0000	0.0000	1.0000	0.0000	0.0000	1.0000	EAS	0.0000	0.0000	0.9997	0.0003	0.0000	0.9997	EAS	1	1
NA18636	1KG	CHB	EAS	-	0.0000	0.0000	1.0000	0.0000	0.0000	1.0000	EAS	0.0000	0.0000	1.0000	0.0000	0.0000	1.0000	EAS	1	1
NA18637	1KG	CHB	EAS	-	0.0000	0.0000	1.0000	0.0000	0.0000	1.0000	EAS	0.0000	0.0000	1.0000	0.0000	0.0000	1.0000	EAS	1	1
NA18639	1KG	CHB	EAS	-	0.0000	0.0000	1.0000	0.0000	0.0000	1.0000	EAS	0.0000	0.0000	1.0000	0.0000	0.0000	1.0000	EAS	1	1
NA18640	1KG	CHB	EAS	-	0.0000	0.0000	1.0000	0.0000	0.0000	1.0000	EAS	0.0000	0.0000	1.0000	0.0000	0.0000	1.0000	EAS	1	1
NA18641	1KG	CHB	EAS	-	0.0000	0.0000	1.0000	0.0000	0.0000	1.0000	EAS	0.0000	0.0000	1.0000	0.0000	0.0000	1.0000	EAS	1	1
NA18642	1KG	CHB	EAS	-	0.0000	0.0051	0.9659	0.0259	0.0031	0.9659	EAS	0.0000	0.0060	0.9634	0.0275	0.0030	0.9634	EAS	1	1
NA18643	1KG	CHB	EAS	-	0.0000	0.0024	0.9876	0.0100	0.0000	0.9876	EAS	0.0000	0.0028	0.9853	0.0120	0.0000	0.9853	EAS	1	1
NA18645	1KG	CHB	EAS	-	0.0000	0.0000	1.0000	0.0000	0.0000	1.0000	EAS	0.0000	0.0000	1.0000	0.0000	0.0000	1.0000	EAS	1	1
NA18647	1KG	CHB	EAS	-	0.0000	0.0000	0.9782	0.0182	0.0037	0.9782	EAS	0.0000	0.0018	0.9748	0.0198	0.0036	0.9748	EAS	1	1
NA18740	1KG	CHB	EAS	-	0.0000	0.0000	1.0000	0.0000	0.0000	1.0000	EAS	0.0000	0.0000	1.0000	0.0000	0.0000	1.0000	EAS	1	1
NA18745	1KG	CHB	EAS	-	0.0000	0.0000	1.0000	0.0000	0.0000	1.0000	EAS	0.0000	0.0000	1.0000	0.0000	0.0000	1.0000	EAS	1	1
NA18747	1KG	CHB	EAS	-	0.0000	0.0000	1.0000	0.0000	0.0000	1.0000	EAS	0.0000	0.0000	1.0000	0.0000	0.0000	1.0000	EAS	1	1
NA18748	1KG	CHB	EAS	-	0.0000	0.0000	1.0000	0.0000	0.0000	1.0000	EAS	0.0000	0.0000	1.0000	0.0000	0.0000	1.0000	EAS	1	1
NA18749	1KG	CHB	EAS	-	0.0000	0.0000	1.0000	0.0000	0.0000	1.0000	EAS	0.0000	0.0000	1.0000	0.0000	0.0000	1.0000	EAS	1	1
NA18757	1KG	CHB	EAS	-	0.0000	0.0012	0.9946	0.0042	0.0000	0.9946	EAS	0.0000	0.0023	0.9899	0.0077	0.0000	0.9899	EAS	1	1
NA18867	1KG	YRI	AFR	-	1.0000	0.0000	0.0000	0.0000	0.0000	1.0000	AFR	1.0000	0.0000	0.0000	0.0000	0.0000	1.0000	AFR	1	1
NA18868	1KG	YRI	AFR	-	1.0000	0.0000	0.0000	0.0000	0.0000	1.0000	AFR	1.0000	0.0000	0.0000	0.0000	0.0000	1.0000	AFR	1	1
NA18873	1KG	YRI	AFR	-	1.0000	0.0000	0.0000	0.0000	0.0000	1.0000	AFR	1.0000	0.0000	0.0000	0.0000	0.0000	1.0000	AFR	1	1
NA18874A	1KG	YRI	AFR	-	1.0000	0.0000	0.0000	0.0000	0.0000	1.0000	AFR	1.0000	0.0000	0.0000	0.0000	0.0000	1.0000	AFR	1	1
NA18908	1KG	YRI	AFR	-	1.0000	0.0000	0.0000	0.0000	0.0000	1.0000	AFR	1.0000	0.0000	0.0000	0.0000	0.0000	1.0000	AFR	1	1
NA18910	1KG	YRI	AFR	-	1.0000	0.0000	0.0000	0.0000	0.0000	1.0000	AFR	1.0000	0.0000	0.0000	0.0000	0.0000	1.0000	AFR	1	1
NA18917	1KG	YRI	AFR	-	1.0000	0.0000	0.0000	0.0000	0.0000	1.0000	AFR	1.0000	0.0000	0.0000	0.0000	0.0000	1.0000	AFR	1	1
NA18923	1KG	YRI	AFR	-	1.0000	0.0000	0.0000	0.0000	0.0000	1.0000	AFR	1.0000	0.0000	0.0000	0.0000	0.0000	1.0000	AFR	1	1
NA18924	1KG	YRI	AFR	-	1.0000	0.0000	0.0000	0.0000	0.0000	1.0000	AFR	1.0000	0.0000	0.0000	0.0000	0.0000	1.0000	AFR	1	1
NA18933	1KG	YRI	AFR	-	1.0000	0.0000	0.0000	0.0000	0.0000	1.0000	AFR	1.0000	0.0000	0.0000	0.0000	0.0000	1.0000	AFR	1	1
NA18934	1KG	YRI	AFR	-	1.0000	0.0000	0.0000	0.0000	0.0000	1.0000	AFR	1.0000	0.0000	0.0000	0.0000	0.0000	1.0000	AFR	1	1
NA18939	1KG	JPT	EAS	-	0.0000	0.0000	1.0000	0.0000	0.0000	1.0000	EAS	0.0000	0.0000	1.0000	0.0000	0.0000	1.0000	EAS	1	1
NA18941	1KG	JPT	EAS	-	0.0000	0.0000	1.0000	0.0000	0.0000	1.0000	EAS	0.0000	0.0000	1.0000	0.0000	0.0000	1.0000	EAS	1	1
NA18946	1KG	JPT	EAS	-	0.0000	0.0000	1.0000	0.0000	0.0000	1.0000	EAS	0.0000	0.0000	1.0000	0.0000	0.0000	1.0000	EAS	1	1
NA18954	1KG	JPT	EAS	-	0.0000	0.0000	1.0000	0.0000	0.0000	1.0000	EAS	0.0000	0.0000	1.0000	0.0000	0.0000	1.0000	EAS	1	1
NA18957	1KG	JPT	EAS	-	0.0000	0.0000	1.0000	0.0000	0.0000	1.0000	EAS	0.0000	0.0000	1.0000	0.0000	0.0000	1.0000	EAS	1	1
NA18962	1KG	JPT	EAS	-	0.0000	0.0000	1.0000	0.0000	0.0000	1.0000	EAS	0.0000	0.0000	1.0000	0.0000	0.0000	1.0000	EAS	1	1
NA18963	1KG	JPT	EAS	-	0.0000	0.0000	1.0000	0.0000	0.0000	1.0000	EAS	0.0000	0.0000	1.0000	0.0000	0.0000	1.0000	EAS	1	1
NA18966	1KG	JPT	EAS	-	0.0000	0.0000	1.0000	0.0000	0.0000	1.0000	EAS	0.0000	0.0000	1.0000	0.0000	0.0000	1.0000	EAS	1	1
NA18977	1KG	JPT	EAS	-	0.0000	0.0000	1.0000	0.0000	0.0000	1.0000	EAS	0.0000	0.0000	1.0000	0.0000	0.0000	1.0000	EAS	1	1
NA18979	1KG	JPT	EAS	-	0.0000	0.0000	1.0000	0.0000	0.0000	1.0000	EAS	0.0000	0.0000	1.0000	0.0000	0.0000	1.0000	EAS	1	1
NA18987	1KG	JPT	EAS	-	0.0000	0.0000	1.0000	0.0000	0.0000	1.0000	EAS	0.0000	0.0000	1.0000	0.0000	0.0000	1.0000	EAS	1	1
NA18990	1KG	JPT	EAS	-	0.0000	0.0000	1.0000	0.0000	0.0000	1.0000	EAS	0.0000	0.0000	1.0000	0.0000	0.0000	1.0000	EAS	1	1
NA18991	1KG	JPT	EAS	-	0.0000	0.0000	1.0000	0.0000	0.0000	1.0000	EAS	0.0000	0.0000	1.0000	0.0000	0.0000	1.0000	EAS	1	1
NA18992	1KG	JPT	EAS	-	0.0000	0.0000	1.0000	0.0000	0.0000	1.0000	EAS	0.0000	0.0000	1.0000	0.0000	0.0000	1.0000	EAS	1	1
NA18993	1KG	JPT	EAS	-	0.0000	0.0000	1.0000	0.0000	0.0000	1.0000	EAS	0.0000	0.0007	0.9992	0.0000	0.0000	0.9992	EAS	1	1
NA18994	1KG	JPT	EAS	-	0.0000	0.0000	1.0000	0.0000	0.0000	1.0000	EAS	0.0000	0.0000	1.0000	0.0000	0.0000	1.0000	EAS	1	1
NA18995	1KG	JPT	EAS	-	0.0000	0.0000	1.0000	0.0000	0.0000	1.0000	EAS	0.0000	0.0000	1.0000	0.0000	0.0000	1.0000	EAS	1	1
NA18997	1KG	JPT	EAS	-	0.0000	0.0000	1.0000	0.0000	0.0000	1.0000	EAS	0.0000	0.0000	1.0000	0.0000	0.0000	1.0000	EAS	1	1
NA18998	1KG	JPT	EAS	-	0.0000	0.0000	1.0000	0.0000	0.0000	1.0000	EAS	0.0000	0.0000	1.0000	0.0000	0.0000	1.0000	EAS	1	1
NA18999	1KG	JPT	EAS	-	0.0000	0.0000	1.0000	0.0000	0.0000	1.0000	EAS	0.0000	0.0000	1.0000	0.0000	0.0000	1.0000	EAS	1	1
NA19000	1KG	JPT	EAS	-	0.0000	0.0000	1.0000	0.0000	0.0000	1.0000	EAS	0.0000	0.0000	1.0000	0.0000	0.0000	1.0000	EAS	1	1
NA19001	1KG	JPT	EAS	-	0.0000	0.0000	1.0000	0.0000	0.0000	1.0000	EAS	0.0000	0.0000	1.0000	0.0000	0.0000	1.0000	EAS	1	1
NA19002	1KG	JPT	EAS	-	0.0000	0.0000	1.0000	0.0000	0.0000	1.0000	EAS	0.0000	0.0000	1.0000	0.0000	0.0000	1.0000	EAS	1	1
NA19003	1KG	JPT	EAS	-	0.0000	0.0000	1.0000	0.0000	0.0000	1.0000	EAS	0.0000	0.0000	1.0000	0.0000	0.0000	1.0000	EAS	1	1
NA19007	1KG	JPT	EAS	-	0.0000	0.0000	1.0000	0.0000	0.0000	1.0000	EAS	0.0000	0.0000	1.0000	0.0000	0.0000	1.0000	EAS	1	1
NA19009	1KG	JPT	EAS	-	0.0000	0.0000	1.0000	0.0000	0.0000	1.0000	EAS	0.0000	0.0000	1.0000	0.0000	0.0000	1.0000	EAS	1	1
NA19010	1KG	JPT	EAS	-	0.0000	0.0000	1.0000	0.0000	0.0000	1.0000	EAS	0.0000	0.0000	1.0000	0.0000	0.0000	1.0000	EAS	1	1
NA19012	1KG	JPT	EAS	-	0.0000	0.0000	1.0000	0.0000	0.0000	1.0000	EAS	0.0000	0.0000	1.0000	0.0000	0.0000	1.0000	EAS	1	1
NA19055	1KG	JPT	EAS	-	0.0000	0.0000	1.0000	0.0000	0.0000	1.0000	EAS	0.0000	0.0001	0.9999	0.0000	0.0000	0.9999	EAS	1	1
NA19056	1KG	JPT	EAS	-	0.0000	0.0000	1.0000	0.0000	0.0000	1.0000	EAS	0.0000	0.0000	1.0000	0.0000	0.0000	1.0000	EAS	1	1
NA19057	1KG	JPT	EAS	-	0.0000	0.0000	1.0000	0.0000	0.0000	1.0000	EAS	0.0000	0.0000	1.0000	0.0000	0.0000	1.0000	EAS	1	1
NA19058	1KG	JPT	EAS	-	0.0000	0.0000	1.0000	0.0000	0.0000	1.0000	EAS	0.0000	0.0000	1.0000	0.0000	0.0000	1.0000	EAS	1	1
NA19059	1KG	JPT	EAS	-	0.0000	0.0000	1.0000	0.0000	0.0000	1.0000	EAS	0.0000	0.0000	1.0000	0.0000	0.0000	1.0000	EAS	1	1
NA19060	1KG	JPT	EAS	-	0.0000	0.0000	1.0000	0.0000	0.0000	1.0000	EAS	0.0000	0.0000	1.0000	0.0000	0.0000	1.0000	EAS	1	1
NA19062	1KG	JPT	EAS	-	0.0000	0.0000	1.0000	0.0000	0.0000	1.0000	EAS	0.0000	0.0025	0.9974	0.0000	0.0000	0.9974	EAS	1	1
NA19063	1KG	JPT	EAS	-	0.0000	0.0000	1.0000	0.0000	0.0000	1.0000	EAS	0.0000	0.0000	1.0000	0.0000	0.0000	1.0000	EAS	1	1
NA19064	1KG	JPT	EAS	-	0.0000	0.0000	1.0000	0.0000	0.0000	1.0000	EAS	0.0000	0.0000	1.0000	0.0000	0.0000	1.0000	EAS	1	1
NA19065	1KG	JPT	EAS	-	0.0000	0.0000	1.0000	0.0000	0.0000	1.0000	EAS	0.0000	0.0000	1.0000	0.0000	0.0000	1.0000	EAS	1	1
NA19066	1KG	JPT	EAS	-	0.0000	0.0000	1.0000	0.0000	0.0000	1.0000	EAS	0.0000	0.0000	1.0000	0.0000	0.0000	1.0000	EAS	1	1
NA19067	1KG	JPT	EAS	-	0.0000	0.0000	1.0000	0.0000	0.0000	1.0000	EAS	0.0000	0.0000	1.0000	0.0000	0.0000	1.0000	EAS	1	1
NA19068	1KG	JPT	EAS	-	0.0000	0.0000	1.0000	0.0000	0.0000	1.0000	EAS	0.0000	0.0000	1.0000	0.0000	0.0000	1.0000	EAS	1	1
NA19070	1KG	JPT	EAS	-	0.0000	0.0000	1.0000	0.0000	0.0000	1.0000	EAS	0.0000	0.0000	1.0000	0.0000	0.0000	1.0000	EAS	1	1
NA19072	1KG	JPT	EAS	-	0.0000	0.0000	1.0000	0.0000	0.0000	1.0000	EAS	0.0000	0.0000	1.0000	0.0000	0.0000	1.0000	EAS	1	1
NA19074	1KG	JPT	EAS	-	0.0000	0.0031	0.9969	0.0000	0.0000	0.9969	EAS	0.0000	0.0037	0.9962	0.0000	0.0000	0.9962	EAS	1	1
NA19075	1KG	JPT	EAS	-	0.0000	0.0000	1.0000	0.0000	0.0000	1.0000	EAS	0.0000	0.0007	0.9993	0.0000	0.0000	0.9993	EAS	1	1
NA19076	1KG	JPT	EAS	-	0.0000	0.0000	1.0000	0.0000	0.0000	1.0000	EAS	0.0000	0.0000	1.0000	0.0000	0.0000	1.0000	EAS	1	1
NA19077	1KG	JPT	EAS	-	0.0000	0.0000	1.0000	0.0000	0.0000	1.0000	EAS	0.0000	0.0000	1.0000	0.0000	0.0000	1.0000	EAS	1	1
NA19078	1KG	JPT	EAS	-	0.0000	0.0000	1.0000	0.0000	0.0000	1.0000	EAS	0.0000	0.0000	1.0000	0.0000	0.0000	1.0000	EAS	1	1
NA19079	1KG	JPT	EAS	-	0.0000	0.0000	1.0000	0.0000	0.0000	1.0000	EAS	0.0000	0.0000	1.0000	0.0000	0.0000	1.0000	EAS	1	1
NA19080	1KG	JPT	EAS	-	0.0000	0.0000	1.0000	0.0000	0.0000	1.0000	EAS	0.0000	0.0000	1.0000	0.0000	0.0000	1.0000	EAS	1	1
NA19081	1KG	JPT	EAS	-	0.0000	0.0000	1.0000	0.0000	0.0000	1.0000	EAS	0.0000	0.0000	1.0000	0.0000	0.0000	1.0000	EAS	1	1
NA19082	1KG	JPT	EAS	-	0.0000	0.0000	1.0000	0.0000	0.0000	1.0000	EAS	0.0000	0.0000	1.0000	0.0000	0.0000	1.0000	EAS	1	1
NA19083	1KG	JPT	EAS	-	0.0000	0.0000	1.0000	0.0000	0.0000	1.0000	EAS	0.0000	0.0000	1.0000	0.0000	0.0000	1.0000	EAS	1	1
NA19084	1KG	JPT	EAS	-	0.0000	0.0000	1.0000	0.0000	0.0000	1.0000	EAS	0.0000	0.0000	1.0000	0.0000	0.0000	1.0000	EAS	1	1
NA19085	1KG	JPT	EAS	-	0.0000	0.0000	1.0000	0.0000	0.0000	1.0000	EAS	0.0000	0.0000	1.0000	0.0000	0.0000	1.0000	EAS	1	1
NA19086	1KG	JPT	EAS	-	0.0000	0.0000	1.0000	0.0000	0.0000	1.0000	EAS	0.0000	0.0000	1.0000	0.0000	0.0000	1.0000	EAS	1	1
NA19087	1KG	JPT	EAS	-	0.0000	0.0000	1.0000	0.0000	0.0000	1.0000	EAS	0.0000	0.0000	1.0000	0.0000	0.0000	1.0000	EAS	1	1
NA19088	1KG	JPT	EAS	-	0.0000	0.0000	1.0000	0.0000	0.0000	1.0000	EAS	0.0000	0.0000	1.0000	0.0000	0.0000	1.0000	EAS	1	1
NA19092	1KG	YRI	AFR	-	1.0000	0.0000	0.0000	0.0000	0.0000	1.0000	AFR	1.0000	0.0000	0.0000	0.0000	0.0000	1.0000	AFR	1	1
NA19095	1KG	YRI	AFR	-	1.0000	0.0000	0.0000	0.0000	0.0000	1.0000	AFR	1.0000	0.0000	0.0000	0.0000	0.0000	1.0000	AFR	1	1
NA19096	1KG	YRI	AFR	-	1.0000	0.0000	0.0000	0.0000	0.0000	1.0000	AFR	1.0000	0.0000	0.0000	0.0000	0.0000	1.0000	AFR	1	1
NA19107	1KG	YRI	AFR	-	1.0000	0.0000	0.0000	0.0000	0.0000	1.0000	AFR	1.0000	0.0000	0.0000	0.0000	0.0000	1.0000	AFR	1	1
NA19113	1KG	YRI	AFR	-	1.0000	0.0000	0.0000	0.0000	0.0000	1.0000	AFR	1.0000	0.0000	0.0000	0.0000	0.0000	1.0000	AFR	1	1
NA19117	1KG	YRI	AFR	-	1.0000	0.0000	0.0000	0.0000	0.0000	1.0000	AFR	1.0000	0.0000	0.0000	0.0000	0.0000	1.0000	AFR	1	1
NA19118	1KG	YRI	AFR	-	1.0000	0.0000	0.0000	0.0000	0.0000	1.0000	AFR	1.0000	0.0000	0.0000	0.0000	0.0000	1.0000	AFR	1	1
NA19121	1KG	YRI	AFR	-	1.0000	0.0000	0.0000	0.0000	0.0000	1.0000	AFR	1.0000	0.0000	0.0000	0.0000	0.0000	1.0000	AFR	1	1
NA19130	1KG	YRI	AFR	-	1.0000	0.0000	0.0000	0.0000	0.0000	1.0000	AFR	1.0000	0.0000	0.0000	0.0000	0.0000	1.0000	AFR	1	1
NA19146	1KG	YRI	AFR	-	1.0000	0.0000	0.0000	0.0000	0.0000	1.0000	AFR	1.0000	0.0000	0.0000	0.0000	0.0000	1.0000	AFR	1	1
NA19149	1KG	YRI	AFR	-	1.0000	0.0000	0.0000	0.0000	0.0000	1.0000	AFR	1.0000	0.0000	0.0000	0.0000	0.0000	1.0000	AFR	1	1
NA19184	1KG	YRI	AFR	-	1.0000	0.0000	0.0000	0.0000	0.0000	1.0000	AFR	1.0000	0.0000	0.0000	0.0000	0.0000	1.0000	AFR	1	1
NA19185	1KG	YRI	AFR	-	1.0000	0.0000	0.0000	0.0000	0.0000	1.0000	AFR	1.0000	0.0000	0.0000	0.0000	0.0000	1.0000	AFR	1	1
NA19189	1KG	YRI	AFR	-	1.0000	0.0000	0.0000	0.0000	0.0000	1.0000	AFR	1.0000	0.0000	0.0000	0.0000	0.0000	1.0000	AFR	1	1
NA19197	1KG	YRI	AFR	-	1.0000	0.0000	0.0000	0.0000	0.0000	1.0000	AFR	1.0000	0.0000	0.0000	0.0000	0.0000	1.0000	AFR	1	1
NA19198	1KG	YRI	AFR	-	1.0000	0.0000	0.0000	0.0000	0.0000	1.0000	AFR	1.0000	0.0000	0.0000	0.0000	0.0000	1.0000	AFR	1	1
NA19213	1KG	YRI	AFR	-	1.0000	0.0000	0.0000	0.0000	0.0000	1.0000	AFR	1.0000	0.0000	0.0000	0.0000	0.0000	1.0000	AFR	1	1
NA19214	1KG	YRI	AFR	-	1.0000	0.0000	0.0000	0.0000	0.0000	1.0000	AFR	1.0000	0.0000	0.0000	0.0000	0.0000	1.0000	AFR	1	1
NA19223	1KG	YRI	AFR	-	1.0000	0.0000	0.0000	0.0000	0.0000	1.0000	AFR	1.0000	0.0000	0.0000	0.0000	0.0000	1.0000	AFR	1	1
NA19235	1KG	YRI	AFR	-	1.0000	0.0000	0.0000	0.0000	0.0000	1.0000	AFR	1.0000	0.0000	0.0000	0.0000	0.0000	1.0000	AFR	1	1
NA19236	1KG	YRI	AFR	-	1.0000	0.0000	0.0000	0.0000	0.0000	1.0000	AFR	1.0000	0.0000	0.0000	0.0000	0.0000	1.0000	AFR	1	1
NA19247	1KG	YRI	AFR	-	1.0000	0.0000	0.0000	0.0000	0.0000	1.0000	AFR	1.0000	0.0000	0.0000	0.0000	0.0000	1.0000	AFR	1	1
NA19248	1KG	YRI	AFR	-	1.0000	0.0000	0.0000	0.0000	0.0000	1.0000	AFR	1.0000	0.0000	0.0000	0.0000	0.0000	1.0000	AFR	1	1
NA19256	1KG	YRI	AFR	-	1.0000	0.0000	0.0000	0.0000	0.0000	1.0000	AFR	1.0000	0.0000	0.0000	0.0000	0.0000	1.0000	AFR	1	1
NA11932	1KG	CEU	EUR	-	0.0000	0.0000	0.0000	1.0000	0.0000	1.0000	EUR	0.0000	0.0000	0.0000	1.0000	0.0000	1.0000	EUR	1	1
NA11933	1KG	CEU	EUR	-	0.0000	0.0000	0.0000	1.0000	0.0000	1.0000	EUR	0.0000	0.0000	0.0000	1.0000	0.0000	1.0000	EUR	1	1
NA12046	1KG	CEU	EUR	-	0.0000	0.0000	0.0000	1.0000	0.0000	1.0000	EUR	0.0000	0.0000	0.0000	1.0000	0.0000	1.0000	EUR	1	1
NA18525	1KG	CHB	EAS	-	0.0000	0.0000	1.0000	0.0000	0.0000	1.0000	EAS	0.0000	0.0000	1.0000	0.0000	0.0000	1.0000	EAS	1	1
NA18528	1KG	CHB	EAS	-	0.0000	0.0000	0.9785	0.0138	0.0077	0.9785	EAS	0.0000	0.0014	0.9751	0.0155	0.0080	0.9751	EAS	1	1
NA18531	1KG	CHB	EAS	-	0.0000	0.0000	0.9943	0.0056	0.0000	0.9943	EAS	0.0000	0.0000	0.9918	0.0082	0.0000	0.9918	EAS	1	1
NA18533	1KG	CHB	EAS	-	0.0000	0.0000	1.0000	0.0000	0.0000	1.0000	EAS	0.0000	0.0000	1.0000	0.0000	0.0000	1.0000	EAS	1	1
NA18535	1KG	CHB	EAS	-	0.0000	0.0000	0.9811	0.0141	0.0048	0.9811	EAS	0.0000	0.0000	0.9788	0.0157	0.0056	0.9788	EAS	1	1
NA18538	1KG	CHB	EAS	-	0.0000	0.0015	0.9889	0.0096	0.0000	0.9889	EAS	0.0000	0.0027	0.9856	0.0117	0.0000	0.9856	EAS	1	1
NA18539	1KG	CHB	EAS	-	0.0000	0.0011	0.9894	0.0095	0.0000	0.9894	EAS	0.0000	0.0028	0.9858	0.0114	0.0000	0.9858	EAS	1	1
NA18541	1KG	CHB	EAS	-	0.0000	0.0014	0.9986	0.0000	0.0000	0.9986	EAS	0.0000	0.0026	0.9974	0.0000	0.0000	0.9974	EAS	1	1
NA18553	1KG	CHB	EAS	-	0.0000	0.0056	0.9871	0.0073	0.0000	0.9871	EAS	0.0000	0.0066	0.9838	0.0096	0.0000	0.9838	EAS	1	1
NA18560	1KG	CHB	EAS	-	0.0000	0.0000	1.0000	0.0000	0.0000	1.0000	EAS	0.0000	0.0000	1.0000	0.0000	0.0000	1.0000	EAS	1	1
NA18565	1KG	CHB	EAS	-	0.0000	0.0000	1.0000	0.0000	0.0000	1.0000	EAS	0.0000	0.0000	1.0000	0.0000	0.0000	1.0000	EAS	1	1
NA18567	1KG	CHB	EAS	-	0.0000	0.0000	1.0000	0.0000	0.0000	1.0000	EAS	0.0000	0.0000	1.0000	0.0000	0.0000	1.0000	EAS	1	1
NA18574	1KG	CHB	EAS	-	0.0000	0.0000	1.0000	0.0000	0.0000	1.0000	EAS	0.0000	0.0000	1.0000	0.0000	0.0000	1.0000	EAS	1	1
NA18591	1KG	CHB	EAS	-	0.0000	0.0000	1.0000	0.0000	0.0000	1.0000	EAS	0.0000	0.0000	1.0000	0.0000	0.0000	1.0000	EAS	1	1
NA18629	1KG	CHB	EAS	-	0.0000	0.0000	1.0000	0.0000	0.0000	1.0000	EAS	0.0000	0.0000	1.0000	0.0000	0.0000	1.0000	EAS	1	1
NA18644	1KG	CHB	EAS	-	0.0000	0.0000	1.0000	0.0000	0.0000	1.0000	EAS	0.0000	0.0000	1.0000	0.0000	0.0000	1.0000	EAS	1	1
NA18646	1KG	CHB	EAS	-	0.0000	0.0018	0.9982	0.0000	0.0000	0.9982	EAS	0.0000	0.0027	0.9973	0.0000	0.0000	0.9973	EAS	1	1
NA18648	1KG	CHB	EAS	-	0.0000	0.0033	0.9761	0.0173	0.0033	0.9761	EAS	0.0000	0.0041	0.9729	0.0191	0.0040	0.9729	EAS	1	1
NA18865	1KG	YRI	AFR	-	1.0000	0.0000	0.0000	0.0000	0.0000	1.0000	AFR	1.0000	0.0000	0.0000	0.0000	0.0000	1.0000	AFR	1	1
NA18876	1KG	YRI	AFR	-	1.0000	0.0000	0.0000	0.0000	0.0000	1.0000	AFR	1.0000	0.0000	0.0000	0.0000	0.0000	1.0000	AFR	1	1
NA18877	1KG	YRI	AFR	-	1.0000	0.0000	0.0000	0.0000	0.0000	1.0000	AFR	1.0000	0.0000	0.0000	0.0000	0.0000	1.0000	AFR	1	1
NA18878	1KG	YRI	AFR	-	1.0000	0.0000	0.0000	0.0000	0.0000	1.0000	AFR	1.0000	0.0000	0.0000	0.0000	0.0000	1.0000	AFR	1	1
NA18879	1KG	YRI	AFR	-	1.0000	0.0000	0.0000	0.0000	0.0000	1.0000	AFR	1.0000	0.0000	0.0000	0.0000	0.0000	1.0000	AFR	1	1
NA18881	1KG	YRI	AFR	-	1.0000	0.0000	0.0000	0.0000	0.0000	1.0000	AFR	1.0000	0.0000	0.0000	0.0000	0.0000	1.0000	AFR	1	1
NA18915	1KG	YRI	AFR	-	1.0000	0.0000	0.0000	0.0000	0.0000	1.0000	AFR	1.0000	0.0000	0.0000	0.0000	0.0000	1.0000	AFR	1	1
NA18950	1KG	JPT	EAS	-	0.0000	0.0000	1.0000	0.0000	0.0000	1.0000	EAS	0.0000	0.0000	1.0000	0.0000	0.0000	1.0000	EAS	1	1
NA18982	1KG	JPT	EAS	-	0.0000	0.0000	1.0000	0.0000	0.0000	1.0000	EAS	0.0000	0.0000	1.0000	0.0000	0.0000	1.0000	EAS	1	1
NA18983	1KG	JPT	EAS	-	0.0000	0.0000	1.0000	0.0000	0.0000	1.0000	EAS	0.0000	0.0000	1.0000	0.0000	0.0000	1.0000	EAS	1	1
NA18984	1KG	JPT	EAS	-	0.0000	0.0000	1.0000	0.0000	0.0000	1.0000	EAS	0.0000	0.0000	1.0000	0.0000	0.0000	1.0000	EAS	1	1
NA18985	1KG	JPT	EAS	-	0.0000	0.0000	1.0000	0.0000	0.0000	1.0000	EAS	0.0000	0.0003	0.9997	0.0000	0.0000	0.9997	EAS	1	1
NA18986	1KG	JPT	EAS	-	0.0000	0.0000	1.0000	0.0000	0.0000	1.0000	EAS	0.0000	0.0000	1.0000	0.0000	0.0000	1.0000	EAS	1	1
NA18988	1KG	JPT	EAS	-	0.0000	0.0000	1.0000	0.0000	0.0000	1.0000	EAS	0.0000	0.0000	1.0000	0.0000	0.0000	1.0000	EAS	1	1
NA18989	1KG	JPT	EAS	-	0.0000	0.0000	1.0000	0.0000	0.0000	1.0000	EAS	0.0000	0.0000	1.0000	0.0000	0.0000	1.0000	EAS	1	1
NA19004	1KG	JPT	EAS	-	0.0000	0.0000	1.0000	0.0000	0.0000	1.0000	EAS	0.0000	0.0000	1.0000	0.0000	0.0000	1.0000	EAS	1	1
NA19006	1KG	JPT	EAS	-	0.0000	0.0000	1.0000	0.0000	0.0000	1.0000	EAS	0.0000	0.0000	1.0000	0.0000	0.0000	1.0000	EAS	1	1
NA19011	1KG	JPT	EAS	-	0.0000	0.0000	1.0000	0.0000	0.0000	1.0000	EAS	0.0000	0.0000	1.0000	0.0000	0.0000	1.0000	EAS	1	1
NA19017	1KG	LWK	AFR	-	0.9899	0.0000	0.0000	0.0101	0.0000	0.9899	AFR	0.9897	0.0000	0.0000	0.0103	0.0000	0.9897	AFR	1	1
NA19019	1KG	LWK	AFR	-	0.9859	0.0000	0.0000	0.0128	0.0012	0.9859	AFR	0.9858	0.0000	0.0000	0.0132	0.0009	0.9858	AFR	1	1
NA19020	1KG	LWK	AFR	-	0.9811	0.0000	0.0000	0.0189	0.0000	0.9811	AFR	0.9809	0.0000	0.0000	0.0191	0.0000	0.9809	AFR	1	1
NA19023	1KG	LWK	AFR	-	0.9897	0.0000	0.0000	0.0103	0.0000	0.9897	AFR	0.9895	0.0000	0.0000	0.0105	0.0000	0.9895	AFR	1	1
NA19024	1KG	LWK	AFR	-	0.9836	0.0000	0.0000	0.0163	0.0000	0.9836	AFR	0.9835	0.0000	0.0000	0.0165	0.0000	0.9835	AFR	1	1
NA19025	1KG	LWK	AFR	-	0.9931	0.0000	0.0000	0.0069	0.0000	0.9931	AFR	0.9928	0.0000	0.0000	0.0072	0.0000	0.9928	AFR	1	1
NA19026	1KG	LWK	AFR	-	0.9785	0.0000	0.0000	0.0215	0.0000	0.9785	AFR	0.9783	0.0000	0.0000	0.0217	0.0000	0.9783	AFR	1	1
NA19028	1KG	LWK	AFR	-	0.9755	0.0000	0.0000	0.0244	0.0000	0.9755	AFR	0.9753	0.0000	0.0000	0.0247	0.0000	0.9753	AFR	1	1
NA19030	1KG	LWK	AFR	-	1.0000	0.0000	0.0000	0.0000	0.0000	1.0000	AFR	1.0000	0.0000	0.0000	0.0000	0.0000	1.0000	AFR	1	1
NA19031	1KG	LWK	AFR	-	0.9769	0.0000	0.0000	0.0230	0.0000	0.9769	AFR	0.9767	0.0000	0.0000	0.0233	0.0000	0.9767	AFR	1	1
NA19035	1KG	LWK	AFR	-	0.9856	0.0000	0.0000	0.0144	0.0000	0.9856	AFR	0.9854	0.0000	0.0000	0.0146	0.0000	0.9854	AFR	1	1
NA19036	1KG	LWK	AFR	-	0.9918	0.0000	0.0000	0.0082	0.0000	0.9918	AFR	0.9914	0.0000	0.0000	0.0086	0.0000	0.9914	AFR	1	1
NA19038	1KG	LWK	AFR	-	0.9890	0.0000	0.0000	0.0110	0.0000	0.9890	AFR	0.9888	0.0000	0.0000	0.0112	0.0000	0.9888	AFR	1	1
NA19041	1KG	LWK	AFR	-	0.9790	0.0000	0.0000	0.0210	0.0000	0.9790	AFR	0.9788	0.0000	0.0000	0.0212	0.0000	0.9788	AFR	1	1
NA19042	1KG	LWK	AFR	-	0.9660	0.0000	0.0000	0.0295	0.0045	0.9660	AFR	0.9660	0.0000	0.0000	0.0302	0.0038	0.9660	AFR	1	1
NA19043	1KG	LWK	AFR	-	0.9826	0.0000	0.0000	0.0173	0.0000	0.9826	AFR	0.9824	0.0000	0.0000	0.0176	0.0000	0.9824	AFR	1	1
NA19089	1KG	JPT	EAS	-	0.0000	0.0000	1.0000	0.0000	0.0000	1.0000	EAS	0.0000	0.0000	1.0000	0.0000	0.0000	1.0000	EAS	1	1
NA19090	1KG	JPT	EAS	-	0.0000	0.0000	1.0000	0.0000	0.0000	1.0000	EAS	0.0000	0.0000	1.0000	0.0000	0.0000	1.0000	EAS	1	1
NA19091	1KG	JPT	EAS	-	0.0000	0.0000	1.0000	0.0000	0.0000	1.0000	EAS	0.0000	0.0000	1.0000	0.0000	0.0000	1.0000	EAS	1	1
NA19308	1KG	LWK	AFR	-	0.9840	0.0000	0.0000	0.0160	0.0000	0.9840	AFR	0.9838	0.0000	0.0000	0.0162	0.0000	0.9838	AFR	1	1
NA19309	1KG	LWK	AFR	-	0.9817	0.0000	0.0000	0.0175	0.0008	0.9817	AFR	0.9817	0.0000	0.0000	0.0180	0.0003	0.9817	AFR	1	1
NA19310	1KG	LWK	AFR	-	1.0000	0.0000	0.0000	0.0000	0.0000	1.0000	AFR	1.0000	0.0000	0.0000	0.0000	0.0000	1.0000	AFR	1	1
NA19312	1KG	LWK	AFR	-	0.9838	0.0000	0.0000	0.0162	0.0000	0.9838	AFR	0.9835	0.0000	0.0000	0.0165	0.0000	0.9835	AFR	1	1
NA19314	1KG	LWK	AFR	-	0.9629	0.0000	0.0000	0.0370	0.0000	0.9629	AFR	0.9628	0.0000	0.0000	0.0372	0.0000	0.9628	AFR	1	1
NA19315	1KG	LWK	AFR	-	0.9654	0.0000	0.0000	0.0327	0.0019	0.9654	AFR	0.9655	0.0000	0.0000	0.0333	0.0011	0.9655	AFR	1	1
NA19316	1KG	LWK	AFR	-	0.9824	0.0000	0.0000	0.0175	0.0000	0.9824	AFR	0.9823	0.0000	0.0000	0.0177	0.0000	0.9823	AFR	1	1
NA19317	1KG	LWK	AFR	-	0.9867	0.0000	0.0000	0.0133	0.0000	0.9867	AFR	0.9866	0.0000	0.0000	0.0134	0.0000	0.9866	AFR	1	1
NA19318	1KG	LWK	AFR	-	0.9868	0.0000	0.0000	0.0132	0.0000	0.9868	AFR	0.9866	0.0000	0.0000	0.0134	0.0000	0.9866	AFR	1	1
NA19319	1KG	LWK	AFR	-	0.9774	0.0000	0.0000	0.0225	0.0000	0.9774	AFR	0.9773	0.0000	0.0000	0.0227	0.0000	0.9773	AFR	1	1
NA19320	1KG	LWK	AFR	-	0.9854	0.0000	0.0000	0.0145	0.0000	0.9854	AFR	0.9852	0.0000	0.0000	0.0147	0.0000	0.9852	AFR	1	1
NA19321	1KG	LWK	AFR	-	0.9875	0.0000	0.0000	0.0124	0.0000	0.9875	AFR	0.9873	0.0000	0.0000	0.0126	0.0000	0.9873	AFR	1	1
NA19323	1KG	LWK	AFR	-	0.9660	0.0000	0.0000	0.0340	0.0000	0.9660	AFR	0.9658	0.0000	0.0000	0.0342	0.0000	0.9658	AFR	1	1
NA19324	1KG	LWK	AFR	-	0.9823	0.0000	0.0000	0.0177	0.0000	0.9823	AFR	0.9821	0.0000	0.0000	0.0178	0.0000	0.9821	AFR	1	1
NA19327	1KG	LWK	AFR	-	0.9614	0.0000	0.0000	0.0386	0.0000	0.9614	AFR	0.9613	0.0000	0.0000	0.0387	0.0000	0.9613	AFR	1	1
NA19328	1KG	LWK	AFR	-	0.9831	0.0000	0.0000	0.0169	0.0000	0.9831	AFR	0.9830	0.0000	0.0000	0.0170	0.0000	0.9830	AFR	1	1
NA19331	1KG	LWK	AFR	-	0.9852	0.0000	0.0000	0.0148	0.0000	0.9852	AFR	0.9850	0.0000	0.0000	0.0150	0.0000	0.9850	AFR	1	1
NA19338	1KG	LWK	AFR	-	0.9764	0.0000	0.0000	0.0236	0.0000	0.9764	AFR	0.9763	0.0000	0.0000	0.0237	0.0000	0.9763	AFR	1	1
NA19346	1KG	LWK	AFR	-	0.9919	0.0000	0.0000	0.0081	0.0000	0.9919	AFR	0.9917	0.0000	0.0000	0.0083	0.0000	0.9917	AFR	1	1
NA19347	1KG	LWK	AFR	-	0.9833	0.0000	0.0000	0.0166	0.0000	0.9833	AFR	0.9832	0.0000	0.0000	0.0168	0.0000	0.9832	AFR	1	1
NA19350	1KG	LWK	AFR	-	0.9810	0.0000	0.0000	0.0189	0.0000	0.9810	AFR	0.9807	0.0000	0.0000	0.0192	0.0000	0.9807	AFR	1	1
NA19351	1KG	LWK	AFR	-	0.9851	0.0000	0.0000	0.0148	0.0000	0.9851	AFR	0.9850	0.0000	0.0000	0.0150	0.0000	0.9850	AFR	1	1
NA19360	1KG	LWK	AFR	-	0.9868	0.0000	0.0000	0.0132	0.0000	0.9868	AFR	0.9867	0.0000	0.0000	0.0133	0.0000	0.9867	AFR	1	1
NA19372	1KG	LWK	AFR	-	0.9874	0.0000	0.0000	0.0126	0.0000	0.9874	AFR	0.9872	0.0000	0.0000	0.0128	0.0000	0.9872	AFR	1	1
NA19374	1KG	LWK	AFR	-	0.9778	0.0000	0.0000	0.0179	0.0043	0.9778	AFR	0.9778	0.0000	0.0000	0.0185	0.0037	0.9778	AFR	1	1
NA19375	1KG	LWK	AFR	-	0.9760	0.0000	0.0000	0.0239	0.0000	0.9760	AFR	0.9757	0.0000	0.0000	0.0243	0.0000	0.9757	AFR	1	1
NA19376	1KG	LWK	AFR	-	0.9919	0.0000	0.0000	0.0081	0.0000	0.9919	AFR	0.9917	0.0000	0.0000	0.0083	0.0000	0.9917	AFR	1	1
NA19377	1KG	LWK	AFR	-	0.9837	0.0000	0.0000	0.0163	0.0000	0.9837	AFR	0.9835	0.0000	0.0000	0.0165	0.0000	0.9835	AFR	1	1
NA19378	1KG	LWK	AFR	-	0.9843	0.0000	0.0000	0.0156	0.0000	0.9843	AFR	0.9842	0.0000	0.0000	0.0157	0.0000	0.9842	AFR	1	1
NA19379	1KG	LWK	AFR	-	0.9856	0.0000	0.0000	0.0144	0.0000	0.9856	AFR	0.9854	0.0000	0.0000	0.0146	0.0000	0.9854	AFR	1	1
NA19380	1KG	LWK	AFR	-	0.9731	0.0000	0.0000	0.0268	0.0000	0.9731	AFR	0.9728	0.0000	0.0000	0.0271	0.0000	0.9728	AFR	1	1
NA19383	1KG	LWK	AFR	-	0.9759	0.0000	0.0000	0.0241	0.0000	0.9759	AFR	0.9758	0.0000	0.0000	0.0242	0.0000	0.9758	AFR	1	1
NA19385	1KG	LWK	AFR	-	0.9755	0.0000	0.0000	0.0245	0.0000	0.9755	AFR	0.9753	0.0000	0.0000	0.0247	0.0000	0.9753	AFR	1	1
NA19390	1KG	LWK	AFR	-	0.9798	0.0000	0.0000	0.0202	0.0000	0.9798	AFR	0.9796	0.0000	0.0000	0.0204	0.0000	0.9796	AFR	1	1
NA19391	1KG	LWK	AFR	-	0.9943	0.0000	0.0000	0.0056	0.0000	0.9943	AFR	0.9939	0.0000	0.0000	0.0061	0.0000	0.9939	AFR	1	1
NA19393	1KG	LWK	AFR	-	0.9846	0.0000	0.0000	0.0154	0.0000	0.9846	AFR	0.9844	0.0000	0.0000	0.0155	0.0000	0.9844	AFR	1	1
NA19394	1KG	LWK	AFR	-	0.9812	0.0000	0.0000	0.0187	0.0000	0.9812	AFR	0.9810	0.0000	0.0000	0.0189	0.0000	0.9810	AFR	1	1
NA19397	1KG	LWK	AFR	-	0.9991	0.0000	0.0000	0.0009	0.0000	0.9991	AFR	0.9988	0.0000	0.0000	0.0012	0.0000	0.9988	AFR	1	1
NA19399	1KG	LWK	AFR	-	1.0000	0.0000	0.0000	0.0000	0.0000	1.0000	AFR	1.0000	0.0000	0.0000	0.0000	0.0000	1.0000	AFR	1	1
NA19401	1KG	LWK	AFR	-	0.9737	0.0000	0.0000	0.0263	0.0000	0.9737	AFR	0.9735	0.0000	0.0000	0.0265	0.0000	0.9735	AFR	1	1
NA19403	1KG	LWK	AFR	-	0.9667	0.0000	0.0000	0.0333	0.0000	0.9667	AFR	0.9665	0.0000	0.0000	0.0334	0.0000	0.9665	AFR	1	1
NA19404	1KG	LWK	AFR	-	0.9885	0.0000	0.0000	0.0115	0.0000	0.9885	AFR	0.9883	0.0000	0.0000	0.0116	0.0000	0.9883	AFR	1	1
NA19428	1KG	LWK	AFR	-	0.9796	0.0000	0.0000	0.0203	0.0000	0.9796	AFR	0.9795	0.0000	0.0000	0.0205	0.0000	0.9795	AFR	1	1
NA19429	1KG	LWK	AFR	-	0.9949	0.0000	0.0000	0.0051	0.0000	0.9949	AFR	0.9945	0.0000	0.0000	0.0054	0.0000	0.9945	AFR	1	1
NA19430	1KG	LWK	AFR	-	0.9839	0.0000	0.0000	0.0161	0.0000	0.9839	AFR	0.9836	0.0000	0.0000	0.0164	0.0000	0.9836	AFR	1	1
NA19431	1KG	LWK	AFR	-	0.9884	0.0000	0.0000	0.0115	0.0000	0.9884	AFR	0.9881	0.0000	0.0000	0.0118	0.0000	0.9881	AFR	1	1
NA19434	1KG	LWK	AFR	-	0.9792	0.0000	0.0000	0.0208	0.0000	0.9792	AFR	0.9790	0.0000	0.0000	0.0210	0.0000	0.9790	AFR	1	1
NA19435	1KG	LWK	AFR	-	0.9742	0.0000	0.0000	0.0236	0.0022	0.9742	AFR	0.9742	0.0000	0.0000	0.0244	0.0014	0.9742	AFR	1	1
NA19436	1KG	LWK	AFR	-	0.9832	0.0000	0.0000	0.0167	0.0000	0.9832	AFR	0.9830	0.0000	0.0000	0.0170	0.0000	0.9830	AFR	1	1
NA19437	1KG	LWK	AFR	-	0.9636	0.0000	0.0000	0.0364	0.0000	0.9636	AFR	0.9634	0.0000	0.0000	0.0366	0.0000	0.9634	AFR	1	1
NA19438	1KG	LWK	AFR	-	0.9865	0.0000	0.0000	0.0135	0.0000	0.9865	AFR	0.9862	0.0000	0.0000	0.0137	0.0000	0.9862	AFR	1	1
NA19439	1KG	LWK	AFR	-	0.9818	0.0000	0.0000	0.0182	0.0000	0.9818	AFR	0.9816	0.0000	0.0000	0.0184	0.0000	0.9816	AFR	1	1
NA19440	1KG	LWK	AFR	-	0.9753	0.0000	0.0000	0.0238	0.0009	0.9753	AFR	0.9753	0.0000	0.0000	0.0243	0.0004	0.9753	AFR	1	1
NA19443	1KG	LWK	AFR	-	0.9809	0.0000	0.0000	0.0191	0.0000	0.9809	AFR	0.9808	0.0000	0.0000	0.0192	0.0000	0.9808	AFR	1	1
NA19445	1KG	LWK	AFR	-	0.9831	0.0000	0.0000	0.0169	0.0000	0.9831	AFR	0.9828	0.0000	0.0000	0.0172	0.0000	0.9828	AFR	1	1
NA19446	1KG	LWK	AFR	-	0.9818	0.0000	0.0000	0.0181	0.0000	0.9818	AFR	0.9816	0.0000	0.0000	0.0184	0.0000	0.9816	AFR	1	1
NA19448	1KG	LWK	AFR	-	0.9797	0.0000	0.0000	0.0203	0.0000	0.9797	AFR	0.9793	0.0000	0.0000	0.0207	0.0000	0.9793	AFR	1	1
NA19449	1KG	LWK	AFR	-	0.9866	0.0000	0.0000	0.0086	0.0048	0.9866	AFR	0.9865	0.0000	0.0000	0.0095	0.0040	0.9865	AFR	1	1
NA19452	1KG	LWK	AFR	-	0.9746	0.0000	0.0000	0.0254	0.0000	0.9746	AFR	0.9744	0.0000	0.0000	0.0255	0.0000	0.9744	AFR	1	1
NA19454	1KG	LWK	AFR	-	0.9830	0.0000	0.0000	0.0170	0.0000	0.9830	AFR	0.9828	0.0000	0.0000	0.0172	0.0000	0.9828	AFR	1	1
NA19455	1KG	LWK	AFR	-	0.9817	0.0000	0.0000	0.0183	0.0000	0.9817	AFR	0.9816	0.0000	0.0000	0.0184	0.0000	0.9816	AFR	1	1
NA19456	1KG	LWK	AFR	-	0.9850	0.0000	0.0000	0.0149	0.0000	0.9850	AFR	0.9848	0.0000	0.0000	0.0151	0.0000	0.9848	AFR	1	1
NA19457	1KG	LWK	AFR	-	0.9839	0.0000	0.0000	0.0161	0.0000	0.9839	AFR	0.9837	0.0000	0.0000	0.0163	0.0000	0.9837	AFR	1	1
NA19461	1KG	LWK	AFR	-	0.9780	0.0000	0.0000	0.0220	0.0000	0.9780	AFR	0.9778	0.0000	0.0000	0.0221	0.0000	0.9778	AFR	1	1
NA19462	1KG	LWK	AFR	-	0.9958	0.0000	0.0000	0.0021	0.0020	0.9958	AFR	0.9955	0.0000	0.0000	0.0030	0.0015	0.9955	AFR	1	1
NA19463	1KG	LWK	AFR	-	0.9760	0.0000	0.0000	0.0240	0.0000	0.9760	AFR	0.9758	0.0000	0.0000	0.0242	0.0000	0.9758	AFR	1	1
NA19466	1KG	LWK	AFR	-	0.9745	0.0000	0.0000	0.0254	0.0000	0.9745	AFR	0.9744	0.0000	0.0000	0.0256	0.0000	0.9744	AFR	1	1
NA19467	1KG	LWK	AFR	-	0.9756	0.0000	0.0000	0.0244	0.0000	0.9756	AFR	0.9752	0.0000	0.0000	0.0247	0.0000	0.9752	AFR	1	1
NA19468	1KG	LWK	AFR	-	0.9805	0.0000	0.0000	0.0195	0.0000	0.9805	AFR	0.9803	0.0000	0.0000	0.0197	0.0000	0.9803	AFR	1	1
NA19471	1KG	LWK	AFR	-	0.9768	0.0000	0.0000	0.0231	0.0000	0.9768	AFR	0.9766	0.0000	0.0000	0.0233	0.0000	0.9766	AFR	1	1
NA19472	1KG	LWK	AFR	-	0.9692	0.0000	0.0000	0.0308	0.0000	0.9692	AFR	0.9690	0.0000	0.0000	0.0309	0.0000	0.9690	AFR	1	1
NA19473	1KG	LWK	AFR	-	0.9731	0.0000	0.0000	0.0200	0.0068	0.9731	AFR	0.9731	0.0000	0.0000	0.0206	0.0063	0.9731	AFR	1	1
NA19474	1KG	LWK	AFR	-	0.9721	0.0000	0.0000	0.0278	0.0000	0.9721	AFR	0.9719	0.0000	0.0000	0.0280	0.0000	0.9719	AFR	1	1
NA19475	1KG	LWK	AFR	-	0.9733	0.0000	0.0000	0.0267	0.0000	0.9733	AFR	0.9731	0.0000	0.0000	0.0269	0.0000	0.9731	AFR	1	1
NA20502	1KG	TSI	EUR	-	0.0000	0.0000	0.0000	0.9956	0.0043	0.9956	EUR	0.0000	0.0000	0.0000	0.9958	0.0042	0.9958	EUR	1	1
NA20503	1KG	TSI	EUR	-	0.0000	0.0000	0.0000	1.0000	0.0000	1.0000	EUR	0.0000	0.0000	0.0000	1.0000	0.0000	1.0000	EUR	1	1
NA20504	1KG	TSI	EUR	-	0.0000	0.0000	0.0000	0.9901	0.0099	0.9901	EUR	0.0000	0.0000	0.0000	0.9904	0.0095	0.9904	EUR	1	1
NA20505	1KG	TSI	EUR	-	0.0000	0.0000	0.0000	1.0000	0.0000	1.0000	EUR	0.0000	0.0000	0.0000	0.9999	0.0000	0.9999	EUR	1	1
NA20507	1KG	TSI	EUR	-	0.0000	0.0000	0.0000	1.0000	0.0000	1.0000	EUR	0.0000	0.0000	0.0000	1.0000	0.0000	1.0000	EUR	1	1
NA20508	1KG	TSI	EUR	-	0.0000	0.0000	0.0000	0.9945	0.0054	0.9945	EUR	0.0000	0.0000	0.0000	0.9956	0.0044	0.9956	EUR	1	1
NA20509	1KG	TSI	EUR	-	0.0000	0.0000	0.0000	0.9993	0.0006	0.9993	EUR	0.0000	0.0000	0.0000	0.9999	0.0000	0.9999	EUR	1	1
NA20510	1KG	TSI	EUR	-	0.0000	0.0000	0.0000	0.9886	0.0114	0.9886	EUR	0.0000	0.0000	0.0000	0.9896	0.0104	0.9896	EUR	1	1
NA20511	1KG	TSI	EUR	-	0.0000	0.0000	0.0000	0.9897	0.0102	0.9897	EUR	0.0000	0.0000	0.0000	0.9914	0.0085	0.9914	EUR	1	1
NA20512	1KG	TSI	EUR	-	0.0000	0.0000	0.0000	1.0000	0.0000	1.0000	EUR	0.0000	0.0000	0.0000	1.0000	0.0000	1.0000	EUR	1	1
NA20513	1KG	TSI	EUR	-	0.0000	0.0000	0.0000	0.9850	0.0150	0.9850	EUR	0.0000	0.0000	0.0000	0.9865	0.0135	0.9865	EUR	1	1
NA20514	1KG	TSI	EUR	-	0.0000	0.0000	0.0000	0.9997	0.0003	0.9997	EUR	0.0000	0.0000	0.0000	1.0000	0.0000	1.0000	EUR	1	1
NA20515	1KG	TSI	EUR	-	0.0000	0.0000	0.0000	0.9930	0.0070	0.9930	EUR	0.0000	0.0000	0.0000	0.9938	0.0062	0.9938	EUR	1	1
NA20516	1KG	TSI	EUR	-	0.0000	0.0000	0.0000	1.0000	0.0000	1.0000	EUR	0.0000	0.0000	0.0000	1.0000	0.0000	1.0000	EUR	1	1
NA20517	1KG	TSI	EUR	-	0.0000	0.0000	0.0000	1.0000	0.0000	1.0000	EUR	0.0000	0.0000	0.0000	1.0000	0.0000	1.0000	EUR	1	1
NA20518	1KG	TSI	EUR	-	0.0000	0.0000	0.0000	1.0000	0.0000	1.0000	EUR	0.0000	0.0000	0.0000	0.9996	0.0004	0.9996	EUR	1	1
NA20519	1KG	TSI	EUR	-	0.0000	0.0000	0.0000	0.9913	0.0087	0.9913	EUR	0.0000	0.0000	0.0000	0.9918	0.0082	0.9918	EUR	1	1
NA20520	1KG	TSI	EUR	-	0.0000	0.0000	0.0000	0.9954	0.0046	0.9954	EUR	0.0000	0.0000	0.0000	0.9962	0.0038	0.9962	EUR	1	1
NA20521	1KG	TSI	EUR	-	0.0000	0.0000	0.0000	0.9948	0.0052	0.9948	EUR	0.0000	0.0000	0.0000	0.9956	0.0044	0.9956	EUR	1	1
NA20522	1KG	TSI	EUR	-	0.0000	0.0000	0.0000	0.9841	0.0158	0.9841	EUR	0.0000	0.0000	0.0000	0.9857	0.0142	0.9857	EUR	1	1
NA20524	1KG	TSI	EUR	-	0.0000	0.0000	0.0000	1.0000	0.0000	1.0000	EUR	0.0000	0.0000	0.0000	1.0000	0.0000	1.0000	EUR	1	1
NA20525	1KG	TSI	EUR	-	0.0000	0.0000	0.0000	0.9910	0.0090	0.9910	EUR	0.0000	0.0000	0.0000	0.9915	0.0085	0.9915	EUR	1	1
NA20527	1KG	TSI	EUR	-	0.0000	0.0000	0.0000	1.0000	0.0000	1.0000	EUR	0.0000	0.0000	0.0000	1.0000	0.0000	1.0000	EUR	1	1
NA20528	1KG	TSI	EUR	-	0.0003	0.0000	0.0000	0.9931	0.0066	0.9931	EUR	0.0014	0.0000	0.0000	0.9941	0.0045	0.9941	EUR	1	1
NA20529	1KG	TSI	EUR	-	0.0000	0.0000	0.0000	0.9940	0.0060	0.9940	EUR	0.0000	0.0000	0.0000	0.9947	0.0053	0.9947	EUR	1	1
NA20531	1KG	TSI	EUR	-	0.0000	0.0000	0.0000	0.9896	0.0103	0.9896	EUR	0.0000	0.0000	0.0000	0.9906	0.0094	0.9906	EUR	1	1
NA20532	1KG	TSI	EUR	-	0.0000	0.0000	0.0000	1.0000	0.0000	1.0000	EUR	0.0000	0.0000	0.0000	1.0000	0.0000	1.0000	EUR	1	1
NA20534	1KG	TSI	EUR	-	0.0015	0.0000	0.0000	0.9925	0.0060	0.9925	EUR	0.0026	0.0000	0.0000	0.9931	0.0042	0.9931	EUR	1	1
NA20535	1KG	TSI	EUR	-	0.0000	0.0000	0.0000	0.9991	0.0008	0.9991	EUR	0.0000	0.0000	0.0000	0.9996	0.0004	0.9996	EUR	1	1
NA20536	1KG	TSI	EUR	-	0.0000	0.0000	0.0000	0.9992	0.0008	0.9992	EUR	0.0000	0.0000	0.0000	0.9988	0.0012	0.9988	EUR	1	1
NA20538	1KG	TSI	EUR	-	0.0000	0.0000	0.0000	1.0000	0.0000	1.0000	EUR	0.0000	0.0000	0.0000	1.0000	0.0000	1.0000	EUR	1	1
NA20539	1KG	TSI	EUR	-	0.0000	0.0000	0.0000	0.9821	0.0178	0.9821	EUR	0.0000	0.0000	0.0000	0.9836	0.0163	0.9836	EUR	1	1
NA20540	1KG	TSI	EUR	-	0.0000	0.0000	0.0000	0.9976	0.0024	0.9976	EUR	0.0000	0.0000	0.0000	0.9967	0.0032	0.9967	EUR	1	1
NA20541	1KG	TSI	EUR	-	0.0000	0.0000	0.0000	1.0000	0.0000	1.0000	EUR	0.0000	0.0000	0.0000	1.0000	0.0000	1.0000	EUR	1	1
NA20542	1KG	TSI	EUR	-	0.0000	0.0000	0.0000	1.0000	0.0000	1.0000	EUR	0.0000	0.0000	0.0000	1.0000	0.0000	1.0000	EUR	1	1
NA20543	1KG	TSI	EUR	-	0.0000	0.0000	0.0000	0.9929	0.0071	0.9929	EUR	0.0000	0.0000	0.0000	0.9939	0.0061	0.9939	EUR	1	1
NA20544	1KG	TSI	EUR	-	0.0000	0.0000	0.0000	1.0000	0.0000	1.0000	EUR	0.0000	0.0000	0.0000	1.0000	0.0000	1.0000	EUR	1	1
NA20581	1KG	TSI	EUR	-	0.0000	0.0000	0.0000	0.9953	0.0046	0.9953	EUR	0.0000	0.0000	0.0000	0.9959	0.0041	0.9959	EUR	1	1
NA20582	1KG	TSI	EUR	-	0.0000	0.0000	0.0000	0.9942	0.0057	0.9942	EUR	0.0000	0.0000	0.0000	0.9947	0.0053	0.9947	EUR	1	1
NA20585	1KG	TSI	EUR	-	0.0000	0.0000	0.0000	1.0000	0.0000	1.0000	EUR	0.0000	0.0000	0.0000	1.0000	0.0000	1.0000	EUR	1	1
NA20586	1KG	TSI	EUR	-	0.0000	0.0000	0.0000	1.0000	0.0000	1.0000	EUR	0.0000	0.0000	0.0000	1.0000	0.0000	1.0000	EUR	1	1
NA20587	1KG	TSI	EUR	-	0.0000	0.0000	0.0000	0.9980	0.0020	0.9980	EUR	0.0000	0.0000	0.0000	0.9985	0.0014	0.9985	EUR	1	1
NA20588	1KG	TSI	EUR	-	0.0000	0.0000	0.0000	0.9956	0.0043	0.9956	EUR	0.0000	0.0000	0.0000	0.9970	0.0029	0.9970	EUR	1	1
NA20589	1KG	TSI	EUR	-	0.0000	0.0000	0.0000	0.9906	0.0094	0.9906	EUR	0.0000	0.0000	0.0000	0.9915	0.0085	0.9915	EUR	1	1
NA20752	1KG	TSI	EUR	-	0.0000	0.0000	0.0000	1.0000	0.0000	1.0000	EUR	0.0000	0.0000	0.0000	1.0000	0.0000	1.0000	EUR	1	1
NA20753	1KG	TSI	EUR	-	0.0000	0.0000	0.0000	1.0000	0.0000	1.0000	EUR	0.0000	0.0000	0.0000	1.0000	0.0000	1.0000	EUR	1	1
NA20754	1KG	TSI	EUR	-	0.0000	0.0000	0.0000	0.9918	0.0081	0.9918	EUR	0.0000	0.0000	0.0000	0.9931	0.0068	0.9931	EUR	1	1
NA20755	1KG	TSI	EUR	-	0.0000	0.0000	0.0000	1.0000	0.0000	1.0000	EUR	0.0000	0.0000	0.0000	1.0000	0.0000	1.0000	EUR	1	1
NA20756	1KG	TSI	EUR	-	0.0000	0.0000	0.0000	0.9913	0.0087	0.9913	EUR	0.0000	0.0000	0.0000	0.9923	0.0077	0.9923	EUR	1	1
NA20757	1KG	TSI	EUR	-	0.0000	0.0000	0.0000	0.9826	0.0173	0.9826	EUR	0.0000	0.0000	0.0000	0.9844	0.0155	0.9844	EUR	1	1
NA20758	1KG	TSI	EUR	-	0.0000	0.0000	0.0000	0.9899	0.0101	0.9899	EUR	0.0000	0.0000	0.0000	0.9910	0.0090	0.9910	EUR	1	1
NA20759	1KG	TSI	EUR	-	0.0000	0.0000	0.0000	0.9892	0.0108	0.9892	EUR	0.0000	0.0000	0.0000	0.9903	0.0097	0.9903	EUR	1	1
NA20760	1KG	TSI	EUR	-	0.0000	0.0000	0.0000	0.9989	0.0010	0.9989	EUR	0.0000	0.0000	0.0000	0.9994	0.0006	0.9994	EUR	1	1
NA20761	1KG	TSI	EUR	-	0.0000	0.0000	0.0000	0.9887	0.0113	0.9887	EUR	0.0000	0.0000	0.0000	0.9896	0.0103	0.9896	EUR	1	1
NA20762	1KG	TSI	EUR	-	0.0000	0.0000	0.0000	1.0000	0.0000	1.0000	EUR	0.0000	0.0000	0.0000	1.0000	0.0000	1.0000	EUR	1	1
NA20763	1KG	TSI	EUR	-	0.0000	0.0000	0.0000	1.0000	0.0000	1.0000	EUR	0.0000	0.0000	0.0000	1.0000	0.0000	1.0000	EUR	1	1
NA20764	1KG	TSI	EUR	-	0.0000	0.0000	0.0000	1.0000	0.0000	1.0000	EUR	0.0000	0.0000	0.0000	1.0000	0.0000	1.0000	EUR	1	1
NA20765	1KG	TSI	EUR	-	0.0000	0.0000	0.0000	1.0000	0.0000	1.0000	EUR	0.0001	0.0000	0.0000	0.9999	0.0000	0.9999	EUR	1	1
NA20766	1KG	TSI	EUR	-	0.0000	0.0000	0.0000	0.9849	0.0150	0.9849	EUR	0.0000	0.0000	0.0000	0.9860	0.0140	0.9860	EUR	1	1
NA20767	1KG	TSI	EUR	-	0.0000	0.0000	0.0000	1.0000	0.0000	1.0000	EUR	0.0000	0.0000	0.0000	1.0000	0.0000	1.0000	EUR	1	1
NA20768	1KG	TSI	EUR	-	0.0000	0.0000	0.0000	0.9897	0.0103	0.9897	EUR	0.0000	0.0000	0.0000	0.9905	0.0095	0.9905	EUR	1	1
NA20769	1KG	TSI	EUR	-	0.0000	0.0000	0.0000	1.0000	0.0000	1.0000	EUR	0.0000	0.0000	0.0000	1.0000	0.0000	1.0000	EUR	1	1
NA20770	1KG	TSI	EUR	-	0.0000	0.0000	0.0000	0.9904	0.0096	0.9904	EUR	0.0000	0.0000	0.0000	0.9917	0.0082	0.9917	EUR	1	1
NA20771	1KG	TSI	EUR	-	0.0000	0.0000	0.0000	1.0000	0.0000	1.0000	EUR	0.0000	0.0000	0.0000	1.0000	0.0000	1.0000	EUR	1	1
NA20772	1KG	TSI	EUR	-	0.0000	0.0000	0.0000	0.9948	0.0052	0.9948	EUR	0.0000	0.0000	0.0000	0.9957	0.0043	0.9957	EUR	1	1
NA20773	1KG	TSI	EUR	-	0.0000	0.0000	0.0000	0.9895	0.0105	0.9895	EUR	0.0000	0.0000	0.0000	0.9907	0.0093	0.9907	EUR	1	1
NA20774	1KG	TSI	EUR	-	0.0000	0.0000	0.0000	0.9927	0.0073	0.9927	EUR	0.0000	0.0000	0.0000	0.9923	0.0077	0.9923	EUR	1	1
NA20775	1KG	TSI	EUR	-	0.0000	0.0000	0.0000	0.9862	0.0137	0.9862	EUR	0.0000	0.0000	0.0000	0.9869	0.0130	0.9869	EUR	1	1
NA20778	1KG	TSI	EUR	-	0.0000	0.0000	0.0000	0.9954	0.0046	0.9954	EUR	0.0000	0.0000	0.0000	0.9958	0.0042	0.9958	EUR	1	1
NA20783	1KG	TSI	EUR	-	0.0000	0.0000	0.0000	0.9952	0.0048	0.9952	EUR	0.0000	0.0000	0.0000	0.9951	0.0048	0.9951	EUR	1	1
NA20785	1KG	TSI	EUR	-	0.0000	0.0000	0.0000	0.9948	0.0052	0.9948	EUR	0.0000	0.0000	0.0000	0.9956	0.0043	0.9956	EUR	1	1
NA20786	1KG	TSI	EUR	-	0.0000	0.0000	0.0000	1.0000	0.0000	1.0000	EUR	0.0000	0.0000	0.0000	1.0000	0.0000	1.0000	EUR	1	1
NA20787	1KG	TSI	EUR	-	0.0000	0.0000	0.0000	1.0000	0.0000	1.0000	EUR	0.0000	0.0000	0.0000	1.0000	0.0000	1.0000	EUR	1	1
NA20790	1KG	TSI	EUR	-	0.0000	0.0000	0.0000	0.9939	0.0061	0.9939	EUR	0.0012	0.0000	0.0000	0.9942	0.0046	0.9942	EUR	1	1
NA20792	1KG	TSI	EUR	-	0.0000	0.0000	0.0000	1.0000	0.0000	1.0000	EUR	0.0000	0.0000	0.0000	1.0000	0.0000	1.0000	EUR	1	1
NA20795	1KG	TSI	EUR	-	0.0015	0.0000	0.0000	0.9985	0.0000	0.9985	EUR	0.0027	0.0000	0.0000	0.9973	0.0000	0.9973	EUR	1	1
NA20796	1KG	TSI	EUR	-	0.0000	0.0000	0.0000	1.0000	0.0000	1.0000	EUR	0.0000	0.0000	0.0000	1.0000	0.0000	1.0000	EUR	1	1
NA20797	1KG	TSI	EUR	-	0.0000	0.0000	0.0000	0.9957	0.0043	0.9957	EUR	0.0000	0.0000	0.0000	0.9971	0.0029	0.9971	EUR	1	1
NA20798	1KG	TSI	EUR	-	0.0000	0.0000	0.0000	1.0000	0.0000	1.0000	EUR	0.0000	0.0000	0.0000	1.0000	0.0000	1.0000	EUR	1	1
NA20799	1KG	TSI	EUR	-	0.0000	0.0000	0.0000	1.0000	0.0000	1.0000	EUR	0.0000	0.0000	0.0000	1.0000	0.0000	1.0000	EUR	1	1
NA20800	1KG	TSI	EUR	-	0.0000	0.0000	0.0000	0.9942	0.0058	0.9942	EUR	0.0000	0.0000	0.0000	0.9953	0.0047	0.9953	EUR	1	1
NA20801	1KG	TSI	EUR	-	0.0000	0.0000	0.0000	0.9998	0.0002	0.9998	EUR	0.0000	0.0000	0.0000	1.0000	0.0000	1.0000	EUR	1	1
NA20802	1KG	TSI	EUR	-	0.0000	0.0000	0.0000	1.0000	0.0000	1.0000	EUR	0.0000	0.0000	0.0000	1.0000	0.0000	1.0000	EUR	1	1
NA20803	1KG	TSI	EUR	-	0.0000	0.0000	0.0000	0.9966	0.0034	0.9966	EUR	0.0000	0.0000	0.0000	0.9973	0.0027	0.9973	EUR	1	1
NA20804	1KG	TSI	EUR	-	0.0023	0.0000	0.0000	0.9870	0.0107	0.9870	EUR	0.0028	0.0000	0.0000	0.9876	0.0096	0.9876	EUR	1	1
NA20805	1KG	TSI	EUR	-	0.0000	0.0000	0.0000	1.0000	0.0000	1.0000	EUR	0.0000	0.0000	0.0000	1.0000	0.0000	1.0000	EUR	1	1
NA20806	1KG	TSI	EUR	-	0.0000	0.0000	0.0000	1.0000	0.0000	1.0000	EUR	0.0000	0.0000	0.0000	1.0000	0.0000	1.0000	EUR	1	1
NA20807	1KG	TSI	EUR	-	0.0000	0.0000	0.0000	0.9986	0.0014	0.9986	EUR	0.0000	0.0000	0.0000	1.0000	0.0000	1.0000	EUR	1	1
NA20808	1KG	TSI	EUR	-	0.0000	0.0000	0.0000	0.9882	0.0118	0.9882	EUR	0.0000	0.0000	0.0000	0.9892	0.0108	0.9892	EUR	1	1
NA20809	1KG	TSI	EUR	-	0.0000	0.0000	0.0000	1.0000	0.0000	1.0000	EUR	0.0000	0.0000	0.0000	1.0000	0.0000	1.0000	EUR	1	1
NA20810	1KG	TSI	EUR	-	0.0000	0.0000	0.0000	1.0000	0.0000	1.0000	EUR	0.0000	0.0000	0.0000	1.0000	0.0000	1.0000	EUR	1	1
NA20811	1KG	TSI	EUR	-	0.0000	0.0000	0.0000	0.9931	0.0069	0.9931	EUR	0.0000	0.0000	0.0000	0.9937	0.0063	0.9937	EUR	1	1
NA20812	1KG	TSI	EUR	-	0.0000	0.0000	0.0000	1.0000	0.0000	1.0000	EUR	0.0000	0.0000	0.0000	1.0000	0.0000	1.0000	EUR	1	1
NA20813	1KG	TSI	EUR	-	0.0040	0.0000	0.0000	0.9960	0.0000	0.9960	EUR	0.0043	0.0000	0.0000	0.9957	0.0000	0.9957	EUR	1	1
NA20814	1KG	TSI	EUR	-	0.0000	0.0000	0.0000	0.9851	0.0149	0.9851	EUR	0.0003	0.0000	0.0000	0.9863	0.0134	0.9863	EUR	1	1
NA20815	1KG	TSI	EUR	-	0.0000	0.0000	0.0000	1.0000	0.0000	1.0000	EUR	0.0000	0.0000	0.0000	1.0000	0.0000	1.0000	EUR	1	1
NA20818	1KG	TSI	EUR	-	0.0000	0.0000	0.0000	0.9963	0.0036	0.9963	EUR	0.0000	0.0000	0.0000	0.9969	0.0031	0.9969	EUR	1	1
NA20819	1KG	TSI	EUR	-	0.0000	0.0000	0.0000	0.9862	0.0138	0.9862	EUR	0.0000	0.0000	0.0000	0.9878	0.0122	0.9878	EUR	1	1
NA20821	1KG	TSI	EUR	-	0.0000	0.0000	0.0000	0.9987	0.0013	0.9987	EUR	0.0000	0.0000	0.0000	0.9998	0.0002	0.9998	EUR	1	1
NA20822	1KG	TSI	EUR	-	0.0006	0.0000	0.0000	0.9994	0.0000	0.9994	EUR	0.0017	0.0000	0.0000	0.9983	0.0000	0.9983	EUR	1	1
NA20826	1KG	TSI	EUR	-	0.0000	0.0000	0.0000	1.0000	0.0000	1.0000	EUR	0.0000	0.0000	0.0000	1.0000	0.0000	1.0000	EUR	1	1
NA20827	1KG	TSI	EUR	-	0.0000	0.0000	0.0000	0.9845	0.0155	0.9845	EUR	0.0000	0.0000	0.0000	0.9856	0.0144	0.9856	EUR	1	1
NA20828	1KG	TSI	EUR	-	0.0000	0.0000	0.0000	1.0000	0.0000	1.0000	EUR	0.0000	0.0000	0.0000	1.0000	0.0000	1.0000	EUR	1	1
NA19222	1KG	YRI	AFR	-	1.0000	0.0000	0.0000	0.0000	0.0000	1.0000	AFR	1.0000	0.0000	0.0000	0.0000	0.0000	1.0000	AFR	1	1
NA19625	1KG	ASW	AFR	-	0.6675	0.1594	0.0241	0.1262	0.0227	0.6675	AFR	0.6675	0.1596	0.0240	0.1278	0.0210	0.6675	AFR	1	0
NA19648	1KG	MXL	AMR	-	0.0163	0.0452	0.0000	0.9385	0.0000	0.9385	EUR	0.0166	0.0456	0.0000	0.9378	0.0000	0.9378	EUR	1	0
NA19649	1KG	MXL	AMR	-	0.0351	0.1788	0.0000	0.7833	0.0028	0.7833	EUR	0.0353	0.1794	0.0000	0.7824	0.0028	0.7824	EUR	1	0
NA19651	1KG	MXL	AMR	-	0.0608	0.2141	0.0000	0.7151	0.0100	0.7151	EUR	0.0610	0.2147	0.0000	0.7154	0.0089	0.7154	EUR	1	0
NA19652	1KG	MXL	AMR	-	0.0442	0.2195	0.0000	0.7336	0.0027	0.7336	EUR	0.0444	0.2202	0.0000	0.7331	0.0023	0.7331	EUR	1	0
NA19654	1KG	MXL	AMR	-	0.0590	0.4765	0.0000	0.4645	0.0000	0.4765	AMR	0.0591	0.4772	0.0000	0.4637	0.0000	0.4772	AMR	1	0
NA19655	1KG	MXL	AMR	-	0.0512	0.2568	0.0000	0.6883	0.0037	0.6883	EUR	0.0513	0.2575	0.0000	0.6880	0.0031	0.6880	EUR	1	0
NA19658	1KG	MXL	AMR	-	0.0290	0.2689	0.0092	0.6881	0.0048	0.6881	EUR	0.0292	0.2695	0.0094	0.6879	0.0040	0.6879	EUR	1	0
NA19663	1KG	MXL	AMR	-	0.0715	0.5225	0.0000	0.4022	0.0038	0.5225	AMR	0.0717	0.5232	0.0000	0.4021	0.0031	0.5232	AMR	1	0
NA19664	1KG	MXL	AMR	-	0.0633	0.4388	0.0009	0.4863	0.0107	0.4863	EUR	0.0635	0.4394	0.0011	0.4867	0.0093	0.4867	EUR	1	0
NA19669	1KG	MXL	AMR	-	0.0224	0.2622	0.0212	0.6942	0.0000	0.6942	EUR	0.0226	0.2627	0.0215	0.6932	0.0000	0.6932	EUR	1	0
NA19670	1KG	MXL	AMR	-	0.0594	0.3980	0.0000	0.5417	0.0009	0.5417	EUR	0.0595	0.3987	0.0000	0.5413	0.0005	0.5413	EUR	1	0
NA19676	1KG	MXL	AMR	-	0.0378	0.2464	0.0000	0.7075	0.0083	0.7075	EUR	0.0379	0.2471	0.0000	0.7074	0.0075	0.7074	EUR	1	0
NA19678	1KG	MXL	AMR	-	0.0738	0.1658	0.0000	0.7604	0.0000	0.7604	EUR	0.0740	0.1664	0.0000	0.7595	0.0000	0.7595	EUR	1	0
NA19679	1KG	MXL	AMR	-	0.0302	0.0260	0.0000	0.9437	0.0000	0.9437	EUR	0.0305	0.0264	0.0000	0.9431	0.0000	0.9431	EUR	1	0
NA19681	1KG	MXL	AMR	-	0.0538	0.5150	0.0000	0.4307	0.0005	0.5150	AMR	0.0539	0.5156	0.0000	0.4300	0.0004	0.5156	AMR	1	0
NA19682	1KG	MXL	AMR	-	0.0232	0.4236	0.0000	0.5433	0.0099	0.5433	EUR	0.0234	0.4244	0.0000	0.5437	0.0086	0.5437	EUR	1	0
NA19684	1KG	MXL	AMR	-	0.0121	0.2415	0.0000	0.7402	0.0063	0.7402	EUR	0.0122	0.2422	0.0000	0.7397	0.0059	0.7397	EUR	1	0
NA19700	1KG	ASW	AFR	-	0.8228	0.0000	0.0000	0.1772	0.0000	0.8228	AFR	0.8228	0.0000	0.0000	0.1772	0.0000	0.8228	AFR	1	0
NA19701	1KG	ASW	AFR	-	0.8393	0.0215	0.0012	0.1380	0.0000	0.8393	AFR	0.8392	0.0215	0.0014	0.1379	0.0000	0.8392	AFR	1	0
NA19703	1KG	ASW	AFR	-	0.8498	0.0000	0.0000	0.1501	0.0000	0.8498	AFR	0.8498	0.0000	0.0000	0.1501	0.0000	0.8498	AFR	1	0
NA19704	1KG	ASW	AFR	-	0.8381	0.0004	0.0017	0.1597	0.0000	0.8381	AFR	0.8381	0.0004	0.0019	0.1596	0.0000	0.8381	AFR	1	0
NA19707	1KG	ASW	AFR	-	0.7193	0.0054	0.0106	0.2610	0.0037	0.7193	AFR	0.7194	0.0055	0.0106	0.2613	0.0032	0.7194	AFR	1	0
NA19711	1KG	ASW	AFR	-	0.8859	0.0000	0.0079	0.1062	0.0000	0.8859	AFR	0.8859	0.0000	0.0079	0.1061	0.0000	0.8859	AFR	1	0
NA19712	1KG	ASW	AFR	-	0.8860	0.0038	0.0058	0.1044	0.0000	0.8860	AFR	0.8859	0.0038	0.0059	0.1044	0.0000	0.8859	AFR	1	0
NA19713	1KG	ASW	AFR	-	0.7364	0.0000	0.0000	0.2636	0.0000	0.7364	AFR	0.7365	0.0000	0.0000	0.2634	0.0000	0.7365	AFR	1	0
NA19716	1KG	MXL	AMR	-	0.0590	0.4641	0.0181	0.4588	0.0000	0.4641	AMR	0.0591	0.4647	0.0182	0.4580	0.0000	0.4647	AMR	1	0
NA19717	1KG	MXL	AMR	-	0.0475	0.5154	0.0000	0.4117	0.0254	0.5154	AMR	0.0476	0.5160	0.0000	0.4129	0.0235	0.5160	AMR	1	0
NA19719	1KG	MXL	AMR	-	0.0609	0.3480	0.0096	0.5815	0.0000	0.5815	EUR	0.0609	0.3486	0.0099	0.5806	0.0000	0.5806	EUR	1	0
NA19720	1KG	MXL	AMR	-	0.0563	0.5741	0.0006	0.3624	0.0066	0.5741	AMR	0.0564	0.5747	0.0005	0.3623	0.0060	0.5747	AMR	1	0
NA19722	1KG	MXL	AMR	-	0.0537	0.4037	0.0034	0.5294	0.0098	0.5294	EUR	0.0539	0.4042	0.0038	0.5292	0.0089	0.5292	EUR	1	0
NA19723	1KG	MXL	AMR	-	0.0894	0.4170	0.0073	0.4863	0.0000	0.4863	EUR	0.0894	0.4174	0.0077	0.4855	0.0000	0.4855	EUR	1	0
NA19725	1KG	MXL	AMR	-	0.0411	0.2822	0.0000	0.6767	0.0000	0.6767	EUR	0.0413	0.2829	0.0000	0.6758	0.0000	0.6758	EUR	1	0
NA19726	1KG	MXL	AMR	-	0.0117	0.5485	0.0030	0.4163	0.0206	0.5485	AMR	0.0119	0.5492	0.0029	0.4172	0.0189	0.5492	AMR	1	0
NA19728	1KG	MXL	AMR	-	0.0000	0.8708	0.0179	0.1112	0.0000	0.8708	AMR	0.0000	0.8715	0.0174	0.1111	0.0000	0.8715	AMR	1	0
NA19729	1KG	MXL	AMR	-	0.0000	0.8277	0.0189	0.1387	0.0147	0.8277	AMR	0.0000	0.8285	0.0183	0.1396	0.0137	0.8285	AMR	1	0
NA19731	1KG	MXL	AMR	-	0.0000	0.9138	0.0168	0.0568	0.0126	0.9138	AMR	0.0000	0.9144	0.0157	0.0569	0.0131	0.9144	AMR	1	0
NA19732	1KG	MXL	AMR	-	0.0000	0.9085	0.0108	0.0678	0.0128	0.9085	AMR	0.0000	0.9091	0.0099	0.0681	0.0128	0.9091	AMR	1	0
NA19746	1KG	MXL	AMR	-	0.0354	0.6100	0.0174	0.3329	0.0042	0.6100	AMR	0.0355	0.6106	0.0175	0.3331	0.0033	0.6106	AMR	1	0
NA19747	1KG	MXL	AMR	-	0.0336	0.4547	0.0104	0.5014	0.0000	0.5014	EUR	0.0337	0.4553	0.0106	0.5005	0.0000	0.5005	EUR	1	0
NA19749	1KG	MXL	AMR	-	0.0471	0.2540	0.1196	0.5793	0.0000	0.5793	EUR	0.0471	0.2546	0.1196	0.5787	0.0000	0.5787	EUR	1	0
NA19750	1KG	MXL	AMR	-	0.0413	0.2368	0.0000	0.7219	0.0000	0.7219	EUR	0.0414	0.2375	0.0000	0.7211	0.0000	0.7211	EUR	1	0
NA19755	1KG	MXL	AMR	-	0.0582	0.6002	0.0108	0.3303	0.0005	0.6002	AMR	0.0583	0.6008	0.0108	0.3297	0.0004	0.6008	AMR	1	0
NA19756	1KG	MXL	AMR	-	0.0688	0.4084	0.0095	0.5134	0.0000	0.5134	EUR	0.0689	0.4090	0.0096	0.5125	0.0000	0.5125	EUR	1	0
NA19758	1KG	MXL	AMR	-	0.0152	0.6880	0.0009	0.2770	0.0190	0.6880	AMR	0.0154	0.6886	0.0008	0.2782	0.0169	0.6886	AMR	1	0
NA19759	1KG	MXL	AMR	-	0.0195	0.6802	0.0000	0.2844	0.0160	0.6802	AMR	0.0197	0.6807	0.0000	0.2850	0.0147	0.6807	AMR	1	0
NA19761	1KG	MXL	AMR	-	0.0563	0.4779	0.0000	0.4602	0.0056	0.4779	AMR	0.0564	0.4786	0.0000	0.4600	0.0049	0.4786	AMR	1	0
NA19762	1KG	MXL	AMR	-	0.0643	0.5401	0.0070	0.3866	0.0020	0.5401	AMR	0.0644	0.5407	0.0070	0.3861	0.0017	0.5407	AMR	1	0
NA19770	1KG	MXL	AMR	-	0.0578	0.3407	0.0000	0.6015	0.0000	0.6015	EUR	0.0580	0.3413	0.0000	0.6007	0.0000	0.6007	EUR	1	0
NA19771	1KG	MXL	AMR	-	0.0505	0.4360	0.0005	0.5130	0.0000	0.5130	EUR	0.0506	0.4367	0.0006	0.5121	0.0000	0.5121	EUR	1	0
NA19773	1KG	MXL	AMR	-	0.0337	0.3118	0.0000	0.6545	0.0000	0.6545	EUR	0.0338	0.3125	0.0000	0.6537	0.0000	0.6537	EUR	1	0
NA19774	1KG	MXL	AMR	-	0.0664	0.3996	0.0115	0.5226	0.0000	0.5226	EUR	0.0665	0.4002	0.0115	0.5217	0.0000	0.5217	EUR	1	0
NA19776	1KG	MXL	AMR	-	0.0985	0.3823	0.0140	0.4989	0.0062	0.4989	EUR	0.0986	0.3830	0.0141	0.4991	0.0052	0.4991	EUR	1	0
NA19777	1KG	MXL	AMR	-	0.0863	0.3663	0.0000	0.5474	0.0000	0.5474	EUR	0.0863	0.3669	0.0002	0.5465	0.0000	0.5465	EUR	1	0
NA19779	1KG	MXL	AMR	-	0.0465	0.2499	0.0085	0.6873	0.0080	0.6873	EUR	0.0466	0.2503	0.0091	0.6872	0.0069	0.6872	EUR	1	0
NA19780	1KG	MXL	AMR	-	0.0366	0.3014	0.0000	0.6619	0.0000	0.6619	EUR	0.0368	0.3021	0.0000	0.6611	0.0000	0.6611	EUR	1	0
NA19782	1KG	MXL	AMR	-	0.0682	0.3782	0.0000	0.5457	0.0079	0.5457	EUR	0.0684	0.3789	0.0000	0.5456	0.0071	0.5456	EUR	1	0
NA19783	1KG	MXL	AMR	-	0.0123	0.6615	0.0050	0.3189	0.0023	0.6615	AMR	0.0124	0.6621	0.0047	0.3181	0.0027	0.6621	AMR	1	0
NA19785	1KG	MXL	AMR	-	0.0532	0.6072	0.0137	0.3176	0.0082	0.6072	AMR	0.0533	0.6078	0.0137	0.3177	0.0075	0.6078	AMR	1	0
NA19786	1KG	MXL	AMR	-	0.0444	0.5037	0.0000	0.4426	0.0093	0.5037	AMR	0.0445	0.5043	0.0001	0.4428	0.0082	0.5043	AMR	1	0
NA19788	1KG	MXL	AMR	-	0.0500	0.5501	0.0251	0.3708	0.0040	0.5501	AMR	0.0501	0.5508	0.0251	0.3709	0.0030	0.5508	AMR	1	0
NA19789	1KG	MXL	AMR	-	0.0743	0.3622	0.0000	0.5144	0.0491	0.5144	EUR	0.0745	0.3628	0.0000	0.5173	0.0453	0.5173	EUR	1	0
NA19794	1KG	MXL	AMR	-	0.0365	0.2487	0.0105	0.7043	0.0000	0.7043	EUR	0.0366	0.2492	0.0108	0.7034	0.0000	0.7034	EUR	1	0
NA19795	1KG	MXL	AMR	-	0.0674	0.4186	0.0000	0.5140	0.0000	0.5140	EUR	0.0675	0.4192	0.0000	0.5133	0.0000	0.5133	EUR	1	0
NA19818	1KG	ASW	AFR	-	0.7263	0.0116	0.0000	0.2621	0.0000	0.7263	AFR	0.7264	0.0118	0.0000	0.2618	0.0000	0.7264	AFR	1	0
NA19819	1KG	ASW	AFR	-	0.7118	0.0024	0.0103	0.2755	0.0000	0.7118	AFR	0.7118	0.0024	0.0103	0.2754	0.0000	0.7118	AFR	1	0
NA19834	1KG	ASW	AFR	-	0.7497	0.0003	0.0000	0.2499	0.0000	0.7497	AFR	0.7498	0.0005	0.0000	0.2496	0.0000	0.7498	AFR	1	0
NA19835	1KG	ASW	AFR	-	0.8279	0.0000	0.0024	0.1696	0.0000	0.8279	AFR	0.8278	0.0000	0.0027	0.1695	0.0000	0.8278	AFR	1	0
NA19900	1KG	ASW	AFR	-	0.8224	0.0021	0.0001	0.1753	0.0000	0.8224	AFR	0.8223	0.0021	0.0004	0.1752	0.0000	0.8223	AFR	1	0
NA19901	1KG	ASW	AFR	-	0.9119	0.0064	0.0000	0.0817	0.0000	0.9119	AFR	0.9119	0.0064	0.0000	0.0817	0.0000	0.9119	AFR	1	0
NA19908	1KG	ASW	AFR	-	0.8775	0.0022	0.0000	0.1203	0.0000	0.8775	AFR	0.8775	0.0022	0.0000	0.1202	0.0000	0.8775	AFR	1	0
NA19909	1KG	ASW	AFR	-	0.8762	0.0188	0.0000	0.1050	0.0000	0.8762	AFR	0.8761	0.0188	0.0000	0.1051	0.0000	0.8761	AFR	1	0
NA19914	1KG	ASW	AFR	-	0.6995	0.0033	0.0070	0.2902	0.0000	0.6995	AFR	0.6995	0.0033	0.0071	0.2900	0.0000	0.6995	AFR	1	0
NA19916	1KG	ASW	AFR	-	0.8867	0.0000	0.0000	0.1132	0.0000	0.8867	AFR	0.8867	0.0000	0.0000	0.1132	0.0000	0.8867	AFR	1	0
NA19917	1KG	ASW	AFR	-	0.9058	0.0039	0.0000	0.0903	0.0000	0.9058	AFR	0.9057	0.0039	0.0000	0.0904	0.0000	0.9057	AFR	1	0
NA19920	1KG	ASW	AFR	-	0.9031	0.0000	0.0000	0.0969	0.0000	0.9031	AFR	0.9030	0.0000	0.0000	0.0969	0.0000	0.9030	AFR	1	0
NA19921	1KG	ASW	AFR	-	0.5768	0.0841	0.0076	0.3297	0.0018	0.5768	AFR	0.5769	0.0843	0.0078	0.3297	0.0013	0.5769	AFR	1	0
NA19982	1KG	ASW	AFR	-	0.8684	0.0000	0.0007	0.1308	0.0000	0.8684	AFR	0.8682	0.0000	0.0012	0.1306	0.0000	0.8682	AFR	1	0
NA20126	1KG	ASW	AFR	-	0.6980	0.0000	0.0076	0.2944	0.0000	0.6980	AFR	0.6980	0.0000	0.0078	0.2942	0.0000	0.6980	AFR	1	0
NA20127	1KG	ASW	AFR	-	0.9073	0.0000	0.0000	0.0927	0.0000	0.9073	AFR	0.9073	0.0000	0.0000	0.0927	0.0000	0.9073	AFR	1	0
NA20276	1KG	ASW	AFR	-	0.8164	0.0018	0.0025	0.1780	0.0013	0.8164	AFR	0.8164	0.0018	0.0026	0.1781	0.0010	0.8164	AFR	1	0
NA20278	1KG	ASW	AFR	-	0.4827	0.0000	0.0000	0.5173	0.0000	0.5173	EUR	0.4828	0.0000	0.0000	0.5172	0.0000	0.5172	EUR	1	0
NA20281	1KG	ASW	AFR	-	0.8332	0.0000	0.0000	0.1668	0.0000	0.8332	AFR	0.8332	0.0000	0.0000	0.1667	0.0000	0.8332	AFR	1	0
NA20282	1KG	ASW	AFR	-	0.7276	0.0100	0.0005	0.2618	0.0000	0.7276	AFR	0.7275	0.0102	0.0008	0.2615	0.0000	0.7275	AFR	1	0
NA20287	1KG	ASW	AFR	-	0.8251	0.0065	0.0000	0.1684	0.0000	0.8251	AFR	0.8251	0.0066	0.0000	0.1683	0.0000	0.8251	AFR	1	0
NA20289	1KG	ASW	AFR	-	0.7830	0.0000	0.0000	0.2169	0.0000	0.7830	AFR	0.7831	0.0000	0.0000	0.2169	0.0000	0.7831	AFR	1	0
NA20291	1KG	ASW	AFR	-	0.9824	0.0000	0.0000	0.0176	0.0000	0.9824	AFR	0.9823	0.0000	0.0000	0.0177	0.0000	0.9823	AFR	1	1
NA20294	1KG	ASW	AFR	-	0.8504	0.0012	0.0042	0.1442	0.0000	0.8504	AFR	0.8503	0.0013	0.0044	0.1439	0.0000	0.8503	AFR	1	0
NA20296	1KG	ASW	AFR	-	0.7735	0.0045	0.0109	0.2111	0.0000	0.7735	AFR	0.7735	0.0046	0.0109	0.2110	0.0000	0.7735	AFR	1	0
NA20317	1KG	ASW	AFR	-	0.7087	0.0026	0.0000	0.2886	0.0000	0.7087	AFR	0.7087	0.0028	0.0000	0.2885	0.0000	0.7087	AFR	1	0
NA20332	1KG	ASW	AFR	-	0.7825	0.0042	0.0083	0.2049	0.0000	0.7825	AFR	0.7825	0.0043	0.0084	0.2048	0.0000	0.7825	AFR	1	0
NA20334	1KG	ASW	AFR	-	0.6317	0.0000	0.0000	0.3682	0.0000	0.6317	AFR	0.6318	0.0000	0.0000	0.3682	0.0000	0.6318	AFR	1	0
NA20340	1KG	ASW	AFR	-	0.8449	0.0036	0.0048	0.1466	0.0000	0.8449	AFR	0.8449	0.0036	0.0049	0.1466	0.0000	0.8449	AFR	1	0
NA20342	1KG	ASW	AFR	-	0.5985	0.0048	0.0098	0.3868	0.0000	0.5985	AFR	0.5985	0.0050	0.0100	0.3865	0.0000	0.5985	AFR	1	0
NA20346	1KG	ASW	AFR	-	0.8239	0.0093	0.0161	0.1506	0.0000	0.8239	AFR	0.8240	0.0094	0.0161	0.1506	0.0000	0.8240	AFR	1	0
NA20348	1KG	ASW	AFR	-	0.8373	0.0023	0.0061	0.1544	0.0000	0.8373	AFR	0.8372	0.0023	0.0062	0.1543	0.0000	0.8372	AFR	1	0
NA20356	1KG	ASW	AFR	-	0.8642	0.0000	0.0000	0.1358	0.0000	0.8642	AFR	0.8641	0.0000	0.0000	0.1358	0.0000	0.8641	AFR	1	0
NA20357	1KG	ASW	AFR	-	0.8939	0.0040	0.0081	0.0940	0.0000	0.8939	AFR	0.8937	0.0040	0.0081	0.0941	0.0000	0.8937	AFR	1	0
NA20359	1KG	ASW	AFR	-	0.7636	0.0011	0.0000	0.2352	0.0000	0.7636	AFR	0.7637	0.0014	0.0000	0.2349	0.0000	0.7637	AFR	1	0
NA20845	1KG	GIH	NA	-	0.0000	0.0000	0.0000	0.1036	0.8964	0.8964	SAS	0.0000	0.0000	0.0000	0.1638	0.8362	0.8362	SAS	1	0
NA20846	1KG	GIH	NA	-	0.0000	0.0000	0.0000	0.1054	0.8945	0.8945	SAS	0.0000	0.0000	0.0000	0.1651	0.8348	0.8348	SAS	1	0
NA20847	1KG	GIH	NA	-	0.0000	0.0000	0.0000	0.0000	1.0000	1.0000	SAS	0.0000	0.0000	0.0000	0.0470	0.9530	0.9530	SAS	1	0
NA20849	1KG	GIH	NA	-	0.0000	0.0000	0.0000	0.0000	1.0000	1.0000	SAS	0.0000	0.0000	0.0000	0.0585	0.9415	0.9415	SAS	1	0
NA20850	1KG	GIH	NA	-	0.0000	0.0000	0.0000	0.1963	0.8037	0.8037	SAS	0.0000	0.0000	0.0000	0.2525	0.7475	0.7475	SAS	1	0
NA20851	1KG	GIH	NA	-	0.0000	0.0000	0.0000	0.0000	1.0000	1.0000	SAS	0.0000	0.0000	0.0000	0.0576	0.9424	0.9424	SAS	1	0
NA20852	1KG	GIH	NA	-	0.0000	0.0000	0.0000	0.0821	0.9179	0.9179	SAS	0.0000	0.0000	0.0000	0.1439	0.8561	0.8561	SAS	1	0
NA20853	1KG	GIH	NA	-	0.0000	0.0000	0.0000	0.0000	1.0000	1.0000	SAS	0.0000	0.0000	0.0000	0.0494	0.9505	0.9505	SAS	1	0
NA20854	1KG	GIH	NA	-	0.0000	0.0000	0.0000	0.0926	0.9074	0.9074	SAS	0.0000	0.0000	0.0000	0.1534	0.8466	0.8466	SAS	1	0
NA20856	1KG	GIH	NA	-	0.0000	0.0000	0.0000	0.0000	1.0000	1.0000	SAS	0.0000	0.0000	0.0000	0.0601	0.9398	0.9398	SAS	1	0
NA20858	1KG	GIH	NA	-	0.0000	0.0003	0.0000	0.2311	0.7686	0.7686	SAS	0.0000	0.0007	0.0000	0.2882	0.7110	0.7110	SAS	1	0
NA20859	1KG	GIH	NA	-	0.0000	0.0000	0.0000	0.0000	1.0000	1.0000	SAS	0.0000	0.0000	0.0000	0.0386	0.9613	0.9613	SAS	1	0
NA20861	1KG	GIH	NA	-	0.0000	0.0000	0.0000	0.0000	1.0000	1.0000	SAS	0.0000	0.0000	0.0000	0.0376	0.9624	0.9624	SAS	1	0
NA20862	1KG	GIH	NA	-	0.0000	0.0010	0.0000	0.2102	0.7889	0.7889	SAS	0.0000	0.0008	0.0000	0.2651	0.7340	0.7340	SAS	1	0
NA20866	1KG	GIH	NA	-	0.0000	0.0000	0.0000	0.0757	0.9242	0.9242	SAS	0.0000	0.0000	0.0000	0.1368	0.8631	0.8631	SAS	1	0
NA20869	1KG	GIH	NA	-	0.0000	0.0000	0.0000	0.0000	1.0000	1.0000	SAS	0.0000	0.0000	0.0000	0.0544	0.9456	0.9456	SAS	1	0
NA20870	1KG	GIH	NA	-	0.0000	0.0004	0.0109	0.2470	0.7417	0.7417	SAS	0.0000	0.0004	0.0109	0.3038	0.6849	0.6849	SAS	1	0
NA20872	1KG	GIH	NA	-	0.0000	0.0000	0.0000	0.1842	0.8158	0.8158	SAS	0.0000	0.0000	0.0000	0.2427	0.7573	0.7573	SAS	1	0
NA20874	1KG	GIH	NA	-	0.0000	0.0000	0.0000	0.0691	0.9309	0.9309	SAS	0.0000	0.0000	0.0000	0.1297	0.8702	0.8702	SAS	1	0
NA20875	1KG	GIH	NA	-	0.0000	0.0000	0.0000	0.0000	1.0000	1.0000	SAS	0.0000	0.0000	0.0000	0.0366	0.9634	0.9634	SAS	1	0
NA20876	1KG	GIH	NA	-	0.0000	0.0000	0.0000	0.0000	1.0000	1.0000	SAS	0.0000	0.0000	0.0000	0.0555	0.9445	0.9445	SAS	1	0
NA20877	1KG	GIH	NA	-	0.0000	0.0000	0.0000	0.0028	0.9972	0.9972	SAS	0.0000	0.0000	0.0000	0.0646	0.9353	0.9353	SAS	1	0
NA20878	1KG	GIH	NA	-	0.0000	0.0000	0.0000	0.0007	0.9993	0.9993	SAS	0.0000	0.0000	0.0000	0.0628	0.9371	0.9371	SAS	1	0
NA20881	1KG	GIH	NA	-	0.0000	0.0000	0.0000	0.1565	0.8434	0.8434	SAS	0.0000	0.0000	0.0000	0.2153	0.7847	0.7847	SAS	1	0
NA20884	1KG	GIH	NA	-	0.0000	0.0000	0.0000	0.0000	1.0000	1.0000	SAS	0.0000	0.0000	0.0000	0.0436	0.9564	0.9564	SAS	1	0
NA20885	1KG	GIH	NA	-	0.0000	0.0000	0.0000	0.1382	0.8618	0.8618	SAS	0.0000	0.0000	0.0000	0.1976	0.8024	0.8024	SAS	1	0
NA20886	1KG	GIH	NA	-	0.0000	0.0000	0.0003	0.1544	0.8453	0.8453	SAS	0.0000	0.0000	0.0004	0.2141	0.7855	0.7855	SAS	1	0
NA20887	1KG	GIH	NA	-	0.0000	0.0000	0.0000	0.0540	0.9460	0.9460	SAS	0.0000	0.0000	0.0000	0.1154	0.8845	0.8845	SAS	1	0
NA20888	1KG	GIH	NA	-	0.0000	0.0000	0.0000	0.0025	0.9975	0.9975	SAS	0.0000	0.0000	0.0000	0.0590	0.9410	0.9410	SAS	1	0
NA20889	1KG	GIH	NA	-	0.0000	0.0000	0.0000	0.0000	1.0000	1.0000	SAS	0.0000	0.0000	0.0000	0.0590	0.9410	0.9410	SAS	1	0
NA20890	1KG	GIH	NA	-	0.0000	0.0000	0.0000	0.1426	0.8573	0.8573	SAS	0.0000	0.0000	0.0000	0.2016	0.7984	0.7984	SAS	1	0
NA20892	1KG	GIH	NA	-	0.0000	0.0000	0.0000	0.0000	1.0000	1.0000	SAS	0.0000	0.0000	0.0000	0.0614	0.9386	0.9386	SAS	1	0
NA20894	1KG	GIH	NA	-	0.0000	0.0000	0.0000	0.0919	0.9081	0.9081	SAS	0.0000	0.0000	0.0000	0.1527	0.8473	0.8473	SAS	1	0
NA20895	1KG	GIH	NA	-	0.0000	0.0000	0.0000	0.0879	0.9121	0.9121	SAS	0.0000	0.0000	0.0000	0.1494	0.8506	0.8506	SAS	1	0
NA20896	1KG	GIH	NA	-	0.0000	0.0000	0.0000	0.0000	1.0000	1.0000	SAS	0.0000	0.0000	0.0000	0.0377	0.9622	0.9622	SAS	1	0
NA20897	1KG	GIH	NA	-	0.0000	0.0000	0.0000	0.0000	1.0000	1.0000	SAS	0.0000	0.0000	0.0000	0.0478	0.9521	0.9521	SAS	1	0
NA20899	1KG	GIH	NA	-	0.0000	0.0000	0.0000	0.0000	1.0000	1.0000	SAS	0.0000	0.0000	0.0000	0.0549	0.9451	0.9451	SAS	1	0
NA20900	1KG	GIH	NA	-	0.0000	0.0000	0.0000	0.1601	0.8399	0.8399	SAS	0.0000	0.0000	0.0000	0.2162	0.7837	0.7837	SAS	1	0
NA20901	1KG	GIH	NA	-	0.0000	0.0000	0.0000	0.0611	0.9389	0.9389	SAS	0.0000	0.0000	0.0000	0.1228	0.8772	0.8772	SAS	1	0
NA20902	1KG	GIH	NA	-	0.0000	0.0000	0.0000	0.0000	1.0000	1.0000	SAS	0.0000	0.0000	0.0000	0.0304	0.9696	0.9696	SAS	1	0
NA20903	1KG	GIH	NA	-	0.0000	0.0000	0.0000	0.0668	0.9332	0.9332	SAS	0.0000	0.0000	0.0000	0.1284	0.8716	0.8716	SAS	1	0
NA20904	1KG	GIH	NA	-	0.0000	0.0011	0.0045	0.2159	0.7785	0.7785	SAS	0.0000	0.0013	0.0035	0.2707	0.7244	0.7244	SAS	1	0
NA20906	1KG	GIH	NA	-	0.0000	0.0000	0.0000	0.0000	1.0000	1.0000	SAS	0.0000	0.0000	0.0000	0.0539	0.9461	0.9461	SAS	1	0
NA20908	1KG	GIH	NA	-	0.0000	0.0000	0.0000	0.0113	0.9887	0.9887	SAS	0.0000	0.0000	0.0000	0.0701	0.9299	0.9299	SAS	1	0
NA20910	1KG	GIH	NA	-	0.0000	0.0000	0.0000	0.2069	0.7930	0.7930	SAS	0.0000	0.0000	0.0000	0.2632	0.7368	0.7368	SAS	1	0
NA20911	1KG	GIH	NA	-	0.0000	0.0000	0.0000	0.0000	1.0000	1.0000	SAS	0.0000	0.0000	0.0000	0.0592	0.9408	0.9408	SAS	1	0
NA21086	1KG	GIH	NA	-	0.0000	0.0000	0.0000	0.0000	1.0000	1.0000	SAS	0.0000	0.0000	0.0000	0.0466	0.9533	0.9533	SAS	1	0
NA21088	1KG	GIH	NA	-	0.0000	0.0000	0.0000	0.0000	1.0000	1.0000	SAS	0.0000	0.0000	0.0000	0.0640	0.9360	0.9360	SAS	1	0
NA21089	1KG	GIH	NA	-	0.0000	0.0000	0.0000	0.0000	1.0000	1.0000	SAS	0.0000	0.0000	0.0000	0.0622	0.9377	0.9377	SAS	1	0
NA21090	1KG	GIH	NA	-	0.0000	0.0000	0.0000	0.0000	1.0000	1.0000	SAS	0.0000	0.0000	0.0000	0.0310	0.9690	0.9690	SAS	1	0
NA21091	1KG	GIH	NA	-	0.0000	0.0000	0.0000	0.0000	1.0000	1.0000	SAS	0.0000	0.0000	0.0000	0.0558	0.9442	0.9442	SAS	1	0
NA21092	1KG	GIH	NA	-	0.0000	0.0019	0.0000	0.0661	0.9320	0.9320	SAS	0.0000	0.0014	0.0000	0.1260	0.8726	0.8726	SAS	1	0
NA21094	1KG	GIH	NA	-	0.0000	0.0000	0.0000	0.0000	1.0000	1.0000	SAS	0.0000	0.0000	0.0000	0.0401	0.9599	0.9599	SAS	1	0
NA21097	1KG	GIH	NA	-	0.0000	0.0000	0.0000	0.0414	0.9586	0.9586	SAS	0.0000	0.0000	0.0000	0.1025	0.8975	0.8975	SAS	1	0
NA21098	1KG	GIH	NA	-	0.0000	0.0000	0.0000	0.0000	1.0000	1.0000	SAS	0.0000	0.0000	0.0000	0.0531	0.9469	0.9469	SAS	1	0
NA21099	1KG	GIH	NA	-	0.0000	0.0000	0.0000	0.0074	0.9926	0.9926	SAS	0.0000	0.0000	0.0000	0.0682	0.9318	0.9318	SAS	1	0
NA21100	1KG	GIH	NA	-	0.0000	0.0000	0.0000	0.0000	1.0000	1.0000	SAS	0.0000	0.0000	0.0000	0.0564	0.9436	0.9436	SAS	1	0
NA21101	1KG	GIH	NA	-	0.0000	0.0000	0.0000	0.0077	0.9923	0.9923	SAS	0.0000	0.0000	0.0000	0.0721	0.9279	0.9279	SAS	1	0
NA21102	1KG	GIH	NA	-	0.0000	0.0000	0.0000	0.0000	1.0000	1.0000	SAS	0.0000	0.0000	0.0000	0.0417	0.9583	0.9583	SAS	1	0
NA21103	1KG	GIH	NA	-	0.0000	0.0000	0.0000	0.0000	1.0000	1.0000	SAS	0.0000	0.0000	0.0000	0.0512	0.9488	0.9488	SAS	1	0
NA21104	1KG	GIH	NA	-	0.0000	0.0000	0.0000	0.0000	1.0000	1.0000	SAS	0.0000	0.0000	0.0000	0.0567	0.9433	0.9433	SAS	1	0
NA21105	1KG	GIH	NA	-	0.0000	0.0000	0.0000	0.0233	0.9767	0.9767	SAS	0.0000	0.0000	0.0000	0.0877	0.9123	0.9123	SAS	1	0
NA21106	1KG	GIH	NA	-	0.0000	0.0000	0.0000	0.0000	1.0000	1.0000	SAS	0.0000	0.0000	0.0000	0.0450	0.9550	0.9550	SAS	1	0
NA21107	1KG	GIH	NA	-	0.0000	0.0000	0.0000	0.0065	0.9935	0.9935	SAS	0.0000	0.0000	0.0000	0.0692	0.9307	0.9307	SAS	1	0
NA21108	1KG	GIH	NA	-	0.0000	0.0017	0.0000	0.1859	0.8124	0.8124	SAS	0.0000	0.0014	0.0000	0.2426	0.7559	0.7559	SAS	1	0
NA21109	1KG	GIH	NA	-	0.0000	0.0000	0.0000	0.0000	1.0000	1.0000	SAS	0.0000	0.0000	0.0000	0.0425	0.9575	0.9575	SAS	1	0
NA21110	1KG	GIH	NA	-	0.0000	0.0000	0.0000	0.0000	1.0000	1.0000	SAS	0.0000	0.0000	0.0000	0.0573	0.9427	0.9427	SAS	1	0
NA21111	1KG	GIH	NA	-	0.0000	0.0000	0.0000	0.0103	0.9897	0.9897	SAS	0.0000	0.0000	0.0000	0.0724	0.9276	0.9276	SAS	1	0
NA21112	1KG	GIH	NA	-	0.0000	0.0000	0.0000	0.0000	1.0000	1.0000	SAS	0.0000	0.0000	0.0000	0.0561	0.9439	0.9439	SAS	1	0
NA21113	1KG	GIH	NA	-	0.0000	0.0000	0.0000	0.0000	1.0000	1.0000	SAS	0.0000	0.0000	0.0000	0.0483	0.9517	0.9517	SAS	1	0
NA21115	1KG	GIH	NA	-	0.0000	0.0000	0.0000	0.0000	0.9999	0.9999	SAS	0.0000	0.0000	0.0000	0.0497	0.9502	0.9502	SAS	1	0
NA21116	1KG	GIH	NA	-	0.0000	0.0000	0.0000	0.0410	0.9590	0.9590	SAS	0.0000	0.0000	0.0000	0.1025	0.8975	0.8975	SAS	1	0
NA21117	1KG	GIH	NA	-	0.0000	0.0000	0.0000	0.0099	0.9901	0.9901	SAS	0.0000	0.0000	0.0000	0.0695	0.9305	0.9305	SAS	1	0
NA21118	1KG	GIH	NA	-	0.0000	0.0000	0.0000	0.0000	1.0000	1.0000	SAS	0.0000	0.0000	0.0000	0.0559	0.9441	0.9441	SAS	1	0
NA21119	1KG	GIH	NA	-	0.0000	0.0000	0.0000	0.0000	1.0000	1.0000	SAS	0.0000	0.0000	0.0000	0.0453	0.9546	0.9546	SAS	1	0
NA21120	1KG	GIH	NA	-	0.0000	0.0000	0.0000	0.0728	0.9272	0.9272	SAS	0.0000	0.0000	0.0000	0.1341	0.8658	0.8658	SAS	1	0
NA21122	1KG	GIH	NA	-	0.0000	0.0000	0.0000	0.0000	1.0000	1.0000	SAS	0.0000	0.0000	0.0000	0.0658	0.9341	0.9341	SAS	1	0
NA21123	1KG	GIH	NA	-	0.0000	0.0000	0.0000	0.0000	1.0000	1.0000	SAS	0.0000	0.0000	0.0000	0.0579	0.9421	0.9421	SAS	1	0
NA21125	1KG	GIH	NA	-	0.0000	0.0000	0.0000	0.0000	1.0000	1.0000	SAS	0.0000	0.0000	0.0000	0.0513	0.9487	0.9487	SAS	1	0
NA21127	1KG	GIH	NA	-	0.0000	0.0000	0.0000	0.0000	1.0000	1.0000	SAS	0.0000	0.0000	0.0000	0.0640	0.9360	0.9360	SAS	1	0
NA21128	1KG	GIH	NA	-	0.0000	0.0000	0.0000	0.0000	1.0000	1.0000	SAS	0.0000	0.0000	0.0000	0.0595	0.9404	0.9404	SAS	1	0
NA21130	1KG	GIH	NA	-	0.0000	0.0000	0.0000	0.0216	0.9783	0.9783	SAS	0.0000	0.0000	0.0000	0.0791	0.9209	0.9209	SAS	1	0
NA21133	1KG	GIH	NA	-	0.0000	0.0000	0.0000	0.0000	1.0000	1.0000	SAS	0.0000	0.0000	0.0000	0.0583	0.9416	0.9416	SAS	1	0
NA21137	1KG	GIH	NA	-	0.0000	0.0000	0.0000	0.0000	1.0000	1.0000	SAS	0.0000	0.0000	0.0000	0.0547	0.9453	0.9453	SAS	1	0
NA21141	1KG	GIH	NA	-	0.0000	0.0000	0.0000	0.0000	1.0000	1.0000	SAS	0.0000	0.0000	0.0000	0.0475	0.9525	0.9525	SAS	1	0
NA21142	1KG	GIH	NA	-	0.0000	0.0000	0.0000	0.0000	1.0000	1.0000	SAS	0.0000	0.0000	0.0000	0.0467	0.9533	0.9533	SAS	1	0
NA21143	1KG	GIH	NA	-	0.0000	0.0000	0.0000	0.0000	1.0000	1.0000	SAS	0.0000	0.0000	0.0000	0.0518	0.9482	0.9482	SAS	1	0
NA21144	1KG	GIH	NA	-	0.0000	0.0000	0.0000	0.0000	1.0000	1.0000	SAS	0.0000	0.0000	0.0000	0.0564	0.9436	0.9436	SAS	1	0
NA19734	1KG	MXL	AMR	-	0.0138	0.5552	0.0000	0.4275	0.0035	0.5552	AMR	0.0140	0.5559	0.0000	0.4274	0.0026	0.5559	AMR	1	0
NA19735	1KG	MXL	AMR	-	0.0170	0.7781	0.0265	0.1702	0.0082	0.7781	AMR	0.0171	0.7786	0.0262	0.1704	0.0076	0.7786	AMR	1	0
NA19740	1KG	MXL	AMR	-	0.0324	0.6763	0.0061	0.2801	0.0052	0.6763	AMR	0.0325	0.6770	0.0058	0.2801	0.0046	0.6770	AMR	1	0
NA19741	1KG	MXL	AMR	-	0.0000	0.7615	0.0300	0.2085	0.0000	0.7615	AMR	0.0000	0.7622	0.0296	0.2082	0.0000	0.7622	AMR	1	0
NA19752	1KG	MXL	AMR	-	0.0347	0.4268	0.0000	0.5385	0.0000	0.5385	EUR	0.0349	0.4275	0.0000	0.5376	0.0000	0.5376	EUR	1	0
NA19764	1KG	MXL	AMR	-	0.0614	0.3195	0.0000	0.6190	0.0000	0.6190	EUR	0.0616	0.3202	0.0000	0.6182	0.0000	0.6182	EUR	1	0
NA19792	1KG	MXL	AMR	-	0.0622	0.2595	0.0000	0.6592	0.0191	0.6592	EUR	0.0624	0.2602	0.0000	0.6601	0.0173	0.6601	EUR	1	0
NA19922	1KG	ASW	AFR	-	0.6991	0.0037	0.0000	0.2972	0.0000	0.6991	AFR	0.6991	0.0037	0.0000	0.2972	0.0000	0.6991	AFR	1	0
NA19923	1KG	ASW	AFR	-	0.6041	0.0000	0.0085	0.3874	0.0000	0.6041	AFR	0.6042	0.0000	0.0086	0.3873	0.0000	0.6042	AFR	1	0
NA19984	1KG	ASW	AFR	-	0.8654	0.0030	0.0000	0.1316	0.0000	0.8654	AFR	0.8654	0.0030	0.0000	0.1316	0.0000	0.8654	AFR	1	0
NA20298	1KG	ASW	AFR	-	0.9230	0.0067	0.0082	0.0620	0.0000	0.9230	AFR	0.9230	0.0067	0.0082	0.0620	0.0000	0.9230	AFR	1	0
NA20339	1KG	ASW	AFR	-	0.8779	0.0318	0.0004	0.0898	0.0000	0.8779	AFR	0.8779	0.0319	0.0004	0.0898	0.0000	0.8779	AFR	1	0
NA20351	1KG	ASW	AFR	-	0.6673	0.0042	0.0043	0.3242	0.0000	0.6673	AFR	0.6672	0.0042	0.0046	0.3239	0.0000	0.6672	AFR	1	0
NA20412	1KG	ASW	AFR	-	0.7556	0.0290	0.0076	0.2078	0.0000	0.7556	AFR	0.7556	0.0291	0.0077	0.2077	0.0000	0.7556	AFR	1	0
NA20863	1KG	GIH	NA	-	0.0000	0.0000	0.0000	0.0000	1.0000	1.0000	SAS	0.0000	0.0000	0.0000	0.0510	0.9490	0.9490	SAS	1	0
NA20864	1KG	GIH	NA	-	0.0000	0.0000	0.0000	0.1542	0.8457	0.8457	SAS	0.0000	0.0000	0.0000	0.2116	0.7884	0.7884	SAS	1	0
NA20867	1KG	GIH	NA	-	0.0000	0.0000	0.0000	0.0000	1.0000	1.0000	SAS	0.0000	0.0000	0.0000	0.0509	0.9491	0.9491	SAS	1	0
NA20868	1KG	GIH	NA	-	0.0000	0.0000	0.0000	0.0000	1.0000	1.0000	SAS	0.0000	0.0000	0.0000	0.0384	0.9615	0.9615	SAS	1	0
NA20905	1KG	GIH	NA	-	0.0000	0.0000	0.0000	0.0511	0.9488	0.9488	SAS	0.0000	0.0000	0.0000	0.1115	0.8884	0.8884	SAS	1	0
NA21087	1KG	GIH	NA	-	0.0000	0.0000	0.0000	0.0000	1.0000	1.0000	SAS	0.0000	0.0000	0.0000	0.0505	0.9495	0.9495	SAS	1	0
NA21093	1KG	GIH	NA	-	0.0000	0.0000	0.0000	0.0000	1.0000	1.0000	SAS	0.0000	0.0000	0.0000	0.0427	0.9573	0.9573	SAS	1	0
NA21095	1KG	GIH	NA	-	0.0000	0.0000	0.0000	0.0157	0.9842	0.9842	SAS	0.0000	0.0000	0.0000	0.0760	0.9240	0.9240	SAS	1	0
NA21114	1KG	GIH	NA	-	0.0000	0.0000	0.0000	0.0121	0.9878	0.9878	SAS	0.0000	0.0000	0.0000	0.0748	0.9251	0.9251	SAS	1	0
NA21124	1KG	GIH	NA	-	0.0000	0.0000	0.0000	0.0000	1.0000	1.0000	SAS	0.0000	0.0000	0.0000	0.0485	0.9514	0.9514	SAS	1	0
NA21126	1KG	GIH	NA	-	0.0000	0.0000	0.0000	0.0000	1.0000	1.0000	SAS	0.0000	0.0000	0.0000	0.0470	0.9530	0.9530	SAS	1	0
NA21129	1KG	GIH	NA	-	0.0000	0.0000	0.0000	0.0000	1.0000	1.0000	SAS	0.0000	0.0000	0.0000	0.0432	0.9568	0.9568	SAS	1	0
HG00096	1KG	GBR	EUR	-	0.0000	0.0000	0.0000	1.0000	0.0000	1.0000	EUR	0.0000	0.0000	0.0000	1.0000	0.0000	1.0000	EUR	1	1
HG00097	1KG	GBR	EUR	-	0.0000	0.0000	0.0000	1.0000	0.0000	1.0000	EUR	0.0000	0.0000	0.0000	1.0000	0.0000	1.0000	EUR	1	1
HG00099	1KG	GBR	EUR	-	0.0000	0.0000	0.0000	1.0000	0.0000	1.0000	EUR	0.0000	0.0000	0.0000	1.0000	0.0000	1.0000	EUR	1	1
HG00100	1KG	GBR	EUR	-	0.0000	0.0000	0.0000	1.0000	0.0000	1.0000	EUR	0.0000	0.0000	0.0000	1.0000	0.0000	1.0000	EUR	1	1
HG00101	1KG	GBR	EUR	-	0.0000	0.0000	0.0000	1.0000	0.0000	1.0000	EUR	0.0000	0.0000	0.0000	1.0000	0.0000	1.0000	EUR	1	1
HG00102	1KG	GBR	EUR	-	0.0000	0.0000	0.0000	1.0000	0.0000	1.0000	EUR	0.0000	0.0000	0.0000	1.0000	0.0000	1.0000	EUR	1	1
HG00103	1KG	GBR	EUR	-	0.0000	0.0000	0.0000	1.0000	0.0000	1.0000	EUR	0.0000	0.0000	0.0000	1.0000	0.0000	1.0000	EUR	1	1
HG00105	1KG	GBR	EUR	-	0.0000	0.0000	0.0000	1.0000	0.0000	1.0000	EUR	0.0000	0.0000	0.0000	1.0000	0.0000	1.0000	EUR	1	1
HG00106	1KG	GBR	EUR	-	0.0000	0.0000	0.0000	1.0000	0.0000	1.0000	EUR	0.0000	0.0000	0.0000	1.0000	0.0000	1.0000	EUR	1	1
HG00107	1KG	GBR	EUR	-	0.0000	0.0000	0.0000	1.0000	0.0000	1.0000	EUR	0.0000	0.0000	0.0000	1.0000	0.0000	1.0000	EUR	1	1
HG00108	1KG	GBR	EUR	-	0.0000	0.0000	0.0000	1.0000	0.0000	1.0000	EUR	0.0000	0.0000	0.0000	1.0000	0.0000	1.0000	EUR	1	1
HG00109	1KG	GBR	EUR	-	0.0000	0.0000	0.0000	1.0000	0.0000	1.0000	EUR	0.0000	0.0000	0.0000	1.0000	0.0000	1.0000	EUR	1	1
HG00110	1KG	GBR	EUR	-	0.0000	0.0000	0.0000	1.0000	0.0000	1.0000	EUR	0.0000	0.0000	0.0000	1.0000	0.0000	1.0000	EUR	1	1
HG00111	1KG	GBR	EUR	-	0.0000	0.0000	0.0000	1.0000	0.0000	1.0000	EUR	0.0000	0.0000	0.0000	1.0000	0.0000	1.0000	EUR	1	1
HG00112	1KG	GBR	EUR	-	0.0000	0.0000	0.0000	1.0000	0.0000	1.0000	EUR	0.0000	0.0000	0.0000	1.0000	0.0000	1.0000	EUR	1	1
HG00113	1KG	GBR	EUR	-	0.0000	0.0000	0.0000	1.0000	0.0000	1.0000	EUR	0.0000	0.0000	0.0000	1.0000	0.0000	1.0000	EUR	1	1
HG00114	1KG	GBR	EUR	-	0.0000	0.0000	0.0000	1.0000	0.0000	1.0000	EUR	0.0000	0.0000	0.0000	1.0000	0.0000	1.0000	EUR	1	1
HG00115	1KG	GBR	EUR	-	0.0000	0.0000	0.0000	1.0000	0.0000	1.0000	EUR	0.0000	0.0000	0.0000	1.0000	0.0000	1.0000	EUR	1	1
HG00117	1KG	GBR	EUR	-	0.0000	0.0000	0.0000	1.0000	0.0000	1.0000	EUR	0.0000	0.0000	0.0000	1.0000	0.0000	1.0000	EUR	1	1
HG00120	1KG	GBR	EUR	-	0.0000	0.0000	0.0000	1.0000	0.0000	1.0000	EUR	0.0000	0.0000	0.0000	1.0000	0.0000	1.0000	EUR	1	1
HG00127	1KG	GBR	EUR	-	0.0000	0.0000	0.0000	1.0000	0.0000	1.0000	EUR	0.0000	0.0000	0.0000	1.0000	0.0000	1.0000	EUR	1	1
HG00128	1KG	GBR	EUR	-	0.0000	0.0000	0.0000	1.0000	0.0000	1.0000	EUR	0.0000	0.0000	0.0000	1.0000	0.0000	1.0000	EUR	1	1
HG00129	1KG	GBR	EUR	-	0.0000	0.0000	0.0000	1.0000	0.0000	1.0000	EUR	0.0000	0.0000	0.0000	1.0000	0.0000	1.0000	EUR	1	1
HG00130	1KG	GBR	EUR	-	0.0000	0.0000	0.0000	1.0000	0.0000	1.0000	EUR	0.0000	0.0000	0.0000	1.0000	0.0000	1.0000	EUR	1	1
HG00131	1KG	GBR	EUR	-	0.0000	0.0000	0.0000	1.0000	0.0000	1.0000	EUR	0.0000	0.0000	0.0000	1.0000	0.0000	1.0000	EUR	1	1
HG00132	1KG	GBR	EUR	-	0.0000	0.0000	0.0000	1.0000	0.0000	1.0000	EUR	0.0000	0.0000	0.0000	1.0000	0.0000	1.0000	EUR	1	1
HG00133	1KG	GBR	EUR	-	0.0000	0.0000	0.0000	1.0000	0.0000	1.0000	EUR	0.0000	0.0000	0.0000	1.0000	0.0000	1.0000	EUR	1	1
HG00136	1KG	GBR	EUR	-	0.0000	0.0000	0.0000	1.0000	0.0000	1.0000	EUR	0.0000	0.0000	0.0000	1.0000	0.0000	1.0000	EUR	1	1
HG00137	1KG	GBR	EUR	-	0.0000	0.0000	0.0000	1.0000	0.0000	1.0000	EUR	0.0000	0.0000	0.0000	1.0000	0.0000	1.0000	EUR	1	1
HG00138	1KG	GBR	EUR	-	0.0000	0.0000	0.0000	1.0000	0.0000	1.0000	EUR	0.0000	0.0000	0.0000	1.0000	0.0000	1.0000	EUR	1	1
HG00139	1KG	GBR	EUR	-	0.0000	0.0000	0.0000	1.0000	0.0000	1.0000	EUR	0.0000	0.0000	0.0000	1.0000	0.0000	1.0000	EUR	1	1
HG00140	1KG	GBR	EUR	-	0.0000	0.0000	0.0000	1.0000	0.0000	1.0000	EUR	0.0000	0.0000	0.0000	1.0000	0.0000	1.0000	EUR	1	1
HG00141	1KG	GBR	EUR	-	0.0000	0.0000	0.0000	1.0000	0.0000	1.0000	EUR	0.0000	0.0000	0.0000	1.0000	0.0000	1.0000	EUR	1	1
HG00142	1KG	GBR	EUR	-	0.0000	0.0000	0.0000	1.0000	0.0000	1.0000	EUR	0.0000	0.0000	0.0000	1.0000	0.0000	1.0000	EUR	1	1
HG00143	1KG	GBR	EUR	-	0.0000	0.0000	0.0000	1.0000	0.0000	1.0000	EUR	0.0000	0.0000	0.0000	1.0000	0.0000	1.0000	EUR	1	1
HG00145	1KG	GBR	EUR	-	0.0000	0.0000	0.0000	1.0000	0.0000	1.0000	EUR	0.0000	0.0000	0.0000	1.0000	0.0000	1.0000	EUR	1	1
HG00146	1KG	GBR	EUR	-	0.0000	0.0000	0.0000	1.0000	0.0000	1.0000	EUR	0.0000	0.0000	0.0000	1.0000	0.0000	1.0000	EUR	1	1
HG00148	1KG	GBR	EUR	-	0.0000	0.0000	0.0000	1.0000	0.0000	1.0000	EUR	0.0000	0.0000	0.0000	1.0000	0.0000	1.0000	EUR	1	1
HG00149	1KG	GBR	EUR	-	0.0000	0.0000	0.0000	1.0000	0.0000	1.0000	EUR	0.0000	0.0000	0.0000	1.0000	0.0000	1.0000	EUR	1	1
HG00150	1KG	GBR	EUR	-	0.0000	0.0000	0.0000	1.0000	0.0000	1.0000	EUR	0.0000	0.0000	0.0000	1.0000	0.0000	1.0000	EUR	1	1
HG00151	1KG	GBR	EUR	-	0.0000	0.0000	0.0000	1.0000	0.0000	1.0000	EUR	0.0000	0.0000	0.0000	1.0000	0.0000	1.0000	EUR	1	1
HG00155	1KG	GBR	EUR	-	0.0000	0.0000	0.0000	1.0000	0.0000	1.0000	EUR	0.0000	0.0000	0.0000	1.0000	0.0000	1.0000	EUR	1	1
HG00157	1KG	GBR	EUR	-	0.0000	0.0000	0.0000	1.0000	0.0000	1.0000	EUR	0.0000	0.0000	0.0000	1.0000	0.0000	1.0000	EUR	1	1
HG00158	1KG	GBR	EUR	-	0.0000	0.0000	0.0000	1.0000	0.0000	1.0000	EUR	0.0000	0.0000	0.0000	1.0000	0.0000	1.0000	EUR	1	1
HG00160	1KG	GBR	EUR	-	0.0000	0.0000	0.0000	1.0000	0.0000	1.0000	EUR	0.0000	0.0000	0.0000	1.0000	0.0000	1.0000	EUR	1	1
HG00171	1KG	FIN	EUR	-	0.0000	0.0084	0.0684	0.9232	0.0000	0.9232	EUR	0.0000	0.0089	0.0700	0.9211	0.0000	0.9211	EUR	1	0
HG00173	1KG	FIN	EUR	-	0.0000	0.0114	0.0459	0.9427	0.0000	0.9427	EUR	0.0000	0.0121	0.0478	0.9401	0.0000	0.9401	EUR	1	1
HG00174	1KG	FIN	EUR	-	0.0000	0.0054	0.0376	0.9569	0.0000	0.9569	EUR	0.0000	0.0061	0.0392	0.9546	0.0000	0.9546	EUR	1	1
HG00176	1KG	FIN	EUR	-	0.0000	0.0108	0.0582	0.9310	0.0000	0.9310	EUR	0.0000	0.0113	0.0600	0.9287	0.0000	0.9287	EUR	1	1
HG00177	1KG	FIN	EUR	-	0.0000	0.0098	0.0680	0.9222	0.0000	0.9222	EUR	0.0000	0.0104	0.0700	0.9196	0.0000	0.9196	EUR	1	0
HG00178	1KG	FIN	EUR	-	0.0000	0.0072	0.0501	0.9427	0.0000	0.9427	EUR	0.0000	0.0075	0.0521	0.9404	0.0000	0.9404	EUR	1	1
HG00179	1KG	FIN	EUR	-	0.0000	0.0101	0.0526	0.9372	0.0000	0.9372	EUR	0.0000	0.0105	0.0544	0.9350	0.0000	0.9350	EUR	1	1
HG00180	1KG	FIN	EUR	-	0.0000	0.0080	0.0552	0.9368	0.0000	0.9368	EUR	0.0000	0.0084	0.0567	0.9349	0.0000	0.9349	EUR	1	1
HG00181	1KG	FIN	EUR	-	0.0000	0.0054	0.0446	0.9500	0.0000	0.9500	EUR	0.0000	0.0058	0.0463	0.9479	0.0000	0.9479	EUR	1	1
HG00182	1KG	FIN	EUR	-	0.0000	0.0102	0.0579	0.9318	0.0000	0.9318	EUR	0.0000	0.0109	0.0595	0.9296	0.0000	0.9296	EUR	1	1
HG00183	1KG	FIN	EUR	-	0.0000	0.0087	0.0529	0.9384	0.0000	0.9384	EUR	0.0000	0.0092	0.0547	0.9360	0.0000	0.9360	EUR	1	1
HG00185	1KG	FIN	EUR	-	0.0000	0.0064	0.0667	0.9269	0.0000	0.9269	EUR	0.0000	0.0071	0.0682	0.9247	0.0000	0.9247	EUR	1	0
HG00186	1KG	FIN	EUR	-	0.0000	0.0084	0.0518	0.9398	0.0000	0.9398	EUR	0.0000	0.0089	0.0535	0.9376	0.0000	0.9376	EUR	1	1
HG00187	1KG	FIN	EUR	-	0.0000	0.0111	0.0712	0.9177	0.0000	0.9177	EUR	0.0000	0.0120	0.0730	0.9150	0.0000	0.9150	EUR	1	0
HG00188	1KG	FIN	EUR	-	0.0000	0.0071	0.0446	0.9482	0.0000	0.9482	EUR	0.0000	0.0077	0.0464	0.9458	0.0000	0.9458	EUR	1	1
HG00189	1KG	FIN	EUR	-	0.0000	0.0090	0.0503	0.9407	0.0000	0.9407	EUR	0.0000	0.0097	0.0520	0.9383	0.0000	0.9383	EUR	1	1
HG00190	1KG	FIN	EUR	-	0.0000	0.0075	0.0387	0.9538	0.0000	0.9538	EUR	0.0000	0.0077	0.0408	0.9515	0.0000	0.9515	EUR	1	1
HG00233	1KG	GBR	EUR	-	0.0000	0.0000	0.0000	1.0000	0.0000	1.0000	EUR	0.0000	0.0000	0.0000	1.0000	0.0000	1.0000	EUR	1	1
HG00234	1KG	GBR	EUR	-	0.0000	0.0000	0.0000	1.0000	0.0000	1.0000	EUR	0.0000	0.0000	0.0000	1.0000	0.0000	1.0000	EUR	1	1
HG00235	1KG	GBR	EUR	-	0.0000	0.0000	0.0000	1.0000	0.0000	1.0000	EUR	0.0000	0.0000	0.0000	1.0000	0.0000	1.0000	EUR	1	1
HG00240	1KG	GBR	EUR	-	0.0000	0.0000	0.0000	1.0000	0.0000	1.0000	EUR	0.0000	0.0000	0.0000	1.0000	0.0000	1.0000	EUR	1	1
HG00255	1KG	GBR	EUR	-	0.0000	0.0000	0.0000	1.0000	0.0000	1.0000	EUR	0.0000	0.0000	0.0000	1.0000	0.0000	1.0000	EUR	1	1
HG00442	1KG	CHS	EAS	-	0.0000	0.0000	1.0000	0.0000	0.0000	1.0000	EAS	0.0000	0.0000	1.0000	0.0000	0.0000	1.0000	EAS	1	1
HG00443	1KG	CHS	EAS	-	0.0000	0.0000	1.0000	0.0000	0.0000	1.0000	EAS	0.0000	0.0000	1.0000	0.0000	0.0000	1.0000	EAS	1	1
HG00445	1KG	CHS	EAS	-	0.0000	0.0000	1.0000	0.0000	0.0000	1.0000	EAS	0.0000	0.0000	1.0000	0.0000	0.0000	1.0000	EAS	1	1
HG00446	1KG	CHS	EAS	-	0.0000	0.0000	1.0000	0.0000	0.0000	1.0000	EAS	0.0000	0.0000	1.0000	0.0000	0.0000	1.0000	EAS	1	1
HG00448	1KG	CHS	EAS	-	0.0000	0.0000	1.0000	0.0000	0.0000	1.0000	EAS	0.0000	0.0000	1.0000	0.0000	0.0000	1.0000	EAS	1	1
HG00449	1KG	CHS	EAS	-	0.0000	0.0000	1.0000	0.0000	0.0000	1.0000	EAS	0.0000	0.0000	1.0000	0.0000	0.0000	1.0000	EAS	1	1
HG00451	1KG	CHS	EAS	-	0.0000	0.0000	1.0000	0.0000	0.0000	1.0000	EAS	0.0000	0.0000	1.0000	0.0000	0.0000	1.0000	EAS	1	1
HG00452	1KG	CHS	EAS	-	0.0000	0.0000	1.0000	0.0000	0.0000	1.0000	EAS	0.0000	0.0000	1.0000	0.0000	0.0000	1.0000	EAS	1	1
HG00463	1KG	CHS	EAS	-	0.0000	0.0000	1.0000	0.0000	0.0000	1.0000	EAS	0.0000	0.0000	1.0000	0.0000	0.0000	1.0000	EAS	1	1
HG00464	1KG	CHS	EAS	-	0.0000	0.0000	1.0000	0.0000	0.0000	1.0000	EAS	0.0000	0.0000	1.0000	0.0000	0.0000	1.0000	EAS	1	1
HG00118	1KG	GBR	EUR	-	0.0000	0.0000	0.0000	1.0000	0.0000	1.0000	EUR	0.0000	0.0000	0.0000	1.0000	0.0000	1.0000	EUR	1	1
HG00119	1KG	GBR	EUR	-	0.0000	0.0000	0.0000	1.0000	0.0000	1.0000	EUR	0.0000	0.0000	0.0000	1.0000	0.0000	1.0000	EUR	1	1
HG00121	1KG	GBR	EUR	-	0.0000	0.0000	0.0000	1.0000	0.0000	1.0000	EUR	0.0000	0.0000	0.0000	1.0000	0.0000	1.0000	EUR	1	1
HG00122	1KG	GBR	EUR	-	0.0000	0.0000	0.0000	1.0000	0.0000	1.0000	EUR	0.0000	0.0000	0.0000	1.0000	0.0000	1.0000	EUR	1	1
HG00123	1KG	GBR	EUR	-	0.0000	0.0000	0.0000	1.0000	0.0000	1.0000	EUR	0.0000	0.0000	0.0000	1.0000	0.0000	1.0000	EUR	1	1
HG00125	1KG	GBR	EUR	-	0.0000	0.0000	0.0000	1.0000	0.0000	1.0000	EUR	0.0000	0.0000	0.0000	1.0000	0.0000	1.0000	EUR	1	1
HG00126	1KG	GBR	EUR	-	0.0000	0.0000	0.0000	1.0000	0.0000	1.0000	EUR	0.0000	0.0000	0.0000	1.0000	0.0000	1.0000	EUR	1	1
HG00159	1KG	GBR	EUR	-	0.0000	0.0000	0.0000	1.0000	0.0000	1.0000	EUR	0.0000	0.0000	0.0000	1.0000	0.0000	1.0000	EUR	1	1
HG00231	1KG	GBR	EUR	-	0.0000	0.0000	0.0000	1.0000	0.0000	1.0000	EUR	0.0000	0.0000	0.0000	1.0000	0.0000	1.0000	EUR	1	1
HG00232	1KG	GBR	EUR	-	0.0000	0.0000	0.0000	1.0000	0.0000	1.0000	EUR	0.0000	0.0000	0.0000	1.0000	0.0000	1.0000	EUR	1	1
HG00236	1KG	GBR	EUR	-	0.0000	0.0000	0.0000	1.0000	0.0000	1.0000	EUR	0.0000	0.0000	0.0000	1.0000	0.0000	1.0000	EUR	1	1
HG00237	1KG	GBR	EUR	-	0.0000	0.0000	0.0000	1.0000	0.0000	1.0000	EUR	0.0000	0.0000	0.0000	1.0000	0.0000	1.0000	EUR	1	1
HG00239	1KG	GBR	EUR	-	0.0000	0.0000	0.0000	1.0000	0.0000	1.0000	EUR	0.0000	0.0000	0.0000	1.0000	0.0000	1.0000	EUR	1	1
HG00242	1KG	GBR	EUR	-	0.0000	0.0000	0.0000	1.0000	0.0000	1.0000	EUR	0.0000	0.0000	0.0000	1.0000	0.0000	1.0000	EUR	1	1
HG00243	1KG	GBR	EUR	-	0.0000	0.0000	0.0000	1.0000	0.0000	1.0000	EUR	0.0000	0.0000	0.0000	1.0000	0.0000	1.0000	EUR	1	1
HG00244	1KG	GBR	EUR	-	0.0000	0.0000	0.0000	1.0000	0.0000	1.0000	EUR	0.0000	0.0000	0.0000	1.0000	0.0000	1.0000	EUR	1	1
HG00245	1KG	GBR	EUR	-	0.0000	0.0000	0.0000	1.0000	0.0000	1.0000	EUR	0.0000	0.0000	0.0000	1.0000	0.0000	1.0000	EUR	1	1
HG00252	1KG	GBR	EUR	-	0.0000	0.0000	0.0000	1.0000	0.0000	1.0000	EUR	0.0000	0.0000	0.0000	1.0000	0.0000	1.0000	EUR	1	1
HG00253	1KG	GBR	EUR	-	0.0000	0.0000	0.0000	1.0000	0.0000	1.0000	EUR	0.0000	0.0000	0.0000	1.0000	0.0000	1.0000	EUR	1	1
HG00254	1KG	GBR	EUR	-	0.0000	0.0000	0.0000	1.0000	0.0000	1.0000	EUR	0.0000	0.0000	0.0000	1.0000	0.0000	1.0000	EUR	1	1
HG00256	1KG	GBR	EUR	-	0.0000	0.0000	0.0000	1.0000	0.0000	1.0000	EUR	0.0000	0.0000	0.0000	1.0000	0.0000	1.0000	EUR	1	1
HG00257	1KG	GBR	EUR	-	0.0000	0.0000	0.0000	1.0000	0.0000	1.0000	EUR	0.0000	0.0000	0.0000	1.0000	0.0000	1.0000	EUR	1	1
HG00258	1KG	GBR	EUR	-	0.0000	0.0000	0.0000	1.0000	0.0000	1.0000	EUR	0.0000	0.0000	0.0000	1.0000	0.0000	1.0000	EUR	1	1
HG00259	1KG	GBR	EUR	-	0.0000	0.0000	0.0000	1.0000	0.0000	1.0000	EUR	0.0000	0.0000	0.0000	1.0000	0.0000	1.0000	EUR	1	1
HG00260	1KG	GBR	EUR	-	0.0000	0.0000	0.0000	1.0000	0.0000	1.0000	EUR	0.0000	0.0000	0.0000	1.0000	0.0000	1.0000	EUR	1	1
HG00261	1KG	GBR	EUR	-	0.0000	0.0000	0.0000	1.0000	0.0000	1.0000	EUR	0.0000	0.0000	0.0000	1.0000	0.0000	1.0000	EUR	1	1
HG00262	1KG	GBR	EUR	-	0.0000	0.0000	0.0000	1.0000	0.0000	1.0000	EUR	0.0000	0.0000	0.0000	1.0000	0.0000	1.0000	EUR	1	1
HG00263	1KG	GBR	EUR	-	0.0000	0.0000	0.0000	1.0000	0.0000	1.0000	EUR	0.0000	0.0000	0.0000	1.0000	0.0000	1.0000	EUR	1	1
HG00264	1KG	GBR	EUR	-	0.0000	0.0000	0.0000	1.0000	0.0000	1.0000	EUR	0.0000	0.0000	0.0000	1.0000	0.0000	1.0000	EUR	1	1
HG00265	1KG	GBR	EUR	-	0.0000	0.0000	0.0000	1.0000	0.0000	1.0000	EUR	0.0000	0.0000	0.0000	1.0000	0.0000	1.0000	EUR	1	1
HG00266	1KG	FIN	EUR	-	0.0000	0.0067	0.0463	0.9469	0.0000	0.9469	EUR	0.0000	0.0070	0.0482	0.9448	0.0000	0.9448	EUR	1	1
HG00267	1KG	FIN	EUR	-	0.0000	0.0071	0.0652	0.9277	0.0000	0.9277	EUR	0.0000	0.0077	0.0667	0.9256	0.0000	0.9256	EUR	1	0
HG00268	1KG	FIN	EUR	-	0.0000	0.0066	0.0361	0.9573	0.0000	0.9573	EUR	0.0000	0.0071	0.0380	0.9549	0.0000	0.9549	EUR	1	1
HG00269	1KG	FIN	EUR	-	0.0000	0.0104	0.0496	0.9399	0.0000	0.9399	EUR	0.0000	0.0111	0.0517	0.9372	0.0000	0.9372	EUR	1	1
HG00271	1KG	FIN	EUR	-	0.0000	0.0091	0.0664	0.9245	0.0000	0.9245	EUR	0.0000	0.0100	0.0683	0.9217	0.0000	0.9217	EUR	1	0
HG00272	1KG	FIN	EUR	-	0.0000	0.0092	0.0776	0.9131	0.0000	0.9131	EUR	0.0000	0.0098	0.0795	0.9108	0.0000	0.9108	EUR	1	0
HG00273	1KG	FIN	EUR	-	0.0000	0.0069	0.0482	0.9449	0.0000	0.9449	EUR	0.0000	0.0075	0.0499	0.9426	0.0000	0.9426	EUR	1	1
HG00306	1KG	FIN	EUR	-	0.0000	0.0059	0.0377	0.9564	0.0000	0.9564	EUR	0.0000	0.0064	0.0393	0.9543	0.0000	0.9543	EUR	1	1
HG00308	1KG	FIN	EUR	-	0.0000	0.0089	0.0565	0.9345	0.0000	0.9345	EUR	0.0000	0.0094	0.0581	0.9325	0.0000	0.9325	EUR	1	1
HG00309	1KG	FIN	EUR	-	0.0000	0.0090	0.0471	0.9440	0.0000	0.9440	EUR	0.0000	0.0094	0.0488	0.9418	0.0000	0.9418	EUR	1	1
HG00311	1KG	FIN	EUR	-	0.0000	0.0075	0.0249	0.9676	0.0000	0.9676	EUR	0.0000	0.0079	0.0267	0.9654	0.0000	0.9654	EUR	1	1
HG00313	1KG	FIN	EUR	-	0.0000	0.0097	0.0553	0.9349	0.0000	0.9349	EUR	0.0000	0.0104	0.0570	0.9326	0.0000	0.9326	EUR	1	1
HG00315	1KG	FIN	EUR	-	0.0000	0.0071	0.0562	0.9368	0.0000	0.9368	EUR	0.0000	0.0078	0.0576	0.9346	0.0000	0.9346	EUR	1	1
HG00318	1KG	FIN	EUR	-	0.0000	0.0073	0.0381	0.9546	0.0000	0.9546	EUR	0.0000	0.0076	0.0396	0.9528	0.0000	0.9528	EUR	1	1
HG00319	1KG	FIN	EUR	-	0.0000	0.0088	0.0477	0.9435	0.0000	0.9435	EUR	0.0000	0.0093	0.0500	0.9407	0.0000	0.9407	EUR	1	1
HG00320	1KG	FIN	EUR	-	0.0000	0.0084	0.0453	0.9462	0.0000	0.9462	EUR	0.0000	0.0089	0.0473	0.9438	0.0000	0.9438	EUR	1	1
HG00321	1KG	FIN	EUR	-	0.0000	0.0103	0.0561	0.9336	0.0000	0.9336	EUR	0.0000	0.0109	0.0578	0.9314	0.0000	0.9314	EUR	1	1
HG00323	1KG	FIN	EUR	-	0.0000	0.0075	0.0601	0.9325	0.0000	0.9325	EUR	0.0000	0.0082	0.0617	0.9300	0.0000	0.9300	EUR	1	1
HG00327	1KG	FIN	EUR	-	0.0000	0.0118	0.0493	0.9388	0.0000	0.9388	EUR	0.0000	0.0124	0.0510	0.9366	0.0000	0.9366	EUR	1	1
HG00328	1KG	FIN	EUR	-	0.0000	0.0098	0.0441	0.9460	0.0000	0.9460	EUR	0.0000	0.0104	0.0457	0.9439	0.0000	0.9439	EUR	1	1
HG00335	1KG	FIN	EUR	-	0.0000	0.0073	0.0383	0.9544	0.0000	0.9544	EUR	0.0000	0.0078	0.0402	0.9520	0.0000	0.9520	EUR	1	1
HG00336	1KG	FIN	EUR	-	0.0000	0.0072	0.0539	0.9390	0.0000	0.9390	EUR	0.0000	0.0077	0.0559	0.9365	0.0000	0.9365	EUR	1	1
HG00337	1KG	FIN	EUR	-	0.0000	0.0055	0.0363	0.9582	0.0000	0.9582	EUR	0.0000	0.0062	0.0378	0.9559	0.0000	0.9559	EUR	1	1
HG00338	1KG	FIN	EUR	-	0.0000	0.0043	0.0487	0.9470	0.0000	0.9470	EUR	0.0000	0.0047	0.0504	0.9448	0.0000	0.9448	EUR	1	1
HG00339	1KG	FIN	EUR	-	0.0000	0.0068	0.0472	0.9460	0.0000	0.9460	EUR	0.0000	0.0073	0.0491	0.9435	0.0000	0.9435	EUR	1	1
HG00342	1KG	FIN	EUR	-	0.0000	0.0074	0.0534	0.9391	0.0000	0.9391	EUR	0.0000	0.0078	0.0552	0.9370	0.0000	0.9370	EUR	1	1
HG00343	1KG	FIN	EUR	-	0.0000	0.0084	0.0521	0.9395	0.0000	0.9395	EUR	0.0000	0.0088	0.0536	0.9376	0.0000	0.9376	EUR	1	1
HG00344	1KG	FIN	EUR	-	0.0000	0.0026	0.0195	0.9780	0.0000	0.9780	EUR	0.0000	0.0032	0.0208	0.9760	0.0000	0.9760	EUR	1	1
HG00345	1KG	FIN	EUR	-	0.0000	0.0122	0.0461	0.9416	0.0000	0.9416	EUR	0.0000	0.0127	0.0479	0.9394	0.0000	0.9394	EUR	1	1
HG00346	1KG	FIN	EUR	-	0.0000	0.0023	0.0432	0.9545	0.0000	0.9545	EUR	0.0000	0.0029	0.0449	0.9522	0.0000	0.9522	EUR	1	1
HG00349	1KG	FIN	EUR	-	0.0000	0.0119	0.0527	0.9354	0.0000	0.9354	EUR	0.0000	0.0126	0.0544	0.9330	0.0000	0.9330	EUR	1	1
HG00350	1KG	FIN	EUR	-	0.0000	0.0032	0.0167	0.9801	0.0000	0.9801	EUR	0.0000	0.0034	0.0182	0.9784	0.0000	0.9784	EUR	1	1
HG00351	1KG	FIN	EUR	-	0.0000	0.0093	0.0462	0.9445	0.0000	0.9445	EUR	0.0000	0.0098	0.0477	0.9425	0.0000	0.9425	EUR	1	1
HG00353	1KG	FIN	EUR	-	0.0000	0.0079	0.0594	0.9327	0.0000	0.9327	EUR	0.0000	0.0085	0.0609	0.9305	0.0000	0.9305	EUR	1	1
HG00355	1KG	FIN	EUR	-	0.0000	0.0059	0.0383	0.9558	0.0000	0.9558	EUR	0.0000	0.0065	0.0401	0.9534	0.0000	0.9534	EUR	1	1
HG00356	1KG	FIN	EUR	-	0.0000	0.0105	0.0443	0.9451	0.0000	0.9451	EUR	0.0000	0.0112	0.0457	0.9431	0.0000	0.9431	EUR	1	1
HG00357	1KG	FIN	EUR	-	0.0000	0.0062	0.0443	0.9495	0.0000	0.9495	EUR	0.0000	0.0067	0.0459	0.9474	0.0000	0.9474	EUR	1	1
HG00358	1KG	FIN	EUR	-	0.0000	0.0151	0.0680	0.9169	0.0000	0.9169	EUR	0.0000	0.0158	0.0698	0.9144	0.0000	0.9144	EUR	1	0
HG00360	1KG	FIN	EUR	-	0.0000	0.0057	0.0427	0.9516	0.0000	0.9516	EUR	0.0000	0.0061	0.0448	0.9490	0.0000	0.9490	EUR	1	1
HG00362	1KG	FIN	EUR	-	0.0000	0.0076	0.0387	0.9537	0.0000	0.9537	EUR	0.0000	0.0083	0.0401	0.9516	0.0000	0.9516	EUR	1	1
HG00364	1KG	FIN	EUR	-	0.0000	0.0076	0.0458	0.9465	0.0000	0.9465	EUR	0.0000	0.0079	0.0477	0.9444	0.0000	0.9444	EUR	1	1
HG00365	1KG	FIN	EUR	-	0.0000	0.0049	0.0637	0.9314	0.0000	0.9314	EUR	0.0000	0.0053	0.0658	0.9289	0.0000	0.9289	EUR	1	1
HG00366	1KG	FIN	EUR	-	0.0000	0.0064	0.0509	0.9427	0.0000	0.9427	EUR	0.0000	0.0070	0.0523	0.9407	0.0000	0.9407	EUR	1	1
HG00367	1KG	FIN	EUR	-	0.0000	0.0098	0.0522	0.9380	0.0000	0.9380	EUR	0.0000	0.0103	0.0544	0.9353	0.0000	0.9353	EUR	1	1
HG00368	1KG	FIN	EUR	-	0.0000	0.0106	0.0626	0.9268	0.0000	0.9268	EUR	0.0000	0.0113	0.0644	0.9242	0.0000	0.9242	EUR	1	0
HG00369	1KG	FIN	EUR	-	0.0000	0.0093	0.0519	0.9388	0.0000	0.9388	EUR	0.0000	0.0100	0.0540	0.9360	0.0000	0.9360	EUR	1	1
HG00371	1KG	FIN	EUR	-	0.0000	0.0080	0.0487	0.9433	0.0000	0.9433	EUR	0.0000	0.0085	0.0504	0.9410	0.0000	0.9410	EUR	1	1
HG00372	1KG	FIN	EUR	-	0.0000	0.0098	0.0458	0.9443	0.0000	0.9443	EUR	0.0000	0.0103	0.0473	0.9424	0.0000	0.9424	EUR	1	1
HG00373	1KG	FIN	EUR	-	0.0000	0.0093	0.0642	0.9265	0.0000	0.9265	EUR	0.0000	0.0099	0.0660	0.9241	0.0000	0.9241	EUR	1	0
HG00375	1KG	FIN	EUR	-	0.0000	0.0101	0.0502	0.9397	0.0000	0.9397	EUR	0.0000	0.0104	0.0520	0.9375	0.0000	0.9375	EUR	1	1
HG00376	1KG	FIN	EUR	-	0.0000	0.0034	0.0332	0.9633	0.0000	0.9633	EUR	0.0000	0.0040	0.0350	0.9609	0.0000	0.9609	EUR	1	1
HG00378	1KG	FIN	EUR	-	0.0000	0.0042	0.0516	0.9442	0.0000	0.9442	EUR	0.0000	0.0046	0.0533	0.9421	0.0000	0.9421	EUR	1	1
HG00379	1KG	FIN	EUR	-	0.0000	0.0072	0.0414	0.9513	0.0000	0.9513	EUR	0.0000	0.0078	0.0432	0.9490	0.0000	0.9490	EUR	1	1
HG00380	1KG	FIN	EUR	-	0.0000	0.0027	0.0246	0.9727	0.0000	0.9727	EUR	0.0000	0.0029	0.0265	0.9706	0.0000	0.9706	EUR	1	1
HG00381	1KG	FIN	EUR	-	0.0000	0.0049	0.0394	0.9557	0.0000	0.9557	EUR	0.0000	0.0055	0.0412	0.9533	0.0000	0.9533	EUR	1	1
HG00382	1KG	FIN	EUR	-	0.0000	0.0062	0.0592	0.9347	0.0000	0.9347	EUR	0.0000	0.0068	0.0604	0.9328	0.0000	0.9328	EUR	1	1
HG00384	1KG	FIN	EUR	-	0.0000	0.0058	0.0499	0.9443	0.0000	0.9443	EUR	0.0000	0.0062	0.0515	0.9423	0.0000	0.9423	EUR	1	1
HG00403	1KG	CHS	EAS	-	0.0000	0.0000	1.0000	0.0000	0.0000	1.0000	EAS	0.0000	0.0000	1.0000	0.0000	0.0000	1.0000	EAS	1	1
HG00404	1KG	CHS	EAS	-	0.0000	0.0000	1.0000	0.0000	0.0000	1.0000	EAS	0.0000	0.0000	1.0000	0.0000	0.0000	1.0000	EAS	1	1
HG00406	1KG	CHS	EAS	-	0.0000	0.0000	1.0000	0.0000	0.0000	1.0000	EAS	0.0000	0.0000	1.0000	0.0000	0.0000	1.0000	EAS	1	1
HG00407	1KG	CHS	EAS	-	0.0000	0.0000	1.0000	0.0000	0.0000	1.0000	EAS	0.0000	0.0000	1.0000	0.0000	0.0000	1.0000	EAS	1	1
HG00419	1KG	CHS	EAS	-	0.0000	0.0000	1.0000	0.0000	0.0000	1.0000	EAS	0.0000	0.0000	1.0000	0.0000	0.0000	1.0000	EAS	1	1
HG00421	1KG	CHS	EAS	-	0.0000	0.0000	1.0000	0.0000	0.0000	1.0000	EAS	0.0000	0.0000	1.0000	0.0000	0.0000	1.0000	EAS	1	1
HG00422	1KG	CHS	EAS	-	0.0000	0.0000	1.0000	0.0000	0.0000	1.0000	EAS	0.0000	0.0000	1.0000	0.0000	0.0000	1.0000	EAS	1	1
HG00428	1KG	CHS	EAS	-	0.0000	0.0000	1.0000	0.0000	0.0000	1.0000	EAS	0.0000	0.0000	1.0000	0.0000	0.0000	1.0000	EAS	1	1
HG00436	1KG	CHS	EAS	-	0.0000	0.0000	1.0000	0.0000	0.0000	1.0000	EAS	0.0000	0.0000	1.0000	0.0000	0.0000	1.0000	EAS	1	1
HG00437	1KG	CHS	EAS	-	0.0000	0.0000	1.0000	0.0000	0.0000	1.0000	EAS	0.0000	0.0000	1.0000	0.0000	0.0000	1.0000	EAS	1	1
HG00457	1KG	CHS	EAS	-	0.0000	0.0000	1.0000	0.0000	0.0000	1.0000	EAS	0.0000	0.0000	1.0000	0.0000	0.0000	1.0000	EAS	1	1
HG00458	1KG	CHS	EAS	-	0.0000	0.0000	1.0000	0.0000	0.0000	1.0000	EAS	0.0000	0.0000	1.0000	0.0000	0.0000	1.0000	EAS	1	1
HG00472	1KG	CHS	EAS	-	0.0000	0.0000	1.0000	0.0000	0.0000	1.0000	EAS	0.0000	0.0000	1.0000	0.0000	0.0000	1.0000	EAS	1	1
HG00473	1KG	CHS	EAS	-	0.0000	0.0000	1.0000	0.0000	0.0000	1.0000	EAS	0.0000	0.0000	1.0000	0.0000	0.0000	1.0000	EAS	1	1
HG00478	1KG	CHS	EAS	-	0.0000	0.0000	1.0000	0.0000	0.0000	1.0000	EAS	0.0000	0.0000	1.0000	0.0000	0.0000	1.0000	EAS	1	1
HG00479	1KG	CHS	EAS	-	0.0000	0.0000	1.0000	0.0000	0.0000	1.0000	EAS	0.0000	0.0000	1.0000	0.0000	0.0000	1.0000	EAS	1	1
HG00500	1KG	CHS	EAS	-	0.0000	0.0000	1.0000	0.0000	0.0000	1.0000	EAS	0.0000	0.0000	1.0000	0.0000	0.0000	1.0000	EAS	1	1
HG00513	1KG	CHS	EAS	-	0.0000	0.0000	1.0000	0.0000	0.0000	1.0000	EAS	0.0000	0.0000	1.0000	0.0000	0.0000	1.0000	EAS	1	1
HG00524	1KG	CHS	EAS	-	0.0000	0.0000	1.0000	0.0000	0.0000	1.0000	EAS	0.0000	0.0000	1.0000	0.0000	0.0000	1.0000	EAS	1	1
HG00525	1KG	CHS	EAS	-	0.0000	0.0000	1.0000	0.0000	0.0000	1.0000	EAS	0.0000	0.0000	1.0000	0.0000	0.0000	1.0000	EAS	1	1
HG00530	1KG	CHS	EAS	-	0.0000	0.0000	1.0000	0.0000	0.0000	1.0000	EAS	0.0000	0.0000	1.0000	0.0000	0.0000	1.0000	EAS	1	1
HG00531	1KG	CHS	EAS	-	0.0000	0.0000	1.0000	0.0000	0.0000	1.0000	EAS	0.0000	0.0000	1.0000	0.0000	0.0000	1.0000	EAS	1	1
HG00533	1KG	CHS	EAS	-	0.0000	0.0000	1.0000	0.0000	0.0000	1.0000	EAS	0.0000	0.0000	1.0000	0.0000	0.0000	1.0000	EAS	1	1
HG00534	1KG	CHS	EAS	-	0.0000	0.0000	1.0000	0.0000	0.0000	1.0000	EAS	0.0000	0.0000	1.0000	0.0000	0.0000	1.0000	EAS	1	1
HG00536	1KG	CHS	EAS	-	0.0000	0.0000	1.0000	0.0000	0.0000	1.0000	EAS	0.0000	0.0000	1.0000	0.0000	0.0000	1.0000	EAS	1	1
HG00537	1KG	CHS	EAS	-	0.0000	0.0000	1.0000	0.0000	0.0000	1.0000	EAS	0.0000	0.0000	1.0000	0.0000	0.0000	1.0000	EAS	1	1
HG00542	1KG	CHS	EAS	-	0.0000	0.0000	1.0000	0.0000	0.0000	1.0000	EAS	0.0000	0.0000	1.0000	0.0000	0.0000	1.0000	EAS	1	1
HG00543	1KG	CHS	EAS	-	0.0000	0.0000	1.0000	0.0000	0.0000	1.0000	EAS	0.0000	0.0000	1.0000	0.0000	0.0000	1.0000	EAS	1	1
HG00553	1KG	PUR	AMR	-	0.1884	0.1556	0.0000	0.6560	0.0000	0.6560	EUR	0.1885	0.1561	0.0000	0.6553	0.0000	0.6553	EUR	1	0
HG00554	1KG	PUR	AMR	-	0.0794	0.0864	0.0000	0.8341	0.0000	0.8341	EUR	0.0796	0.0871	0.0000	0.8333	0.0000	0.8333	EUR	1	0
HG00556	1KG	CHS	EAS	-	0.0000	0.0000	1.0000	0.0000	0.0000	1.0000	EAS	0.0000	0.0000	1.0000	0.0000	0.0000	1.0000	EAS	1	1
HG00557	1KG	CHS	EAS	-	0.0000	0.0000	1.0000	0.0000	0.0000	1.0000	EAS	0.0000	0.0000	1.0000	0.0000	0.0000	1.0000	EAS	1	1
HG00559	1KG	CHS	EAS	-	0.0000	0.0000	1.0000	0.0000	0.0000	1.0000	EAS	0.0000	0.0000	1.0000	0.0000	0.0000	1.0000	EAS	1	1
HG00560	1KG	CHS	EAS	-	0.0000	0.0000	1.0000	0.0000	0.0000	1.0000	EAS	0.0000	0.0000	1.0000	0.0000	0.0000	1.0000	EAS	1	1
HG00565	1KG	CHS	EAS	-	0.0000	0.0000	1.0000	0.0000	0.0000	1.0000	EAS	0.0000	0.0000	1.0000	0.0000	0.0000	1.0000	EAS	1	1
HG00566	1KG	CHS	EAS	-	0.0000	0.0000	1.0000	0.0000	0.0000	1.0000	EAS	0.0000	0.0000	1.0000	0.0000	0.0000	1.0000	EAS	1	1
HG00583	1KG	CHS	EAS	-	0.0000	0.0000	1.0000	0.0000	0.0000	1.0000	EAS	0.0000	0.0000	1.0000	0.0000	0.0000	1.0000	EAS	1	1
HG00584	1KG	CHS	EAS	-	0.0000	0.0000	1.0000	0.0000	0.0000	1.0000	EAS	0.0000	0.0000	1.0000	0.0000	0.0000	1.0000	EAS	1	1
HG00589	1KG	CHS	EAS	-	0.0000	0.0000	1.0000	0.0000	0.0000	1.0000	EAS	0.0000	0.0000	1.0000	0.0000	0.0000	1.0000	EAS	1	1
HG00590	1KG	CHS	EAS	-	0.0000	0.0000	1.0000	0.0000	0.0000	1.0000	EAS	0.0000	0.0000	1.0000	0.0000	0.0000	1.0000	EAS	1	1
HG00592	1KG	CHS	EAS	-	0.0000	0.0000	0.9934	0.0066	0.0000	0.9934	EAS	0.0000	0.0000	0.9914	0.0086	0.0000	0.9914	EAS	1	1
HG00593	1KG	CHS	EAS	-	0.0000	0.0000	1.0000	0.0000	0.0000	1.0000	EAS	0.0000	0.0000	1.0000	0.0000	0.0000	1.0000	EAS	1	1
HG00607	1KG	CHS	EAS	-	0.0000	0.0000	1.0000	0.0000	0.0000	1.0000	EAS	0.0000	0.0000	1.0000	0.0000	0.0000	1.0000	EAS	1	1
HG00608	1KG	CHS	EAS	-	0.0000	0.0000	1.0000	0.0000	0.0000	1.0000	EAS	0.0000	0.0000	1.0000	0.0000	0.0000	1.0000	EAS	1	1
HG00610	1KG	CHS	EAS	-	0.0000	0.0000	1.0000	0.0000	0.0000	1.0000	EAS	0.0000	0.0000	1.0000	0.0000	0.0000	1.0000	EAS	1	1
HG00611	1KG	CHS	EAS	-	0.0000	0.0000	1.0000	0.0000	0.0000	1.0000	EAS	0.0000	0.0000	1.0000	0.0000	0.0000	1.0000	EAS	1	1
HG00613	1KG	CHS	EAS	-	0.0000	0.0000	1.0000	0.0000	0.0000	1.0000	EAS	0.0000	0.0000	1.0000	0.0000	0.0000	1.0000	EAS	1	1
HG00614	1KG	CHS	EAS	-	0.0000	0.0000	1.0000	0.0000	0.0000	1.0000	EAS	0.0000	0.0000	1.0000	0.0000	0.0000	1.0000	EAS	1	1
HG00619	1KG	CHS	EAS	-	0.0000	0.0000	1.0000	0.0000	0.0000	1.0000	EAS	0.0000	0.0000	1.0000	0.0000	0.0000	1.0000	EAS	1	1
HG00620	1KG	CHS	EAS	-	0.0000	0.0000	1.0000	0.0000	0.0000	1.0000	EAS	0.0000	0.0000	1.0000	0.0000	0.0000	1.0000	EAS	1	1
HG00625	1KG	CHS	EAS	-	0.0000	0.0000	1.0000	0.0000	0.0000	1.0000	EAS	0.0000	0.0000	1.0000	0.0000	0.0000	1.0000	EAS	1	1
HG00626	1KG	CHS	EAS	-	0.0000	0.0000	1.0000	0.0000	0.0000	1.0000	EAS	0.0000	0.0000	1.0000	0.0000	0.0000	1.0000	EAS	1	1
HG00628	1KG	CHS	EAS	-	0.0000	0.0000	1.0000	0.0000	0.0000	1.0000	EAS	0.0000	0.0000	1.0000	0.0000	0.0000	1.0000	EAS	1	1
HG00629	1KG	CHS	EAS	-	0.0000	0.0000	1.0000	0.0000	0.0000	1.0000	EAS	0.0000	0.0000	1.0000	0.0000	0.0000	1.0000	EAS	1	1
HG00634	1KG	CHS	EAS	-	0.0000	0.0000	1.0000	0.0000	0.0000	1.0000	EAS	0.0000	0.0000	1.0000	0.0000	0.0000	1.0000	EAS	1	1
HG00637	1KG	PUR	AMR	-	0.1559	0.1008	0.0000	0.7433	0.0000	0.7433	EUR	0.1561	0.1013	0.0000	0.7425	0.0000	0.7425	EUR	1	0
HG00638	1KG	PUR	AMR	-	0.1740	0.1185	0.0000	0.7074	0.0000	0.7074	EUR	0.1742	0.1191	0.0000	0.7067	0.0000	0.7067	EUR	1	0
HG00640	1KG	PUR	AMR	-	0.0762	0.0856	0.0000	0.8382	0.0000	0.8382	EUR	0.0764	0.0862	0.0000	0.8374	0.0000	0.8374	EUR	1	0
HG00641	1KG	PUR	AMR	-	0.0887	0.1214	0.0000	0.7899	0.0000	0.7899	EUR	0.0890	0.1220	0.0000	0.7890	0.0000	0.7890	EUR	1	0
HG00650	1KG	CHS	EAS	-	0.0000	0.0000	1.0000	0.0000	0.0000	1.0000	EAS	0.0000	0.0000	1.0000	0.0000	0.0000	1.0000	EAS	1	1
HG00651	1KG	CHS	EAS	-	0.0000	0.0000	1.0000	0.0000	0.0000	1.0000	EAS	0.0000	0.0000	1.0000	0.0000	0.0000	1.0000	EAS	1	1
HG00653	1KG	CHS	EAS	-	0.0000	0.0000	1.0000	0.0000	0.0000	1.0000	EAS	0.0000	0.0000	1.0000	0.0000	0.0000	1.0000	EAS	1	1
HG00654	1KG	CHS	EAS	-	0.0000	0.0000	1.0000	0.0000	0.0000	1.0000	EAS	0.0000	0.0000	1.0000	0.0000	0.0000	1.0000	EAS	1	1
HG00656	1KG	CHS	EAS	-	0.0000	0.0000	1.0000	0.0000	0.0000	1.0000	EAS	0.0000	0.0000	1.0000	0.0000	0.0000	1.0000	EAS	1	1
HG00657	1KG	CHS	EAS	-	0.0000	0.0000	1.0000	0.0000	0.0000	1.0000	EAS	0.0000	0.0000	1.0000	0.0000	0.0000	1.0000	EAS	1	1
HG00662	1KG	CHS	EAS	-	0.0000	0.0000	1.0000	0.0000	0.0000	1.0000	EAS	0.0000	0.0000	1.0000	0.0000	0.0000	1.0000	EAS	1	1
HG00663	1KG	CHS	EAS	-	0.0000	0.0000	1.0000	0.0000	0.0000	1.0000	EAS	0.0000	0.0000	1.0000	0.0000	0.0000	1.0000	EAS	1	1
HG00671	1KG	CHS	EAS	-	0.0000	0.0000	1.0000	0.0000	0.0000	1.0000	EAS	0.0000	0.0000	1.0000	0.0000	0.0000	1.0000	EAS	1	1
HG00672	1KG	CHS	EAS	-	0.0000	0.0000	1.0000	0.0000	0.0000	1.0000	EAS	0.0000	0.0000	1.0000	0.0000	0.0000	1.0000	EAS	1	1
HG00683	1KG	CHS	EAS	-	0.0000	0.0000	1.0000	0.0000	0.0000	1.0000	EAS	0.0000	0.0000	1.0000	0.0000	0.0000	1.0000	EAS	1	1
HG00684	1KG	CHS	EAS	-	0.0000	0.0000	1.0000	0.0000	0.0000	1.0000	EAS	0.0000	0.0000	1.0000	0.0000	0.0000	1.0000	EAS	1	1
HG00689	1KG	CHS	EAS	-	0.0000	0.0000	1.0000	0.0000	0.0000	1.0000	EAS	0.0000	0.0000	1.0000	0.0000	0.0000	1.0000	EAS	1	1
HG00690	1KG	CHS	EAS	-	0.0000	0.0000	1.0000	0.0000	0.0000	1.0000	EAS	0.0000	0.0000	1.0000	0.0000	0.0000	1.0000	EAS	1	1
HG00692	1KG	CHS	EAS	-	0.0000	0.0000	1.0000	0.0000	0.0000	1.0000	EAS	0.0000	0.0000	1.0000	0.0000	0.0000	1.0000	EAS	1	1
HG00693	1KG	CHS	EAS	-	0.0000	0.0000	1.0000	0.0000	0.0000	1.0000	EAS	0.0000	0.0000	1.0000	0.0000	0.0000	1.0000	EAS	1	1
HG00698	1KG	CHS	EAS	-	0.0000	0.0000	1.0000	0.0000	0.0000	1.0000	EAS	0.0000	0.0000	1.0000	0.0000	0.0000	1.0000	EAS	1	1
HG00699	1KG	CHS	EAS	-	0.0000	0.0000	1.0000	0.0000	0.0000	1.0000	EAS	0.0000	0.0000	1.0000	0.0000	0.0000	1.0000	EAS	1	1
HG00701	1KG	CHS	EAS	-	0.0000	0.0000	1.0000	0.0000	0.0000	1.0000	EAS	0.0000	0.0000	1.0000	0.0000	0.0000	1.0000	EAS	1	1
HG00704	1KG	CHS	EAS	-	0.0000	0.0000	1.0000	0.0000	0.0000	1.0000	EAS	0.0000	0.0000	1.0000	0.0000	0.0000	1.0000	EAS	1	1
HG00705	1KG	CHS	EAS	-	0.0000	0.0000	1.0000	0.0000	0.0000	1.0000	EAS	0.0000	0.0000	1.0000	0.0000	0.0000	1.0000	EAS	1	1
HG00707	1KG	CHS	EAS	-	0.0000	0.0000	1.0000	0.0000	0.0000	1.0000	EAS	0.0000	0.0000	1.0000	0.0000	0.0000	1.0000	EAS	1	1
HG00708	1KG	CHS	EAS	-	0.0000	0.0000	1.0000	0.0000	0.0000	1.0000	EAS	0.0000	0.0000	1.0000	0.0000	0.0000	1.0000	EAS	1	1
HG00717	1KG	CHS	EAS	-	0.0000	0.0000	1.0000	0.0000	0.0000	1.0000	EAS	0.0000	0.0000	1.0000	0.0000	0.0000	1.0000	EAS	1	1
HG00731	1KG	PUR	AMR	-	0.0288	0.0570	0.0000	0.9141	0.0000	0.9141	EUR	0.0291	0.0575	0.0000	0.9134	0.0000	0.9134	EUR	1	0
HG00732	1KG	PUR	AMR	-	0.0582	0.0989	0.0000	0.8429	0.0000	0.8429	EUR	0.0585	0.0995	0.0000	0.8420	0.0000	0.8420	EUR	1	0
HG00736	1KG	PUR	AMR	-	0.0595	0.0822	0.0000	0.8583	0.0000	0.8583	EUR	0.0598	0.0829	0.0000	0.8574	0.0000	0.8574	EUR	1	0
HG00737	1KG	PUR	AMR	-	0.0829	0.0801	0.0000	0.8370	0.0000	0.8370	EUR	0.0831	0.0807	0.0000	0.8361	0.0000	0.8361	EUR	1	0
HG00739	1KG	PUR	AMR	-	0.0524	0.0474	0.0000	0.9002	0.0000	0.9002	EUR	0.0526	0.0479	0.0000	0.8994	0.0000	0.8994	EUR	1	0
HG00740	1KG	PUR	AMR	-	0.1239	0.1108	0.0000	0.7652	0.0000	0.7652	EUR	0.1242	0.1114	0.0000	0.7644	0.0000	0.7644	EUR	1	0
HG01047	1KG	PUR	AMR	-	0.0815	0.0711	0.0000	0.8474	0.0000	0.8474	EUR	0.0817	0.0716	0.0000	0.8466	0.0000	0.8466	EUR	1	0
HG01048	1KG	PUR	AMR	-	0.1107	0.1107	0.0000	0.7786	0.0000	0.7786	EUR	0.1109	0.1113	0.0000	0.7778	0.0000	0.7778	EUR	1	0
HG01049	1KG	PUR	AMR	-	0.2355	0.0996	0.0000	0.6649	0.0000	0.6649	EUR	0.2356	0.1002	0.0000	0.6642	0.0000	0.6642	EUR	1	0
HG01054	1KG	PUR	AMR	-	0.0628	0.1286	0.0000	0.8086	0.0000	0.8086	EUR	0.0630	0.1292	0.0000	0.8077	0.0000	0.8077	EUR	1	0
HG01055	1KG	PUR	AMR	-	0.1295	0.0843	0.0000	0.7862	0.0000	0.7862	EUR	0.1297	0.0848	0.0000	0.7855	0.0000	0.7855	EUR	1	0
HG01066	1KG	PUR	AMR	-	0.0711	0.0981	0.0000	0.8308	0.0000	0.8308	EUR	0.0714	0.0986	0.0000	0.8300	0.0000	0.8300	EUR	1	0
HG01067	1KG	PUR	AMR	-	0.0791	0.1079	0.0000	0.8129	0.0000	0.8129	EUR	0.0793	0.1085	0.0000	0.8122	0.0000	0.8122	EUR	1	0
HG01079	1KG	PUR	AMR	-	0.1652	0.0978	0.0000	0.7369	0.0000	0.7369	EUR	0.1654	0.0983	0.0000	0.7362	0.0000	0.7362	EUR	1	0
HG01080	1KG	PUR	AMR	-	0.0928	0.1606	0.0000	0.7466	0.0000	0.7466	EUR	0.0930	0.1613	0.0000	0.7457	0.0000	0.7457	EUR	1	0
HG01097	1KG	PUR	AMR	-	0.0943	0.1188	0.0000	0.7869	0.0000	0.7869	EUR	0.0945	0.1194	0.0000	0.7861	0.0000	0.7861	EUR	1	0
HG01098	1KG	PUR	AMR	-	0.0945	0.1121	0.0000	0.7935	0.0000	0.7935	EUR	0.0947	0.1126	0.0000	0.7927	0.0000	0.7927	EUR	1	0
NA19913	1KG	ASW	AFR	-	0.8397	0.0083	0.0042	0.1477	0.0000	0.8397	AFR	0.8397	0.0084	0.0043	0.1477	0.0000	0.8397	AFR	1	0
NA20320	1KG	ASW	AFR	-	0.8840	0.0105	0.0092	0.0963	0.0000	0.8840	AFR	0.8840	0.0105	0.0092	0.0963	0.0000	0.8840	AFR	1	0
HG00734	1KG	PUR	AMR	-	0.1065	0.1631	0.0000	0.7304	0.0000	0.7304	EUR	0.1067	0.1637	0.0000	0.7296	0.0000	0.7296	EUR	1	0
HG00246	1KG	GBR	EUR	-	0.0000	0.0000	0.0000	1.0000	0.0000	1.0000	EUR	0.0000	0.0000	0.0000	1.0000	0.0000	1.0000	EUR	1	1
HG00250	1KG	GBR	EUR	-	0.0000	0.0000	0.0000	1.0000	0.0000	1.0000	EUR	0.0000	0.0000	0.0000	1.0000	0.0000	1.0000	EUR	1	1
HG00251	1KG	GBR	EUR	-	0.0000	0.0000	0.0000	1.0000	0.0000	1.0000	EUR	0.0000	0.0000	0.0000	1.0000	0.0000	1.0000	EUR	1	1
HG00274	1KG	FIN	EUR	-	0.0000	0.0078	0.0382	0.9540	0.0000	0.9540	EUR	0.0000	0.0083	0.0400	0.9516	0.0000	0.9516	EUR	1	1
HG00275	1KG	FIN	EUR	-	0.0000	0.0055	0.0366	0.9579	0.0000	0.9579	EUR	0.0000	0.0061	0.0382	0.9557	0.0000	0.9557	EUR	1	1
HG00276	1KG	FIN	EUR	-	0.0000	0.0110	0.0511	0.9379	0.0000	0.9379	EUR	0.0000	0.0114	0.0528	0.9358	0.0000	0.9358	EUR	1	1
HG00277	1KG	FIN	EUR	-	0.0000	0.0031	0.0305	0.9663	0.0000	0.9663	EUR	0.0000	0.0036	0.0321	0.9643	0.0000	0.9643	EUR	1	1
HG00278	1KG	FIN	EUR	-	0.0000	0.0074	0.0470	0.9457	0.0000	0.9457	EUR	0.0000	0.0079	0.0489	0.9433	0.0000	0.9433	EUR	1	1
HG00280	1KG	FIN	EUR	-	0.0000	0.0045	0.0496	0.9459	0.0000	0.9459	EUR	0.0000	0.0051	0.0521	0.9428	0.0000	0.9428	EUR	1	1
HG00281	1KG	FIN	EUR	-	0.0000	0.0093	0.0522	0.9385	0.0000	0.9385	EUR	0.0000	0.0097	0.0543	0.9360	0.0000	0.9360	EUR	1	1
HG00282	1KG	FIN	EUR	-	0.0000	0.0067	0.0552	0.9381	0.0000	0.9381	EUR	0.0000	0.0070	0.0571	0.9359	0.0000	0.9359	EUR	1	1
HG00284	1KG	FIN	EUR	-	0.0000	0.0088	0.0442	0.9470	0.0000	0.9470	EUR	0.0000	0.0093	0.0459	0.9447	0.0000	0.9447	EUR	1	1
HG00285	1KG	FIN	EUR	-	0.0000	0.0089	0.0597	0.9314	0.0000	0.9314	EUR	0.0000	0.0095	0.0615	0.9290	0.0000	0.9290	EUR	1	1
HG00310	1KG	FIN	EUR	-	0.0000	0.0069	0.0386	0.9544	0.0000	0.9544	EUR	0.0000	0.0073	0.0411	0.9516	0.0000	0.9516	EUR	1	1
HG00324	1KG	FIN	EUR	-	0.0000	0.0113	0.0533	0.9353	0.0000	0.9353	EUR	0.0000	0.0120	0.0550	0.9330	0.0000	0.9330	EUR	1	1
HG00325	1KG	FIN	EUR	-	0.0000	0.0103	0.0656	0.9241	0.0000	0.9241	EUR	0.0000	0.0109	0.0675	0.9216	0.0000	0.9216	EUR	1	0
HG00326	1KG	FIN	EUR	-	0.0000	0.0067	0.0499	0.9434	0.0000	0.9434	EUR	0.0000	0.0075	0.0519	0.9406	0.0000	0.9406	EUR	1	1
HG00329	1KG	FIN	EUR	-	0.0000	0.0055	0.0359	0.9585	0.0000	0.9585	EUR	0.0000	0.0058	0.0378	0.9564	0.0000	0.9564	EUR	1	1
HG00330	1KG	FIN	EUR	-	0.0000	0.0093	0.0516	0.9391	0.0000	0.9391	EUR	0.0000	0.0098	0.0535	0.9367	0.0000	0.9367	EUR	1	1
HG00331	1KG	FIN	EUR	-	0.0000	0.0058	0.0485	0.9457	0.0000	0.9457	EUR	0.0000	0.0062	0.0503	0.9435	0.0000	0.9435	EUR	1	1
HG00332	1KG	FIN	EUR	-	0.0000	0.0076	0.0499	0.9425	0.0000	0.9425	EUR	0.0000	0.0084	0.0517	0.9399	0.0000	0.9399	EUR	1	1
HG00334	1KG	FIN	EUR	-	0.0000	0.0034	0.0360	0.9607	0.0000	0.9607	EUR	0.0000	0.0042	0.0373	0.9586	0.0000	0.9586	EUR	1	1
HG00341	1KG	FIN	EUR	-	0.0000	0.0053	0.0395	0.9552	0.0000	0.9552	EUR	0.0004	0.0058	0.0410	0.9528	0.0000	0.9528	EUR	1	1
HG00383	1KG	FIN	EUR	-	0.0000	0.0094	0.0585	0.9321	0.0000	0.9321	EUR	0.0000	0.0098	0.0601	0.9300	0.0000	0.9300	EUR	1	1
HG00551	1KG	PUR	AMR	-	0.0868	0.1136	0.0000	0.7996	0.0000	0.7996	EUR	0.0870	0.1141	0.0000	0.7988	0.0000	0.7988	EUR	1	0
HG01051	1KG	PUR	AMR	-	0.2222	0.1487	0.0000	0.6291	0.0000	0.6291	EUR	0.2224	0.1492	0.0000	0.6284	0.0000	0.6284	EUR	1	0
HG01052	1KG	PUR	AMR	-	0.2253	0.1416	0.0000	0.6331	0.0000	0.6331	EUR	0.2254	0.1421	0.0000	0.6325	0.0000	0.6325	EUR	1	0
HG01060	1KG	PUR	AMR	-	0.0912	0.0846	0.0000	0.8242	0.0000	0.8242	EUR	0.0914	0.0851	0.0000	0.8235	0.0000	0.8235	EUR	1	0
HG01061	1KG	PUR	AMR	-	0.0710	0.1029	0.0000	0.8261	0.0000	0.8261	EUR	0.0712	0.1036	0.0000	0.8252	0.0000	0.8252	EUR	1	0
HG01069	1KG	PUR	AMR	-	0.0849	0.1264	0.0000	0.7887	0.0000	0.7887	EUR	0.0852	0.1269	0.0000	0.7879	0.0000	0.7879	EUR	1	0
HG01070	1KG	PUR	AMR	-	0.0562	0.1164	0.0000	0.8274	0.0000	0.8274	EUR	0.0564	0.1170	0.0000	0.8265	0.0000	0.8265	EUR	1	0
HG01072	1KG	PUR	AMR	-	0.0832	0.1079	0.0000	0.8089	0.0000	0.8089	EUR	0.0834	0.1084	0.0000	0.8082	0.0000	0.8082	EUR	1	0
HG01073	1KG	PUR	AMR	-	0.0825	0.1216	0.0000	0.7959	0.0000	0.7959	EUR	0.0826	0.1222	0.0000	0.7951	0.0000	0.7951	EUR	1	0
HG01075	1KG	PUR	AMR	-	0.0995	0.0388	0.0000	0.8617	0.0000	0.8617	EUR	0.0997	0.0393	0.0000	0.8610	0.0000	0.8610	EUR	1	0
HG01082	1KG	PUR	AMR	-	0.2029	0.1200	0.0000	0.6770	0.0000	0.6770	EUR	0.2031	0.1206	0.0000	0.6763	0.0000	0.6763	EUR	1	0
HG01083	1KG	PUR	AMR	-	0.0980	0.1278	0.0000	0.7742	0.0000	0.7742	EUR	0.0982	0.1284	0.0000	0.7734	0.0000	0.7734	EUR	1	0
HG01085	1KG	PUR	AMR	-	0.1254	0.0930	0.0000	0.7816	0.0000	0.7816	EUR	0.1256	0.0934	0.0000	0.7809	0.0000	0.7809	EUR	1	0
HG01086	1KG	PUR	AMR	-	0.1387	0.1480	0.0000	0.7132	0.0000	0.7132	EUR	0.1389	0.1487	0.0000	0.7124	0.0000	0.7124	EUR	1	0
HG01094	1KG	PUR	AMR	-	0.1337	0.0935	0.0000	0.7727	0.0000	0.7727	EUR	0.1339	0.0940	0.0000	0.7720	0.0000	0.7720	EUR	1	0
HG01095	1KG	PUR	AMR	-	0.1132	0.1010	0.0000	0.7857	0.0000	0.7857	EUR	0.1134	0.1016	0.0000	0.7849	0.0000	0.7849	EUR	1	0
HG01101	1KG	PUR	AMR	-	0.1491	0.1339	0.0000	0.7170	0.0000	0.7170	EUR	0.1493	0.1345	0.0000	0.7162	0.0000	0.7162	EUR	1	0
HG01102	1KG	PUR	AMR	-	0.1806	0.0998	0.0000	0.7195	0.0000	0.7195	EUR	0.1808	0.1003	0.0000	0.7189	0.0000	0.7189	EUR	1	0
HG01104	1KG	PUR	AMR	-	0.0876	0.0962	0.0000	0.8162	0.0000	0.8162	EUR	0.0878	0.0968	0.0000	0.8154	0.0000	0.8154	EUR	1	0
HG01105	1KG	PUR	AMR	-	0.0820	0.0589	0.0000	0.8591	0.0000	0.8591	EUR	0.0822	0.0593	0.0000	0.8584	0.0000	0.8584	EUR	1	0
HG01107	1KG	PUR	AMR	-	0.2291	0.0872	0.0000	0.6837	0.0000	0.6837	EUR	0.2293	0.0877	0.0000	0.6830	0.0000	0.6830	EUR	1	0
HG01108	1KG	PUR	AMR	-	0.6478	0.0499	0.0000	0.3022	0.0000	0.6478	AFR	0.6479	0.0502	0.0000	0.3019	0.0000	0.6479	AFR	1	0
HG01110	1KG	PUR	AMR	-	0.1310	0.1059	0.0000	0.7631	0.0000	0.7631	EUR	0.1312	0.1064	0.0000	0.7624	0.0000	0.7624	EUR	1	0
HG01111	1KG	PUR	AMR	-	0.1168	0.1116	0.0000	0.7716	0.0000	0.7716	EUR	0.1170	0.1122	0.0000	0.7708	0.0000	0.7708	EUR	1	0
HG01112	1KG	CLM	AMR	-	0.0168	0.0537	0.0000	0.9294	0.0000	0.9294	EUR	0.0171	0.0544	0.0000	0.9285	0.0000	0.9285	EUR	1	0
HG01113	1KG	CLM	AMR	-	0.0115	0.2335	0.0000	0.7550	0.0000	0.7550	EUR	0.0117	0.2341	0.0000	0.7542	0.0000	0.7542	EUR	1	0
HG01124	1KG	CLM	AMR	-	0.1508	0.2367	0.0000	0.6125	0.0000	0.6125	EUR	0.1509	0.2374	0.0000	0.6117	0.0000	0.6117	EUR	1	0
HG01125	1KG	CLM	AMR	-	0.0998	0.2108	0.0000	0.6894	0.0000	0.6894	EUR	0.1000	0.2114	0.0000	0.6886	0.0000	0.6886	EUR	1	0
HG01133	1KG	CLM	AMR	-	0.0240	0.1109	0.0000	0.8651	0.0000	0.8651	EUR	0.0242	0.1115	0.0000	0.8643	0.0000	0.8643	EUR	1	0
HG01134	1KG	CLM	AMR	-	0.1253	0.1775	0.0000	0.6972	0.0000	0.6972	EUR	0.1254	0.1781	0.0000	0.6964	0.0000	0.6964	EUR	1	0
HG01136	1KG	CLM	AMR	-	0.0943	0.2182	0.0000	0.6875	0.0000	0.6875	EUR	0.0945	0.2188	0.0000	0.6867	0.0000	0.6867	EUR	1	0
HG01139	1KG	CLM	AMR	-	0.1839	0.2393	0.0000	0.5768	0.0000	0.5768	EUR	0.1840	0.2398	0.0000	0.5762	0.0000	0.5762	EUR	1	0
HG01140	1KG	CLM	AMR	-	0.0417	0.2267	0.0000	0.7317	0.0000	0.7317	EUR	0.0418	0.2273	0.0000	0.7308	0.0000	0.7308	EUR	1	0
HG01148	1KG	CLM	AMR	-	0.0533	0.2118	0.0000	0.7349	0.0000	0.7349	EUR	0.0535	0.2125	0.0000	0.7340	0.0000	0.7340	EUR	1	0
HG01149	1KG	CLM	AMR	-	0.1109	0.3777	0.0000	0.5114	0.0000	0.5114	EUR	0.1111	0.3783	0.0000	0.5106	0.0000	0.5106	EUR	1	0
HG01167	1KG	PUR	AMR	-	0.2305	0.1119	0.0000	0.6576	0.0000	0.6576	EUR	0.2307	0.1123	0.0000	0.6570	0.0000	0.6570	EUR	1	0
HG01168	1KG	PUR	AMR	-	0.0308	0.0423	0.0000	0.8995	0.0274	0.8995	EUR	0.0311	0.0427	0.0000	0.9017	0.0245	0.9017	EUR	1	0
HG01170	1KG	PUR	AMR	-	0.1225	0.1172	0.0000	0.7603	0.0000	0.7603	EUR	0.1227	0.1178	0.0000	0.7595	0.0000	0.7595	EUR	1	0
HG01171	1KG	PUR	AMR	-	0.1983	0.1076	0.0000	0.6940	0.0000	0.6940	EUR	0.1985	0.1081	0.0000	0.6933	0.0000	0.6933	EUR	1	0
HG01173	1KG	PUR	AMR	-	0.0687	0.0410	0.0000	0.8902	0.0000	0.8902	EUR	0.0690	0.0415	0.0000	0.8895	0.0000	0.8895	EUR	1	0
HG01174	1KG	PUR	AMR	-	0.0704	0.0983	0.0000	0.8313	0.0000	0.8313	EUR	0.0707	0.0988	0.0000	0.8305	0.0000	0.8305	EUR	1	0
HG01176	1KG	PUR	AMR	-	0.0905	0.1370	0.0000	0.7725	0.0000	0.7725	EUR	0.0906	0.1376	0.0000	0.7718	0.0000	0.7718	EUR	1	0
HG01177	1KG	PUR	AMR	-	0.0778	0.1478	0.0000	0.7743	0.0000	0.7743	EUR	0.0781	0.1484	0.0000	0.7735	0.0000	0.7735	EUR	1	0
HG01182	1KG	PUR	AMR	-	0.1418	0.1197	0.0000	0.7386	0.0000	0.7386	EUR	0.1419	0.1203	0.0000	0.7377	0.0000	0.7377	EUR	1	0
HG01183	1KG	PUR	AMR	-	0.1196	0.1337	0.0000	0.7467	0.0000	0.7467	EUR	0.1198	0.1343	0.0000	0.7458	0.0000	0.7458	EUR	1	0
HG01187	1KG	PUR	AMR	-	0.1900	0.2002	0.0000	0.6097	0.0000	0.6097	EUR	0.1902	0.2008	0.0000	0.6090	0.0000	0.6090	EUR	1	0
HG01188	1KG	PUR	AMR	-	0.2250	0.1743	0.0000	0.6006	0.0000	0.6006	EUR	0.2252	0.1749	0.0000	0.5999	0.0000	0.5999	EUR	1	0
HG01190	1KG	PUR	AMR	-	0.1643	0.1802	0.0000	0.6555	0.0000	0.6555	EUR	0.1644	0.1808	0.0000	0.6547	0.0000	0.6547	EUR	1	0
HG01191	1KG	PUR	AMR	-	0.0959	0.1592	0.0000	0.7449	0.0000	0.7449	EUR	0.0962	0.1598	0.0000	0.7440	0.0000	0.7440	EUR	1	0
HG01197	1KG	PUR	AMR	-	0.0686	0.1156	0.0000	0.8158	0.0000	0.8158	EUR	0.0688	0.1162	0.0000	0.8150	0.0000	0.8150	EUR	1	0
HG01198	1KG	PUR	AMR	-	0.1945	0.1111	0.0000	0.6944	0.0000	0.6944	EUR	0.1947	0.1116	0.0000	0.6937	0.0000	0.6937	EUR	1	0
HG01204	1KG	PUR	AMR	-	0.1079	0.1070	0.0000	0.7851	0.0000	0.7851	EUR	0.1082	0.1076	0.0000	0.7843	0.0000	0.7843	EUR	1	0
HG01205	1KG	PUR	AMR	-	0.1175	0.0912	0.0000	0.7912	0.0000	0.7912	EUR	0.1177	0.0918	0.0000	0.7905	0.0000	0.7905	EUR	1	0
HG01241	1KG	PUR	AMR	-	0.6867	0.0542	0.0000	0.2591	0.0000	0.6867	AFR	0.6867	0.0543	0.0000	0.2590	0.0000	0.6867	AFR	1	0
HG01242	1KG	PUR	AMR	-	0.5120	0.0438	0.0000	0.4443	0.0000	0.5120	AFR	0.5120	0.0440	0.0000	0.4439	0.0000	0.5120	AFR	1	0
HG01247	1KG	PUR	AMR	-	0.2072	0.1308	0.0000	0.6620	0.0000	0.6620	EUR	0.2074	0.1313	0.0000	0.6613	0.0000	0.6613	EUR	1	0
HG01248	1KG	PUR	AMR	-	0.1171	0.0911	0.0000	0.7917	0.0000	0.7917	EUR	0.1173	0.0916	0.0000	0.7911	0.0000	0.7911	EUR	1	0
HG01250	1KG	CLM	AMR	-	0.0822	0.2589	0.0000	0.6589	0.0000	0.6589	EUR	0.0824	0.2596	0.0000	0.6580	0.0000	0.6580	EUR	1	0
HG01251	1KG	CLM	AMR	-	0.0277	0.2106	0.0000	0.7617	0.0000	0.7617	EUR	0.0279	0.2113	0.0000	0.7608	0.0000	0.7608	EUR	1	0
HG01253	1KG	CLM	AMR	-	0.0515	0.1757	0.0000	0.7727	0.0000	0.7727	EUR	0.0517	0.1764	0.0000	0.7718	0.0000	0.7718	EUR	1	0
HG01254	1KG	CLM	AMR	-	0.1774	0.2430	0.0000	0.5796	0.0000	0.5796	EUR	0.1775	0.2435	0.0000	0.5789	0.0000	0.5789	EUR	1	0
HG01256	1KG	CLM	AMR	-	0.0081	0.1299	0.0000	0.8620	0.0000	0.8620	EUR	0.0083	0.1306	0.0000	0.8611	0.0000	0.8611	EUR	1	0
HG01257	1KG	CLM	AMR	-	0.0164	0.2371	0.0000	0.7465	0.0000	0.7465	EUR	0.0166	0.2379	0.0000	0.7456	0.0000	0.7456	EUR	1	0
HG01259	1KG	CLM	AMR	-	0.0299	0.0916	0.0000	0.8785	0.0000	0.8785	EUR	0.0302	0.0922	0.0000	0.8777	0.0000	0.8777	EUR	1	0
HG01260	1KG	CLM	AMR	-	0.1385	0.2505	0.0000	0.6109	0.0000	0.6109	EUR	0.1387	0.2512	0.0000	0.6102	0.0000	0.6102	EUR	1	0
HG01271	1KG	CLM	AMR	-	0.0793	0.2053	0.0000	0.7154	0.0000	0.7154	EUR	0.0795	0.2060	0.0000	0.7145	0.0000	0.7145	EUR	1	0
HG01272	1KG	CLM	AMR	-	0.1924	0.2510	0.0000	0.5566	0.0000	0.5566	EUR	0.1926	0.2515	0.0000	0.5559	0.0000	0.5559	EUR	1	0
HG01275	1KG	CLM	AMR	-	0.0088	0.0247	0.0000	0.9665	0.0000	0.9665	EUR	0.0091	0.0252	0.0000	0.9657	0.0000	0.9657	EUR	1	0
HG01277	1KG	CLM	AMR	-	0.0157	0.2895	0.0000	0.6948	0.0000	0.6948	EUR	0.0158	0.2903	0.0000	0.6939	0.0000	0.6939	EUR	1	0
HG01334	1KG	GBR	EUR	-	0.0000	0.0000	0.0000	1.0000	0.0000	1.0000	EUR	0.0000	0.0000	0.0000	1.0000	0.0000	1.0000	EUR	1	1
HG01344	1KG	CLM	AMR	-	0.0305	0.3420	0.0000	0.6275	0.0000	0.6275	EUR	0.0307	0.3427	0.0000	0.6266	0.0000	0.6266	EUR	1	0
HG01345	1KG	CLM	AMR	-	0.0539	0.1725	0.0000	0.7736	0.0000	0.7736	EUR	0.0541	0.1733	0.0000	0.7726	0.0000	0.7726	EUR	1	0
HG01348	1KG	CLM	AMR	-	0.0438	0.3218	0.0000	0.6343	0.0000	0.6343	EUR	0.0440	0.3225	0.0000	0.6335	0.0000	0.6335	EUR	1	0
HG01356	1KG	CLM	AMR	-	0.0600	0.2482	0.0000	0.6918	0.0000	0.6918	EUR	0.0601	0.2488	0.0000	0.6910	0.0000	0.6910	EUR	1	0
HG01357	1KG	CLM	AMR	-	0.0157	0.2397	0.0000	0.7447	0.0000	0.7447	EUR	0.0158	0.2404	0.0000	0.7438	0.0000	0.7438	EUR	1	0
HG01377	1KG	CLM	AMR	-	0.1054	0.2498	0.0000	0.6448	0.0000	0.6448	EUR	0.1056	0.2504	0.0000	0.6440	0.0000	0.6440	EUR	1	0
HG01378	1KG	CLM	AMR	-	0.0461	0.3152	0.0000	0.6387	0.0000	0.6387	EUR	0.0463	0.3158	0.0000	0.6379	0.0000	0.6379	EUR	1	0
HG01383	1KG	CLM	AMR	-	0.0313	0.1930	0.0000	0.7758	0.0000	0.7758	EUR	0.0315	0.1936	0.0000	0.7749	0.0000	0.7749	EUR	1	0
HG01384	1KG	CLM	AMR	-	0.0597	0.1899	0.0000	0.7505	0.0000	0.7505	EUR	0.0598	0.1906	0.0000	0.7495	0.0000	0.7495	EUR	1	0
HG01341	1KG	CLM	AMR	-	0.0091	0.5207	0.0000	0.4702	0.0000	0.5207	AMR	0.0093	0.5213	0.0000	0.4694	0.0000	0.5213	AMR	1	0
HG01342	1KG	CLM	AMR	-	0.3615	0.1845	0.0000	0.4540	0.0000	0.4540	EUR	0.3616	0.1849	0.0000	0.4534	0.0000	0.4534	EUR	1	0
HG01350	1KG	CLM	AMR	-	0.0829	0.3186	0.0000	0.5985	0.0000	0.5985	EUR	0.0830	0.3194	0.0000	0.5976	0.0000	0.5976	EUR	1	0
HG01351	1KG	CLM	AMR	-	0.0153	0.2341	0.0000	0.7506	0.0000	0.7506	EUR	0.0155	0.2347	0.0000	0.7498	0.0000	0.7498	EUR	1	0
HG01353	1KG	CLM	AMR	-	0.0289	0.1535	0.0000	0.8176	0.0000	0.8176	EUR	0.0291	0.1541	0.0000	0.8168	0.0000	0.8168	EUR	1	0
HG01354	1KG	CLM	AMR	-	0.0180	0.1238	0.0000	0.8582	0.0000	0.8582	EUR	0.0182	0.1244	0.0000	0.8574	0.0000	0.8574	EUR	1	0
HG01359	1KG	CLM	AMR	-	0.0444	0.1991	0.0000	0.7566	0.0000	0.7566	EUR	0.0446	0.1998	0.0000	0.7556	0.0000	0.7556	EUR	1	0
HG01360	1KG	CLM	AMR	-	0.0706	0.1916	0.0000	0.7377	0.0000	0.7377	EUR	0.0708	0.1923	0.0000	0.7369	0.0000	0.7369	EUR	1	0
HG01365	1KG	CLM	AMR	-	0.1475	0.2225	0.0000	0.6300	0.0000	0.6300	EUR	0.1476	0.2231	0.0000	0.6292	0.0000	0.6292	EUR	1	0
HG01374	1KG	CLM	AMR	-	0.0187	0.2069	0.0000	0.7743	0.0000	0.7743	EUR	0.0189	0.2076	0.0000	0.7734	0.0000	0.7734	EUR	1	0
HG01375	1KG	CLM	AMR	-	0.1484	0.2491	0.0000	0.6024	0.0000	0.6024	EUR	0.1486	0.2497	0.0000	0.6016	0.0000	0.6016	EUR	1	0
HG01389	1KG	CLM	AMR	-	0.0588	0.1072	0.0000	0.8340	0.0000	0.8340	EUR	0.0590	0.1078	0.0000	0.8332	0.0000	0.8332	EUR	1	0
HG01390	1KG	CLM	AMR	-	0.2905	0.2402	0.0000	0.4692	0.0000	0.4692	EUR	0.2906	0.2408	0.0000	0.4686	0.0000	0.4686	EUR	1	0
HG01437	1KG	CLM	AMR	-	0.0138	0.0879	0.0000	0.8983	0.0000	0.8983	EUR	0.0140	0.0885	0.0000	0.8974	0.0000	0.8974	EUR	1	0
HG01438	1KG	CLM	AMR	-	0.0124	0.0327	0.0000	0.9548	0.0000	0.9548	EUR	0.0126	0.0333	0.0000	0.9542	0.0000	0.9542	EUR	1	0
HG01440	1KG	CLM	AMR	-	0.1748	0.1880	0.0000	0.6372	0.0000	0.6372	EUR	0.1749	0.1887	0.0000	0.6363	0.0000	0.6363	EUR	1	0
HG01441	1KG	CLM	AMR	-	0.0216	0.3405	0.0000	0.6361	0.0018	0.6361	EUR	0.0217	0.3413	0.0000	0.6359	0.0010	0.6359	EUR	1	0
HG01455	1KG	CLM	AMR	-	0.0446	0.3339	0.0000	0.6215	0.0000	0.6215	EUR	0.0447	0.3346	0.0000	0.6207	0.0000	0.6207	EUR	1	0
HG01456	1KG	CLM	AMR	-	0.0523	0.3276	0.0000	0.6201	0.0000	0.6201	EUR	0.0525	0.3283	0.0000	0.6192	0.0000	0.6192	EUR	1	0
HG01461	1KG	CLM	AMR	-	0.1860	0.3249	0.0000	0.4891	0.0000	0.4891	EUR	0.1861	0.3255	0.0000	0.4884	0.0000	0.4884	EUR	1	0
HG01462	1KG	CLM	AMR	-	0.3040	0.2651	0.0000	0.4309	0.0000	0.4309	EUR	0.3041	0.2657	0.0000	0.4302	0.0000	0.4302	EUR	1	0
HG01464	1KG	CLM	AMR	-	0.2006	0.2634	0.0000	0.5360	0.0000	0.5360	EUR	0.2007	0.2639	0.0000	0.5353	0.0000	0.5353	EUR	1	0
HG01465	1KG	CLM	AMR	-	0.0153	0.1456	0.0000	0.8391	0.0000	0.8391	EUR	0.0155	0.1463	0.0000	0.8382	0.0000	0.8382	EUR	1	0
HG01488	1KG	CLM	AMR	-	0.1522	0.1105	0.0000	0.7373	0.0000	0.7373	EUR	0.1524	0.1111	0.0000	0.7365	0.0000	0.7365	EUR	1	0
HG01489	1KG	CLM	AMR	-	0.0192	0.0960	0.0000	0.8848	0.0000	0.8848	EUR	0.0195	0.0966	0.0000	0.8839	0.0000	0.8839	EUR	1	0
HG01491	1KG	CLM	AMR	-	0.0125	0.1207	0.0000	0.8668	0.0000	0.8668	EUR	0.0127	0.1213	0.0000	0.8659	0.0000	0.8659	EUR	1	0
HG01492	1KG	CLM	AMR	-	0.0273	0.1629	0.0000	0.8098	0.0000	0.8098	EUR	0.0275	0.1634	0.0000	0.8091	0.0000	0.8091	EUR	1	0
HG01494	1KG	CLM	AMR	-	0.1062	0.3493	0.0000	0.5444	0.0000	0.5444	EUR	0.1063	0.3500	0.0000	0.5436	0.0000	0.5436	EUR	1	0
HG01495	1KG	CLM	AMR	-	0.1286	0.3260	0.0000	0.5454	0.0000	0.5454	EUR	0.1288	0.3267	0.0000	0.5445	0.0000	0.5445	EUR	1	0
HG01497	1KG	CLM	AMR	-	0.0501	0.3041	0.0000	0.6457	0.0000	0.6457	EUR	0.0503	0.3048	0.0000	0.6448	0.0000	0.6448	EUR	1	0
HG01498	1KG	CLM	AMR	-	0.0513	0.2855	0.0000	0.6632	0.0000	0.6632	EUR	0.0515	0.2863	0.0000	0.6622	0.0000	0.6622	EUR	1	0
HG01500	1KG	IBS	EUR	-	0.0193	0.0000	0.0000	0.9807	0.0000	0.9807	EUR	0.0197	0.0000	0.0000	0.9803	0.0000	0.9803	EUR	1	1
HG01501	1KG	IBS	EUR	-	0.0214	0.0000	0.0000	0.9785	0.0000	0.9785	EUR	0.0218	0.0000	0.0000	0.9782	0.0000	0.9782	EUR	1	1
HG01503	1KG	IBS	EUR	-	0.0061	0.0000	0.0000	0.9939	0.0000	0.9939	EUR	0.0065	0.0000	0.0000	0.9935	0.0000	0.9935	EUR	1	1
HG01504	1KG	IBS	EUR	-	0.0116	0.0000	0.0000	0.9884	0.0000	0.9884	EUR	0.0117	0.0000	0.0000	0.9883	0.0000	0.9883	EUR	1	1
HG01506	1KG	IBS	EUR	-	0.0168	0.0000	0.0000	0.9832	0.0000	0.9832	EUR	0.0171	0.0000	0.0000	0.9829	0.0000	0.9829	EUR	1	1
HG01507	1KG	IBS	EUR	-	0.0112	0.0000	0.0000	0.9888	0.0000	0.9888	EUR	0.0116	0.0000	0.0000	0.9884	0.0000	0.9884	EUR	1	1
HG01509	1KG	IBS	EUR	-	0.0169	0.0000	0.0000	0.9831	0.0000	0.9831	EUR	0.0170	0.0000	0.0000	0.9829	0.0000	0.9829	EUR	1	1
HG01510	1KG	IBS	EUR	-	0.0116	0.0000	0.0000	0.9884	0.0000	0.9884	EUR	0.0119	0.0000	0.0000	0.9881	0.0000	0.9881	EUR	1	1
HG01512	1KG	IBS	EUR	-	0.0031	0.0000	0.0000	0.9968	0.0000	0.9968	EUR	0.0040	0.0000	0.0000	0.9960	0.0000	0.9960	EUR	1	1
HG01513	1KG	IBS	EUR	-	0.0058	0.0000	0.0000	0.9942	0.0000	0.9942	EUR	0.0062	0.0000	0.0000	0.9938	0.0000	0.9938	EUR	1	1
HG01515	1KG	IBS	EUR	-	0.0000	0.0000	0.0000	1.0000	0.0000	1.0000	EUR	0.0000	0.0000	0.0000	1.0000	0.0000	1.0000	EUR	1	1
HG01516	1KG	IBS	EUR	-	0.0000	0.0000	0.0000	1.0000	0.0000	1.0000	EUR	0.0000	0.0000	0.0000	1.0000	0.0000	1.0000	EUR	1	1
HG01518	1KG	IBS	EUR	-	0.0000	0.0000	0.0000	1.0000	0.0000	1.0000	EUR	0.0000	0.0000	0.0000	1.0000	0.0000	1.0000	EUR	1	1
HG01519	1KG	IBS	EUR	-	0.0000	0.0000	0.0000	1.0000	0.0000	1.0000	EUR	0.0000	0.0000	0.0000	1.0000	0.0000	1.0000	EUR	1	1
HG01521	1KG	IBS	EUR	-	0.0000	0.0000	0.0000	1.0000	0.0000	1.0000	EUR	0.0000	0.0000	0.0000	1.0000	0.0000	1.0000	EUR	1	1
HG01522	1KG	IBS	EUR	-	0.0000	0.0000	0.0000	1.0000	0.0000	1.0000	EUR	0.0000	0.0000	0.0000	1.0000	0.0000	1.0000	EUR	1	1
HG01524	1KG	IBS	EUR	-	0.0119	0.0000	0.0000	0.9880	0.0000	0.9880	EUR	0.0122	0.0000	0.0000	0.9878	0.0000	0.9878	EUR	1	1
HG01525	1KG	IBS	EUR	-	0.0153	0.0000	0.0000	0.9846	0.0000	0.9846	EUR	0.0156	0.0000	0.0000	0.9844	0.0000	0.9844	EUR	1	1
HG01527	1KG	IBS	EUR	-	0.0309	0.0000	0.0000	0.9691	0.0000	0.9691	EUR	0.0312	0.0000	0.0000	0.9688	0.0000	0.9688	EUR	1	1
HG01528	1KG	IBS	EUR	-	0.0194	0.0000	0.0000	0.9805	0.0000	0.9805	EUR	0.0197	0.0000	0.0000	0.9803	0.0000	0.9803	EUR	1	1
HG01530	1KG	IBS	EUR	-	0.0190	0.0000	0.0000	0.9809	0.0000	0.9809	EUR	0.0193	0.0000	0.0000	0.9806	0.0000	0.9806	EUR	1	1
HG01531	1KG	IBS	EUR	-	0.0156	0.0000	0.0000	0.9844	0.0000	0.9844	EUR	0.0159	0.0000	0.0000	0.9841	0.0000	0.9841	EUR	1	1
HG01536	1KG	IBS	EUR	-	0.0079	0.0000	0.0000	0.9920	0.0000	0.9920	EUR	0.0083	0.0000	0.0000	0.9917	0.0000	0.9917	EUR	1	1
HG01537	1KG	IBS	EUR	-	0.0045	0.0000	0.0000	0.9955	0.0000	0.9955	EUR	0.0052	0.0000	0.0000	0.9948	0.0000	0.9948	EUR	1	1
HG01550	1KG	CLM	AMR	-	0.0631	0.1770	0.0000	0.7598	0.0000	0.7598	EUR	0.0633	0.1777	0.0000	0.7589	0.0000	0.7589	EUR	1	0
HG01551	1KG	CLM	AMR	-	0.3943	0.1883	0.0000	0.4174	0.0000	0.4174	EUR	0.3944	0.1887	0.0000	0.4169	0.0000	0.4169	EUR	1	0
HG01602	1KG	IBS	EUR	-	0.0154	0.0000	0.0000	0.9846	0.0000	0.9846	EUR	0.0157	0.0000	0.0000	0.9843	0.0000	0.9843	EUR	1	1
HG01603	1KG	IBS	EUR	-	0.0179	0.0000	0.0000	0.9820	0.0000	0.9820	EUR	0.0182	0.0000	0.0000	0.9818	0.0000	0.9818	EUR	1	1
HG01605	1KG	IBS	EUR	-	0.0067	0.0000	0.0000	0.9932	0.0000	0.9932	EUR	0.0069	0.0000	0.0000	0.9930	0.0000	0.9930	EUR	1	1
HG01606	1KG	IBS	EUR	-	0.0093	0.0000	0.0000	0.9907	0.0000	0.9907	EUR	0.0095	0.0000	0.0000	0.9905	0.0000	0.9905	EUR	1	1
HG01607	1KG	IBS	EUR	-	0.0123	0.0000	0.0000	0.9877	0.0000	0.9877	EUR	0.0127	0.0000	0.0000	0.9873	0.0000	0.9873	EUR	1	1
HG01608	1KG	IBS	EUR	-	0.0139	0.0000	0.0000	0.9861	0.0000	0.9861	EUR	0.0142	0.0000	0.0000	0.9858	0.0000	0.9858	EUR	1	1
HG01610	1KG	IBS	EUR	-	0.0153	0.0000	0.0000	0.9846	0.0000	0.9846	EUR	0.0156	0.0000	0.0000	0.9844	0.0000	0.9844	EUR	1	1
HG01612	1KG	IBS	EUR	-	0.0220	0.0000	0.0000	0.9779	0.0000	0.9779	EUR	0.0223	0.0000	0.0000	0.9776	0.0000	0.9776	EUR	1	1
HG01613	1KG	IBS	EUR	-	0.0072	0.0000	0.0000	0.9928	0.0000	0.9928	EUR	0.0074	0.0000	0.0000	0.9926	0.0000	0.9926	EUR	1	1
HG01615	1KG	IBS	EUR	-	0.0061	0.0000	0.0000	0.9939	0.0000	0.9939	EUR	0.0065	0.0000	0.0000	0.9934	0.0000	0.9934	EUR	1	1
HG01617	1KG	IBS	EUR	-	0.0151	0.0000	0.0000	0.9848	0.0000	0.9848	EUR	0.0154	0.0000	0.0000	0.9846	0.0000	0.9846	EUR	1	1
HG01618	1KG	IBS	EUR	-	0.0086	0.0093	0.0000	0.9821	0.0000	0.9821	EUR	0.0088	0.0097	0.0000	0.9815	0.0000	0.9815	EUR	1	1
HG01619	1KG	IBS	EUR	-	0.0152	0.0000	0.0000	0.9848	0.0000	0.9848	EUR	0.0154	0.0000	0.0000	0.9845	0.0000	0.9845	EUR	1	1
HG01620	1KG	IBS	EUR	-	0.0206	0.0000	0.0000	0.9794	0.0000	0.9794	EUR	0.0208	0.0000	0.0000	0.9791	0.0000	0.9791	EUR	1	1
HG01623	1KG	IBS	EUR	-	0.0189	0.0000	0.0000	0.9811	0.0000	0.9811	EUR	0.0192	0.0000	0.0000	0.9808	0.0000	0.9808	EUR	1	1
HG01624	1KG	IBS	EUR	-	0.0204	0.0000	0.0000	0.9796	0.0000	0.9796	EUR	0.0206	0.0000	0.0000	0.9793	0.0000	0.9793	EUR	1	1
HG01625	1KG	IBS	EUR	-	0.0089	0.0000	0.0000	0.9911	0.0000	0.9911	EUR	0.0094	0.0000	0.0000	0.9906	0.0000	0.9906	EUR	1	1
HG01626	1KG	IBS	EUR	-	0.0186	0.0000	0.0000	0.9813	0.0000	0.9813	EUR	0.0189	0.0000	0.0000	0.9811	0.0000	0.9811	EUR	1	1
HG01631	1KG	IBS	EUR	-	0.0000	0.0000	0.0000	1.0000	0.0000	1.0000	EUR	0.0000	0.0000	0.0000	1.0000	0.0000	1.0000	EUR	1	1
HG01632	1KG	IBS	EUR	-	0.0069	0.0000	0.0000	0.9931	0.0000	0.9931	EUR	0.0072	0.0000	0.0000	0.9927	0.0000	0.9927	EUR	1	1
HG01668	1KG	IBS	EUR	-	0.0249	0.0000	0.0000	0.9751	0.0000	0.9751	EUR	0.0252	0.0000	0.0000	0.9748	0.0000	0.9748	EUR	1	1
HG01669	1KG	IBS	EUR	-	0.0489	0.0000	0.0000	0.9511	0.0000	0.9511	EUR	0.0491	0.0000	0.0000	0.9508	0.0000	0.9508	EUR	1	1
HG01670	1KG	IBS	EUR	-	0.0090	0.0000	0.0000	0.9910	0.0000	0.9910	EUR	0.0092	0.0000	0.0000	0.9908	0.0000	0.9908	EUR	1	1
HG01672	1KG	IBS	EUR	-	0.0074	0.0000	0.0000	0.9926	0.0000	0.9926	EUR	0.0077	0.0000	0.0000	0.9923	0.0000	0.9923	EUR	1	1
HG01673	1KG	IBS	EUR	-	0.0000	0.0000	0.0000	1.0000	0.0000	1.0000	EUR	0.0003	0.0000	0.0000	0.9997	0.0000	0.9997	EUR	1	1
HG01675	1KG	IBS	EUR	-	0.0000	0.0000	0.0000	1.0000	0.0000	1.0000	EUR	0.0000	0.0000	0.0000	1.0000	0.0000	1.0000	EUR	1	1
HG01676	1KG	IBS	EUR	-	0.0001	0.0000	0.0000	0.9999	0.0000	0.9999	EUR	0.0018	0.0000	0.0000	0.9982	0.0000	0.9982	EUR	1	1
HG01678	1KG	IBS	EUR	-	0.0065	0.0000	0.0000	0.9934	0.0000	0.9934	EUR	0.0070	0.0000	0.0000	0.9929	0.0000	0.9929	EUR	1	1
HG01679	1KG	IBS	EUR	-	0.0095	0.0000	0.0000	0.9905	0.0000	0.9905	EUR	0.0098	0.0000	0.0000	0.9902	0.0000	0.9902	EUR	1	1
HG01680	1KG	IBS	EUR	-	0.0126	0.0000	0.0000	0.9874	0.0000	0.9874	EUR	0.0128	0.0000	0.0000	0.9872	0.0000	0.9872	EUR	1	1
HG01682	1KG	IBS	EUR	-	0.0000	0.0000	0.0000	1.0000	0.0000	1.0000	EUR	0.0000	0.0000	0.0000	1.0000	0.0000	1.0000	EUR	1	1
HG01684	1KG	IBS	EUR	-	0.0023	0.0000	0.0000	0.9976	0.0000	0.9976	EUR	0.0031	0.0000	0.0000	0.9969	0.0000	0.9969	EUR	1	1
HG01685	1KG	IBS	EUR	-	0.0191	0.0000	0.0000	0.9809	0.0000	0.9809	EUR	0.0193	0.0000	0.0000	0.9807	0.0000	0.9807	EUR	1	1
HG01686	1KG	IBS	EUR	-	0.0158	0.0000	0.0000	0.9841	0.0000	0.9841	EUR	0.0160	0.0000	0.0000	0.9840	0.0000	0.9840	EUR	1	1
HG01700	1KG	IBS	EUR	-	0.0000	0.0000	0.0000	1.0000	0.0000	1.0000	EUR	0.0000	0.0000	0.0000	1.0000	0.0000	1.0000	EUR	1	1
HG01702	1KG	IBS	EUR	-	0.0000	0.0000	0.0000	1.0000	0.0000	1.0000	EUR	0.0000	0.0000	0.0000	1.0000	0.0000	1.0000	EUR	1	1
HG01704	1KG	IBS	EUR	-	0.0252	0.0000	0.0000	0.9748	0.0000	0.9748	EUR	0.0255	0.0000	0.0000	0.9745	0.0000	0.9745	EUR	1	1
HG01705	1KG	IBS	EUR	-	0.0175	0.0000	0.0000	0.9825	0.0000	0.9825	EUR	0.0178	0.0000	0.0000	0.9822	0.0000	0.9822	EUR	1	1
HG01707	1KG	IBS	EUR	-	0.0110	0.0000	0.0000	0.9890	0.0000	0.9890	EUR	0.0112	0.0000	0.0000	0.9887	0.0000	0.9887	EUR	1	1
HG01708	1KG	IBS	EUR	-	0.0160	0.0000	0.0000	0.9840	0.0000	0.9840	EUR	0.0162	0.0000	0.0000	0.9838	0.0000	0.9838	EUR	1	1
HG01565	1KG	PEL	AMR	-	0.0000	0.6292	0.0000	0.3707	0.0000	0.6292	AMR	0.0000	0.6299	0.0000	0.3701	0.0000	0.6299	AMR	1	0
HG01566	1KG	PEL	AMR	-	0.0110	0.4091	0.0000	0.5799	0.0000	0.5799	EUR	0.0113	0.4098	0.0000	0.5789	0.0000	0.5789	EUR	1	0
HG01571	1KG	PEL	AMR	-	0.0000	0.5926	0.0000	0.4073	0.0000	0.5926	AMR	0.0000	0.5933	0.0000	0.4067	0.0000	0.5933	AMR	1	0
HG01572	1KG	PEL	AMR	-	0.0000	0.9116	0.0000	0.0884	0.0000	0.9116	AMR	0.0000	0.9119	0.0000	0.0881	0.0000	0.9119	AMR	1	0
HG01577	1KG	PEL	AMR	-	0.0660	0.3709	0.0000	0.5492	0.0140	0.5492	EUR	0.0661	0.3715	0.0000	0.5494	0.0129	0.5494	EUR	1	0
HG01578	1KG	PEL	AMR	-	0.0047	0.5470	0.0000	0.4483	0.0000	0.5470	AMR	0.0050	0.5475	0.0000	0.4474	0.0000	0.5475	AMR	1	0
HG01917	1KG	PEL	AMR	-	0.0000	0.8049	0.0000	0.1950	0.0000	0.8049	AMR	0.0000	0.8054	0.0000	0.1946	0.0000	0.8054	AMR	1	0
HG01918	1KG	PEL	AMR	-	0.0000	0.7079	0.0000	0.2921	0.0000	0.7079	AMR	0.0000	0.7085	0.0000	0.2915	0.0000	0.7085	AMR	1	0
HG01892	1KG	PEL	AMR	-	0.0652	0.6644	0.0000	0.2704	0.0000	0.6644	AMR	0.0652	0.6649	0.0000	0.2699	0.0000	0.6649	AMR	1	0
HG01893	1KG	PEL	AMR	-	0.1269	0.5135	0.0000	0.3595	0.0000	0.5135	AMR	0.1269	0.5140	0.0000	0.3590	0.0000	0.5140	AMR	1	0
HG01920	1KG	PEL	AMR	-	0.0000	0.9503	0.0000	0.0497	0.0000	0.9503	AMR	0.0000	0.9507	0.0000	0.0493	0.0000	0.9507	AMR	1	1
HG01921	1KG	PEL	AMR	-	0.0000	0.6959	0.0000	0.3040	0.0000	0.6959	AMR	0.0000	0.6966	0.0000	0.3034	0.0000	0.6966	AMR	1	0
HG01923	1KG	PEL	AMR	-	0.0000	0.9042	0.0000	0.0958	0.0000	0.9042	AMR	0.0000	0.9045	0.0000	0.0955	0.0000	0.9045	AMR	1	0
HG01924	1KG	PEL	AMR	-	0.1174	0.6037	0.0995	0.1793	0.0000	0.6037	AMR	0.1174	0.6043	0.0990	0.1793	0.0000	0.6043	AMR	1	0
HG01926	1KG	PEL	AMR	-	0.0000	0.9798	0.0000	0.0202	0.0000	0.9798	AMR	0.0000	0.9801	0.0000	0.0199	0.0000	0.9801	AMR	1	1
HG01927	1KG	PEL	AMR	-	0.0000	0.9052	0.0000	0.0948	0.0000	0.9052	AMR	0.0000	0.9054	0.0000	0.0945	0.0000	0.9054	AMR	1	0
HG01932	1KG	PEL	AMR	-	0.0000	0.7404	0.0000	0.2596	0.0000	0.7404	AMR	0.0000	0.7409	0.0000	0.2591	0.0000	0.7409	AMR	1	0
HG01933	1KG	PEL	AMR	-	0.0928	0.5709	0.0724	0.2639	0.0000	0.5709	AMR	0.0928	0.5715	0.0721	0.2635	0.0000	0.5715	AMR	1	0
HG01938	1KG	PEL	AMR	-	0.0000	0.9685	0.0000	0.0315	0.0000	0.9685	AMR	0.0000	0.9687	0.0000	0.0312	0.0000	0.9687	AMR	1	1
HG01939	1KG	PEL	AMR	-	0.0000	0.7137	0.0000	0.2863	0.0000	0.7137	AMR	0.0000	0.7143	0.0000	0.2857	0.0000	0.7143	AMR	1	0
HG01941	1KG	PEL	AMR	-	0.0665	0.7536	0.0000	0.1798	0.0000	0.7536	AMR	0.0666	0.7541	0.0000	0.1793	0.0000	0.7541	AMR	1	0
HG01942	1KG	PEL	AMR	-	0.0000	0.7828	0.0000	0.2172	0.0000	0.7828	AMR	0.0000	0.7832	0.0000	0.2167	0.0000	0.7832	AMR	1	0
HG01944	1KG	PEL	AMR	-	0.0000	0.4299	0.4378	0.1323	0.0000	0.4378	EAS	0.0000	0.4308	0.4361	0.1331	0.0000	0.4361	EAS	1	0
HG01945	1KG	PEL	AMR	-	0.0000	0.7244	0.0000	0.2756	0.0000	0.7244	AMR	0.0000	0.7249	0.0000	0.2750	0.0000	0.7249	AMR	1	0
HG01947	1KG	PEL	AMR	-	0.0292	0.5624	0.0000	0.4084	0.0000	0.5624	AMR	0.0293	0.5631	0.0000	0.4076	0.0000	0.5631	AMR	1	0
HG01948	1KG	PEL	AMR	-	0.1785	0.5695	0.0914	0.1606	0.0000	0.5695	AMR	0.1785	0.5701	0.0909	0.1605	0.0000	0.5701	AMR	1	0
HG01950	1KG	PEL	AMR	-	0.0631	0.8056	0.0000	0.1313	0.0000	0.8056	AMR	0.0631	0.8060	0.0000	0.1309	0.0000	0.8060	AMR	1	0
HG01951	1KG	PEL	AMR	-	0.0208	0.9348	0.0000	0.0304	0.0140	0.9348	AMR	0.0208	0.9350	0.0000	0.0310	0.0132	0.9350	AMR	1	1
HG01953	1KG	PEL	AMR	-	0.0037	0.8408	0.0000	0.1554	0.0000	0.8408	AMR	0.0039	0.8412	0.0000	0.1549	0.0000	0.8412	AMR	1	0
HG01954	1KG	PEL	AMR	-	0.0000	0.8661	0.0000	0.1339	0.0000	0.8661	AMR	0.0000	0.8665	0.0000	0.1335	0.0000	0.8665	AMR	1	0
HG01967	1KG	PEL	AMR	-	0.0000	0.5695	0.0000	0.4305	0.0000	0.5695	AMR	0.0000	0.5702	0.0000	0.4297	0.0000	0.5702	AMR	1	0
HG01968	1KG	PEL	AMR	-	0.0000	0.9277	0.0000	0.0723	0.0000	0.9277	AMR	0.0000	0.9280	0.0000	0.0719	0.0000	0.9280	AMR	1	0
HG01970	1KG	PEL	AMR	-	0.0000	0.6026	0.0000	0.3973	0.0000	0.6026	AMR	0.0000	0.6033	0.0000	0.3967	0.0000	0.6033	AMR	1	0
HG01971	1KG	PEL	AMR	-	0.1746	0.5043	0.0000	0.3212	0.0000	0.5043	AMR	0.1746	0.5048	0.0000	0.3206	0.0000	0.5048	AMR	1	0
HG01974	1KG	PEL	AMR	-	0.0000	0.9235	0.0000	0.0764	0.0000	0.9235	AMR	0.0000	0.9239	0.0000	0.0760	0.0000	0.9239	AMR	1	0
HG01973	1KG	PEL	AMR	-	0.0363	0.7433	0.0000	0.2205	0.0000	0.7433	AMR	0.0363	0.7437	0.0000	0.2199	0.0000	0.7437	AMR	1	0
HG01977	1KG	PEL	AMR	-	0.0000	0.7362	0.0000	0.2638	0.0000	0.7362	AMR	0.0000	0.7367	0.0000	0.2633	0.0000	0.7367	AMR	1	0
HG01976	1KG	PEL	AMR	-	0.0000	0.6214	0.0000	0.3786	0.0000	0.6214	AMR	0.0000	0.6221	0.0000	0.3779	0.0000	0.6221	AMR	1	0
HG01979	1KG	PEL	AMR	-	0.0000	0.6464	0.0000	0.3436	0.0100	0.6464	AMR	0.0000	0.6469	0.0000	0.3434	0.0096	0.6469	AMR	1	0
HG01980	1KG	PEL	AMR	-	0.0321	0.6613	0.0000	0.3066	0.0000	0.6613	AMR	0.0322	0.6618	0.0000	0.3060	0.0000	0.6618	AMR	1	0
HG01991	1KG	PEL	AMR	-	0.0145	0.6797	0.0000	0.3058	0.0000	0.6797	AMR	0.0146	0.6803	0.0000	0.3051	0.0000	0.6803	AMR	1	0
HG01992	1KG	PEL	AMR	-	0.0000	0.8512	0.0000	0.1488	0.0000	0.8512	AMR	0.0000	0.8516	0.0000	0.1484	0.0000	0.8516	AMR	1	0
HG02008	1KG	PEL	AMR	-	0.0000	0.7904	0.0000	0.2023	0.0073	0.7904	AMR	0.0000	0.7908	0.0000	0.2023	0.0068	0.7908	AMR	1	0
HG01997	1KG	PEL	AMR	-	0.0000	0.8315	0.0000	0.1684	0.0000	0.8315	AMR	0.0000	0.8320	0.0000	0.1679	0.0000	0.8320	AMR	1	0
HG02002	1KG	PEL	AMR	-	0.0000	0.7163	0.0000	0.2837	0.0000	0.7163	AMR	0.0000	0.7169	0.0000	0.2831	0.0000	0.7169	AMR	1	0
HG02003	1KG	PEL	AMR	-	0.0000	0.7603	0.0000	0.2397	0.0000	0.7603	AMR	0.0000	0.7609	0.0000	0.2391	0.0000	0.7609	AMR	1	0
HG02090	1KG	PEL	AMR	-	0.1276	0.5072	0.0000	0.3652	0.0000	0.5072	AMR	0.1276	0.5078	0.0000	0.3645	0.0000	0.5078	AMR	1	0
HG02089	1KG	PEL	AMR	-	0.0154	0.5913	0.0000	0.3932	0.0000	0.5913	AMR	0.0155	0.5919	0.0000	0.3925	0.0000	0.5919	AMR	1	0
HG02104	1KG	PEL	AMR	-	0.0000	0.8412	0.0000	0.1588	0.0000	0.8412	AMR	0.0000	0.8416	0.0000	0.1584	0.0000	0.8416	AMR	1	0
HG02105	1KG	PEL	AMR	-	0.0000	0.9018	0.0050	0.0932	0.0000	0.9018	AMR	0.0000	0.9025	0.0044	0.0930	0.0000	0.9025	AMR	1	0
HG02017	1KG	KHV	EAS	-	0.0000	0.0000	0.9768	0.0000	0.0232	0.9768	EAS	0.0000	0.0000	0.9742	0.0000	0.0258	0.9742	EAS	1	1
HG02016	1KG	KHV	EAS	-	0.0000	0.0000	0.9081	0.0000	0.0919	0.9081	EAS	0.0000	0.0000	0.9038	0.0039	0.0922	0.9038	EAS	1	0
HG02020	1KG	KHV	EAS	-	0.0000	0.0000	0.9899	0.0000	0.0100	0.9899	EAS	0.0000	0.0000	0.9863	0.0000	0.0137	0.9863	EAS	1	1
HG02019	1KG	KHV	EAS	-	0.0000	0.0000	0.9945	0.0000	0.0055	0.9945	EAS	0.0000	0.0000	0.9894	0.0000	0.0106	0.9894	EAS	1	1
HG02023	1KG	KHV	EAS	-	0.0000	0.0000	1.0000	0.0000	0.0000	1.0000	EAS	0.0000	0.0000	1.0000	0.0000	0.0000	1.0000	EAS	1	1
HG02026	1KG	KHV	EAS	-	0.0000	0.0000	1.0000	0.0000	0.0000	1.0000	EAS	0.0000	0.0000	1.0000	0.0000	0.0000	1.0000	EAS	1	1
HG02025	1KG	KHV	EAS	-	0.0000	0.0000	1.0000	0.0000	0.0000	1.0000	EAS	0.0000	0.0000	1.0000	0.0000	0.0000	1.0000	EAS	1	1
HG02029	1KG	KHV	EAS	-	0.0000	0.0000	1.0000	0.0000	0.0000	1.0000	EAS	0.0000	0.0000	1.0000	0.0000	0.0000	1.0000	EAS	1	1
HG02028	1KG	KHV	EAS	-	0.0000	0.0000	1.0000	0.0000	0.0000	1.0000	EAS	0.0000	0.0000	0.9939	0.0000	0.0060	0.9939	EAS	1	1
HG02058	1KG	KHV	EAS	-	0.0000	0.0000	0.9575	0.0000	0.0424	0.9575	EAS	0.0000	0.0000	0.9538	0.0000	0.0462	0.9538	EAS	1	1
HG02057	1KG	KHV	EAS	-	0.0000	0.0000	0.9942	0.0000	0.0057	0.9942	EAS	0.0000	0.0000	0.9889	0.0000	0.0110	0.9889	EAS	1	1
HG02070	1KG	KHV	EAS	-	0.0000	0.0000	0.9856	0.0000	0.0144	0.9856	EAS	0.0000	0.0000	0.9827	0.0000	0.0173	0.9827	EAS	1	1
HG02069	1KG	KHV	EAS	-	0.0000	0.0000	0.9801	0.0000	0.0198	0.9801	EAS	0.0000	0.0000	0.9773	0.0000	0.0227	0.9773	EAS	1	1
HG02073	1KG	KHV	EAS	-	0.0000	0.0000	1.0000	0.0000	0.0000	1.0000	EAS	0.0000	0.0000	0.9950	0.0000	0.0049	0.9950	EAS	1	1
HG02072	1KG	KHV	EAS	-	0.0000	0.0000	0.9804	0.0000	0.0195	0.9804	EAS	0.0000	0.0000	0.9776	0.0000	0.0224	0.9776	EAS	1	1
HG02076	1KG	KHV	EAS	-	0.0000	0.0000	1.0000	0.0000	0.0000	1.0000	EAS	0.0000	0.0000	1.0000	0.0000	0.0000	1.0000	EAS	1	1
HG02075	1KG	KHV	EAS	-	0.0000	0.0000	0.9842	0.0000	0.0158	0.9842	EAS	0.0000	0.0000	0.9809	0.0000	0.0190	0.9809	EAS	1	1
HG02079	1KG	KHV	EAS	-	0.0000	0.0000	0.9930	0.0000	0.0070	0.9930	EAS	0.0000	0.0000	0.9883	0.0000	0.0116	0.9883	EAS	1	1
HG02078	1KG	KHV	EAS	-	0.0000	0.0000	1.0000	0.0000	0.0000	1.0000	EAS	0.0000	0.0000	1.0000	0.0000	0.0000	1.0000	EAS	1	1
HG02082	1KG	KHV	EAS	-	0.0000	0.0000	1.0000	0.0000	0.0000	1.0000	EAS	0.0000	0.0000	0.9996	0.0000	0.0004	0.9996	EAS	1	1
HG02081	1KG	KHV	EAS	-	0.0000	0.0000	1.0000	0.0000	0.0000	1.0000	EAS	0.0000	0.0000	0.9949	0.0000	0.0050	0.9949	EAS	1	1
HG02085	1KG	KHV	EAS	-	0.0000	0.0000	0.9893	0.0000	0.0107	0.9893	EAS	0.0000	0.0000	0.9850	0.0000	0.0149	0.9850	EAS	1	1
HG02084	1KG	KHV	EAS	-	0.0000	0.0000	0.9834	0.0000	0.0166	0.9834	EAS	0.0000	0.0000	0.9808	0.0000	0.0192	0.9808	EAS	1	1
HG02134	1KG	KHV	EAS	-	0.0000	0.0000	0.9855	0.0000	0.0145	0.9855	EAS	0.0000	0.0000	0.9833	0.0000	0.0166	0.9833	EAS	1	1
HG02133	1KG	KHV	EAS	-	0.0000	0.0000	0.9948	0.0000	0.0051	0.9948	EAS	0.0000	0.0000	0.9887	0.0000	0.0113	0.9887	EAS	1	1
HG01841	1KG	KHV	EAS	-	0.0000	0.0000	1.0000	0.0000	0.0000	1.0000	EAS	0.0000	0.0000	1.0000	0.0000	0.0000	1.0000	EAS	1	1
HG01595	1KG	KHV	EAS	-	0.0000	0.0000	1.0000	0.0000	0.0000	1.0000	EAS	0.0000	0.0000	1.0000	0.0000	0.0000	1.0000	EAS	1	1
HG01596	1KG	KHV	EAS	-	0.0000	0.0000	0.9740	0.0000	0.0260	0.9740	EAS	0.0000	0.0000	0.9710	0.0000	0.0290	0.9710	EAS	1	1
HG01597	1KG	KHV	EAS	-	0.0000	0.0000	0.9898	0.0000	0.0102	0.9898	EAS	0.0000	0.0000	0.9870	0.0000	0.0130	0.9870	EAS	1	1
HG01598	1KG	KHV	EAS	-	0.0000	0.0000	0.9890	0.0000	0.0110	0.9890	EAS	0.0000	0.0000	0.9859	0.0000	0.0141	0.9859	EAS	1	1
HG01599	1KG	KHV	EAS	-	0.0000	0.0000	0.9893	0.0000	0.0107	0.9893	EAS	0.0000	0.0000	0.9860	0.0000	0.0140	0.9860	EAS	1	1
HG01600	1KG	KHV	EAS	-	0.0000	0.0000	1.0000	0.0000	0.0000	1.0000	EAS	0.0000	0.0000	1.0000	0.0000	0.0000	1.0000	EAS	1	1
HG01840	1KG	KHV	EAS	-	0.0000	0.0000	1.0000	0.0000	0.0000	1.0000	EAS	0.0000	0.0000	1.0000	0.0000	0.0000	1.0000	EAS	1	1
HG01842	1KG	KHV	EAS	-	0.0000	0.0000	0.9910	0.0000	0.0090	0.9910	EAS	0.0000	0.0000	0.9868	0.0000	0.0131	0.9868	EAS	1	1
HG01843	1KG	KHV	EAS	-	0.0000	0.0000	1.0000	0.0000	0.0000	1.0000	EAS	0.0000	0.0000	1.0000	0.0000	0.0000	1.0000	EAS	1	1
HG01844	1KG	KHV	EAS	-	0.0000	0.0000	0.9903	0.0000	0.0097	0.9903	EAS	0.0000	0.0000	0.9862	0.0000	0.0138	0.9862	EAS	1	1
HG01845	1KG	KHV	EAS	-	0.0000	0.0000	0.9889	0.0000	0.0110	0.9889	EAS	0.0000	0.0000	0.9854	0.0000	0.0145	0.9854	EAS	1	1
HG01846	1KG	KHV	EAS	-	0.0000	0.0000	0.9853	0.0000	0.0147	0.9853	EAS	0.0000	0.0000	0.9815	0.0000	0.0184	0.9815	EAS	1	1
HG01847	1KG	KHV	EAS	-	0.0000	0.0000	0.9867	0.0000	0.0132	0.9867	EAS	0.0000	0.0000	0.9833	0.0000	0.0167	0.9833	EAS	1	1
HG01848	1KG	KHV	EAS	-	0.0000	0.0000	1.0000	0.0000	0.0000	1.0000	EAS	0.0000	0.0000	0.9946	0.0000	0.0054	0.9946	EAS	1	1
HG01849	1KG	KHV	EAS	-	0.0000	0.0000	0.9800	0.0000	0.0200	0.9800	EAS	0.0000	0.0000	0.9766	0.0000	0.0234	0.9766	EAS	1	1
HG01850	1KG	KHV	EAS	-	0.0000	0.0000	0.9888	0.0000	0.0112	0.9888	EAS	0.0000	0.0000	0.9856	0.0000	0.0143	0.9856	EAS	1	1
HG01851	1KG	KHV	EAS	-	0.0000	0.0000	1.0000	0.0000	0.0000	1.0000	EAS	0.0000	0.0000	1.0000	0.0000	0.0000	1.0000	EAS	1	1
HG01852	1KG	KHV	EAS	-	0.0000	0.0000	0.9874	0.0000	0.0126	0.9874	EAS	0.0000	0.0000	0.9835	0.0000	0.0165	0.9835	EAS	1	1
HG01853	1KG	KHV	EAS	-	0.0000	0.0000	0.9956	0.0000	0.0043	0.9956	EAS	0.0000	0.0000	0.9912	0.0000	0.0088	0.9912	EAS	1	1
HG01855	1KG	KHV	EAS	-	0.0000	0.0000	0.9848	0.0000	0.0152	0.9848	EAS	0.0000	0.0000	0.9808	0.0000	0.0191	0.9808	EAS	1	1
HG01857	1KG	KHV	EAS	-	0.0000	0.0000	0.9906	0.0000	0.0093	0.9906	EAS	0.0000	0.0000	0.9871	0.0000	0.0129	0.9871	EAS	1	1
HG01858	1KG	KHV	EAS	-	0.0000	0.0000	1.0000	0.0000	0.0000	1.0000	EAS	0.0000	0.0000	0.9963	0.0000	0.0036	0.9963	EAS	1	1
HG01859	1KG	KHV	EAS	-	0.0000	0.0000	1.0000	0.0000	0.0000	1.0000	EAS	0.0000	0.0000	1.0000	0.0000	0.0000	1.0000	EAS	1	1
HG01860	1KG	KHV	EAS	-	0.0000	0.0000	1.0000	0.0000	0.0000	1.0000	EAS	0.0000	0.0000	0.9993	0.0000	0.0007	0.9993	EAS	1	1
HG01861	1KG	KHV	EAS	-	0.0000	0.0000	0.9832	0.0000	0.0168	0.9832	EAS	0.0000	0.0000	0.9804	0.0000	0.0196	0.9804	EAS	1	1
HG01862	1KG	KHV	EAS	-	0.0000	0.0000	0.9904	0.0000	0.0095	0.9904	EAS	0.0000	0.0000	0.9872	0.0000	0.0127	0.9872	EAS	1	1
HG01863	1KG	KHV	EAS	-	0.0000	0.0000	1.0000	0.0000	0.0000	1.0000	EAS	0.0000	0.0000	1.0000	0.0000	0.0000	1.0000	EAS	1	1
HG01864	1KG	KHV	EAS	-	0.0000	0.0000	0.9994	0.0000	0.0006	0.9994	EAS	0.0000	0.0000	0.9920	0.0000	0.0080	0.9920	EAS	1	1
HG01865	1KG	KHV	EAS	-	0.0000	0.0000	1.0000	0.0000	0.0000	1.0000	EAS	0.0000	0.0000	1.0000	0.0000	0.0000	1.0000	EAS	1	1
HG01866	1KG	KHV	EAS	-	0.0000	0.0000	0.9871	0.0000	0.0129	0.9871	EAS	0.0000	0.0000	0.9845	0.0000	0.0155	0.9845	EAS	1	1
HG01867	1KG	KHV	EAS	-	0.0000	0.0000	0.9834	0.0000	0.0166	0.9834	EAS	0.0000	0.0000	0.9810	0.0000	0.0190	0.9810	EAS	1	1
HG01868	1KG	KHV	EAS	-	0.0000	0.0000	1.0000	0.0000	0.0000	1.0000	EAS	0.0000	0.0000	0.9938	0.0000	0.0061	0.9938	EAS	1	1
HG01869	1KG	KHV	EAS	-	0.0000	0.0000	0.9972	0.0000	0.0027	0.9972	EAS	0.0000	0.0000	0.9919	0.0000	0.0081	0.9919	EAS	1	1
HG01870	1KG	KHV	EAS	-	0.0000	0.0000	1.0000	0.0000	0.0000	1.0000	EAS	0.0000	0.0000	1.0000	0.0000	0.0000	1.0000	EAS	1	1
HG01871	1KG	KHV	EAS	-	0.0000	0.0000	0.9850	0.0000	0.0150	0.9850	EAS	0.0000	0.0000	0.9823	0.0000	0.0177	0.9823	EAS	1	1
HG01872	1KG	KHV	EAS	-	0.0000	0.0000	0.9917	0.0000	0.0083	0.9917	EAS	0.0000	0.0000	0.9879	0.0000	0.0120	0.9879	EAS	1	1
HG01873	1KG	KHV	EAS	-	0.0000	0.0000	0.9921	0.0000	0.0079	0.9921	EAS	0.0000	0.0000	0.9883	0.0000	0.0117	0.9883	EAS	1	1
HG01874	1KG	KHV	EAS	-	0.0000	0.0000	0.9909	0.0000	0.0090	0.9909	EAS	0.0000	0.0000	0.9870	0.0000	0.0130	0.9870	EAS	1	1
HG01878	1KG	KHV	EAS	-	0.0000	0.0000	0.9861	0.0000	0.0139	0.9861	EAS	0.0000	0.0000	0.9824	0.0000	0.0176	0.9824	EAS	1	1
HG02048	1KG	KHV	EAS	-	0.0000	0.0000	0.9824	0.0000	0.0176	0.9824	EAS	0.0000	0.0000	0.9802	0.0000	0.0197	0.9802	EAS	1	1
HG02049	1KG	KHV	EAS	-	0.0000	0.0000	0.9819	0.0000	0.0180	0.9819	EAS	0.0000	0.0000	0.9791	0.0000	0.0209	0.9791	EAS	1	1
HG02086	1KG	KHV	EAS	-	0.0000	0.0000	0.9864	0.0000	0.0136	0.9864	EAS	0.0000	0.0000	0.9834	0.0000	0.0165	0.9834	EAS	1	1
HG02087	1KG	KHV	EAS	-	0.0000	0.0000	1.0000	0.0000	0.0000	1.0000	EAS	0.0000	0.0000	0.9932	0.0000	0.0067	0.9932	EAS	1	1
HG02088	1KG	KHV	EAS	-	0.0000	0.0000	1.0000	0.0000	0.0000	1.0000	EAS	0.0000	0.0000	1.0000	0.0000	0.0000	1.0000	EAS	1	1
HG02138	1KG	KHV	EAS	-	0.0000	0.0000	0.9959	0.0000	0.0040	0.9959	EAS	0.0000	0.0000	0.9892	0.0000	0.0108	0.9892	EAS	1	1
HG02139	1KG	KHV	EAS	-	0.0000	0.0000	1.0000	0.0000	0.0000	1.0000	EAS	0.0000	0.0000	1.0000	0.0000	0.0000	1.0000	EAS	1	1
HG02140	1KG	KHV	EAS	-	0.0000	0.0000	0.9980	0.0000	0.0019	0.9980	EAS	0.0000	0.0000	0.9913	0.0000	0.0086	0.9913	EAS	1	1
HG02142	1KG	KHV	EAS	-	0.0000	0.0000	0.9015	0.0963	0.0021	0.9015	EAS	0.0000	0.0000	0.8997	0.0980	0.0023	0.8997	EAS	1	0
HG01695	1KG	IBS	EUR	-	0.0446	0.0000	0.0000	0.9554	0.0000	0.9554	EUR	0.0448	0.0000	0.0000	0.9551	0.0000	0.9551	EUR	1	1
HG01709	1KG	IBS	EUR	-	0.0216	0.0000	0.0000	0.9784	0.0000	0.9784	EUR	0.0219	0.0000	0.0000	0.9781	0.0000	0.9781	EUR	1	1
HG01710	1KG	IBS	EUR	-	0.0197	0.0000	0.0000	0.9803	0.0000	0.9803	EUR	0.0199	0.0000	0.0000	0.9801	0.0000	0.9801	EUR	1	1
HG01747	1KG	IBS	EUR	-	0.0096	0.0000	0.0000	0.9903	0.0000	0.9903	EUR	0.0099	0.0000	0.0000	0.9900	0.0000	0.9900	EUR	1	1
HG01746	1KG	IBS	EUR	-	0.0064	0.0000	0.0000	0.9936	0.0000	0.9936	EUR	0.0067	0.0000	0.0000	0.9932	0.0000	0.9932	EUR	1	1
HG01756	1KG	IBS	EUR	-	0.0130	0.0000	0.0000	0.9869	0.0000	0.9869	EUR	0.0133	0.0000	0.0000	0.9866	0.0000	0.9866	EUR	1	1
HG01757	1KG	IBS	EUR	-	0.0205	0.0000	0.0000	0.9794	0.0000	0.9794	EUR	0.0208	0.0000	0.0000	0.9792	0.0000	0.9792	EUR	1	1
HG01761	1KG	IBS	EUR	-	0.0075	0.0000	0.0000	0.9925	0.0000	0.9925	EUR	0.0078	0.0000	0.0000	0.9921	0.0000	0.9921	EUR	1	1
HG01762	1KG	IBS	EUR	-	0.0070	0.0000	0.0000	0.9929	0.0000	0.9929	EUR	0.0072	0.0000	0.0000	0.9927	0.0000	0.9927	EUR	1	1
HG01771	1KG	IBS	EUR	-	0.0050	0.0000	0.0000	0.9949	0.0000	0.9949	EUR	0.0054	0.0000	0.0000	0.9946	0.0000	0.9946	EUR	1	1
HG01770	1KG	IBS	EUR	-	0.0120	0.0000	0.0000	0.9880	0.0000	0.9880	EUR	0.0122	0.0000	0.0000	0.9878	0.0000	0.9878	EUR	1	1
HG01775	1KG	IBS	EUR	-	0.0047	0.0000	0.0000	0.9953	0.0000	0.9953	EUR	0.0052	0.0000	0.0000	0.9948	0.0000	0.9948	EUR	1	1
HG01773	1KG	IBS	EUR	-	0.0039	0.0000	0.0000	0.9960	0.0000	0.9960	EUR	0.0047	0.0000	0.0000	0.9953	0.0000	0.9953	EUR	1	1
HG01777	1KG	IBS	EUR	-	0.0000	0.0000	0.0000	1.0000	0.0000	1.0000	EUR	0.0000	0.0000	0.0000	1.0000	0.0000	1.0000	EUR	1	1
HG01776	1KG	IBS	EUR	-	0.0000	0.0000	0.0000	1.0000	0.0000	1.0000	EUR	0.0005	0.0000	0.0000	0.9995	0.0000	0.9995	EUR	1	1
HG01781	1KG	IBS	EUR	-	0.0052	0.0000	0.0000	0.9948	0.0000	0.9948	EUR	0.0057	0.0000	0.0000	0.9943	0.0000	0.9943	EUR	1	1
HG01779	1KG	IBS	EUR	-	0.0039	0.0000	0.0000	0.9961	0.0000	0.9961	EUR	0.0042	0.0000	0.0000	0.9957	0.0000	0.9957	EUR	1	1
HG00759	1KG	CDX	EAS	-	0.0000	0.0000	1.0000	0.0000	0.0000	1.0000	EAS	0.0000	0.0000	1.0000	0.0000	0.0000	1.0000	EAS	1	1
HG00766	1KG	CDX	EAS	-	0.0000	0.0000	1.0000	0.0000	0.0000	1.0000	EAS	0.0000	0.0000	1.0000	0.0000	0.0000	1.0000	EAS	1	1
HG00844	1KG	CDX	EAS	-	0.0000	0.0000	1.0000	0.0000	0.0000	1.0000	EAS	0.0000	0.0000	1.0000	0.0000	0.0000	1.0000	EAS	1	1
HG00851	1KG	CDX	EAS	-	0.0000	0.0000	1.0000	0.0000	0.0000	1.0000	EAS	0.0000	0.0000	1.0000	0.0000	0.0000	1.0000	EAS	1	1
HG00864	1KG	CDX	EAS	-	0.0000	0.0000	1.0000	0.0000	0.0000	1.0000	EAS	0.0000	0.0000	1.0000	0.0000	0.0000	1.0000	EAS	1	1
HG00867	1KG	CDX	EAS	-	0.0000	0.0000	1.0000	0.0000	0.0000	1.0000	EAS	0.0000	0.0000	1.0000	0.0000	0.0000	1.0000	EAS	1	1
HG00879	1KG	CDX	EAS	-	0.0000	0.0000	1.0000	0.0000	0.0000	1.0000	EAS	0.0000	0.0000	1.0000	0.0000	0.0000	1.0000	EAS	1	1
HG00956	1KG	CDX	EAS	-	0.0000	0.0000	1.0000	0.0000	0.0000	1.0000	EAS	0.0000	0.0000	1.0000	0.0000	0.0000	1.0000	EAS	1	1
HG00978	1KG	CDX	EAS	-	0.0000	0.0000	1.0000	0.0000	0.0000	1.0000	EAS	0.0000	0.0000	1.0000	0.0000	0.0000	1.0000	EAS	1	1
HG00982	1KG	CDX	EAS	-	0.0000	0.0000	1.0000	0.0000	0.0000	1.0000	EAS	0.0000	0.0000	1.0000	0.0000	0.0000	1.0000	EAS	1	1
HG01028	1KG	CDX	EAS	-	0.0000	0.0000	1.0000	0.0000	0.0000	1.0000	EAS	0.0000	0.0000	1.0000	0.0000	0.0000	1.0000	EAS	1	1
HG01029	1KG	CDX	EAS	-	0.0000	0.0000	1.0000	0.0000	0.0000	1.0000	EAS	0.0000	0.0000	1.0000	0.0000	0.0000	1.0000	EAS	1	1
HG01031	1KG	CDX	EAS	-	0.0000	0.0000	1.0000	0.0000	0.0000	1.0000	EAS	0.0000	0.0000	1.0000	0.0000	0.0000	1.0000	EAS	1	1
HG01046	1KG	CDX	EAS	-	0.0000	0.0000	1.0000	0.0000	0.0000	1.0000	EAS	0.0000	0.0000	1.0000	0.0000	0.0000	1.0000	EAS	1	1
HG01794	1KG	CDX	EAS	-	0.0000	0.0000	1.0000	0.0000	0.0000	1.0000	EAS	0.0000	0.0000	1.0000	0.0000	0.0000	1.0000	EAS	1	1
HG01795	1KG	CDX	EAS	-	0.0000	0.0000	1.0000	0.0000	0.0000	1.0000	EAS	0.0000	0.0000	1.0000	0.0000	0.0000	1.0000	EAS	1	1
HG01796	1KG	CDX	EAS	-	0.0000	0.0000	1.0000	0.0000	0.0000	1.0000	EAS	0.0000	0.0000	1.0000	0.0000	0.0000	1.0000	EAS	1	1
HG01797	1KG	CDX	EAS	-	0.0000	0.0000	1.0000	0.0000	0.0000	1.0000	EAS	0.0000	0.0000	1.0000	0.0000	0.0000	1.0000	EAS	1	1
HG01798	1KG	CDX	EAS	-	0.0000	0.0000	1.0000	0.0000	0.0000	1.0000	EAS	0.0000	0.0000	1.0000	0.0000	0.0000	1.0000	EAS	1	1
HG01799	1KG	CDX	EAS	-	0.0000	0.0000	1.0000	0.0000	0.0000	1.0000	EAS	0.0000	0.0000	1.0000	0.0000	0.0000	1.0000	EAS	1	1
HG01800	1KG	CDX	EAS	-	0.0000	0.0000	1.0000	0.0000	0.0000	1.0000	EAS	0.0000	0.0000	1.0000	0.0000	0.0000	1.0000	EAS	1	1
HG01801	1KG	CDX	EAS	-	0.0000	0.0000	1.0000	0.0000	0.0000	1.0000	EAS	0.0000	0.0000	1.0000	0.0000	0.0000	1.0000	EAS	1	1
HG01802	1KG	CDX	EAS	-	0.0000	0.0000	1.0000	0.0000	0.0000	1.0000	EAS	0.0000	0.0000	1.0000	0.0000	0.0000	1.0000	EAS	1	1
HG01804	1KG	CDX	EAS	-	0.0000	0.0000	1.0000	0.0000	0.0000	1.0000	EAS	0.0000	0.0000	1.0000	0.0000	0.0000	1.0000	EAS	1	1
HG01805	1KG	CDX	EAS	-	0.0000	0.0000	1.0000	0.0000	0.0000	1.0000	EAS	0.0000	0.0000	1.0000	0.0000	0.0000	1.0000	EAS	1	1
HG01806	1KG	CDX	EAS	-	0.0000	0.0000	1.0000	0.0000	0.0000	1.0000	EAS	0.0000	0.0000	1.0000	0.0000	0.0000	1.0000	EAS	1	1
HG01807	1KG	CDX	EAS	-	0.0000	0.0000	1.0000	0.0000	0.0000	1.0000	EAS	0.0000	0.0000	1.0000	0.0000	0.0000	1.0000	EAS	1	1
HG01808	1KG	CDX	EAS	-	0.0000	0.0000	1.0000	0.0000	0.0000	1.0000	EAS	0.0000	0.0000	1.0000	0.0000	0.0000	1.0000	EAS	1	1
HG01809	1KG	CDX	EAS	-	0.0000	0.0000	1.0000	0.0000	0.0000	1.0000	EAS	0.0000	0.0000	1.0000	0.0000	0.0000	1.0000	EAS	1	1
HG01810	1KG	CDX	EAS	-	0.0000	0.0000	1.0000	0.0000	0.0000	1.0000	EAS	0.0000	0.0000	1.0000	0.0000	0.0000	1.0000	EAS	1	1
HG01811	1KG	CDX	EAS	-	0.0000	0.0000	1.0000	0.0000	0.0000	1.0000	EAS	0.0000	0.0000	1.0000	0.0000	0.0000	1.0000	EAS	1	1
HG01812	1KG	CDX	EAS	-	0.0000	0.0000	1.0000	0.0000	0.0000	1.0000	EAS	0.0000	0.0000	1.0000	0.0000	0.0000	1.0000	EAS	1	1
HG01813	1KG	CDX	EAS	-	0.0000	0.0000	1.0000	0.0000	0.0000	1.0000	EAS	0.0000	0.0000	1.0000	0.0000	0.0000	1.0000	EAS	1	1
HG02151	1KG	CDX	EAS	-	0.0000	0.0000	1.0000	0.0000	0.0000	1.0000	EAS	0.0000	0.0000	1.0000	0.0000	0.0000	1.0000	EAS	1	1
HG01815	1KG	CDX	EAS	-	0.0000	0.0000	1.0000	0.0000	0.0000	1.0000	EAS	0.0000	0.0000	1.0000	0.0000	0.0000	1.0000	EAS	1	1
HG01816	1KG	CDX	EAS	-	0.0000	0.0000	1.0000	0.0000	0.0000	1.0000	EAS	0.0000	0.0000	1.0000	0.0000	0.0000	1.0000	EAS	1	1
HG01817	1KG	CDX	EAS	-	0.0000	0.0000	1.0000	0.0000	0.0000	1.0000	EAS	0.0000	0.0000	1.0000	0.0000	0.0000	1.0000	EAS	1	1
HG02152	1KG	CDX	EAS	-	0.0000	0.0000	1.0000	0.0000	0.0000	1.0000	EAS	0.0000	0.0000	1.0000	0.0000	0.0000	1.0000	EAS	1	1
HG02153	1KG	CDX	EAS	-	0.0000	0.0000	1.0000	0.0000	0.0000	1.0000	EAS	0.0000	0.0000	1.0000	0.0000	0.0000	1.0000	EAS	1	1
HG02154	1KG	CDX	EAS	-	0.0000	0.0000	1.0000	0.0000	0.0000	1.0000	EAS	0.0000	0.0000	1.0000	0.0000	0.0000	1.0000	EAS	1	1
HG02155	1KG	CDX	EAS	-	0.0000	0.0000	1.0000	0.0000	0.0000	1.0000	EAS	0.0000	0.0000	1.0000	0.0000	0.0000	1.0000	EAS	1	1
HG02156	1KG	CDX	EAS	-	0.0000	0.0000	1.0000	0.0000	0.0000	1.0000	EAS	0.0000	0.0000	1.0000	0.0000	0.0000	1.0000	EAS	1	1
HG02164	1KG	CDX	EAS	-	0.0000	0.0000	1.0000	0.0000	0.0000	1.0000	EAS	0.0000	0.0000	1.0000	0.0000	0.0000	1.0000	EAS	1	1
HG02165	1KG	CDX	EAS	-	0.0000	0.0000	1.0000	0.0000	0.0000	1.0000	EAS	0.0000	0.0000	1.0000	0.0000	0.0000	1.0000	EAS	1	1
HG02166	1KG	CDX	EAS	-	0.0000	0.0000	1.0000	0.0000	0.0000	1.0000	EAS	0.0000	0.0000	1.0000	0.0000	0.0000	1.0000	EAS	1	1
HG02178	1KG	CDX	EAS	-	0.0000	0.0000	1.0000	0.0000	0.0000	1.0000	EAS	0.0000	0.0000	1.0000	0.0000	0.0000	1.0000	EAS	1	1
HG02180	1KG	CDX	EAS	-	0.0000	0.0000	1.0000	0.0000	0.0000	1.0000	EAS	0.0000	0.0000	1.0000	0.0000	0.0000	1.0000	EAS	1	1
HG02181	1KG	CDX	EAS	-	0.0000	0.0000	1.0000	0.0000	0.0000	1.0000	EAS	0.0000	0.0000	1.0000	0.0000	0.0000	1.0000	EAS	1	1
HG02182	1KG	CDX	EAS	-	0.0000	0.0000	1.0000	0.0000	0.0000	1.0000	EAS	0.0000	0.0000	1.0000	0.0000	0.0000	1.0000	EAS	1	1
HG02184	1KG	CDX	EAS	-	0.0000	0.0000	1.0000	0.0000	0.0000	1.0000	EAS	0.0000	0.0000	1.0000	0.0000	0.0000	1.0000	EAS	1	1
HG02185	1KG	CDX	EAS	-	0.0000	0.0000	1.0000	0.0000	0.0000	1.0000	EAS	0.0000	0.0000	1.0000	0.0000	0.0000	1.0000	EAS	1	1
HG02186	1KG	CDX	EAS	-	0.0000	0.0000	1.0000	0.0000	0.0000	1.0000	EAS	0.0000	0.0000	1.0000	0.0000	0.0000	1.0000	EAS	1	1
HG02187	1KG	CDX	EAS	-	0.0000	0.0000	1.0000	0.0000	0.0000	1.0000	EAS	0.0000	0.0000	1.0000	0.0000	0.0000	1.0000	EAS	1	1
HG02188	1KG	CDX	EAS	-	0.0000	0.0000	1.0000	0.0000	0.0000	1.0000	EAS	0.0000	0.0000	1.0000	0.0000	0.0000	1.0000	EAS	1	1
HG02190	1KG	CDX	EAS	-	0.0000	0.0000	1.0000	0.0000	0.0000	1.0000	EAS	0.0000	0.0000	1.0000	0.0000	0.0000	1.0000	EAS	1	1
HG01789	1KG	GBR	EUR	-	0.0000	0.0000	0.0000	1.0000	0.0000	1.0000	EUR	0.0000	0.0000	0.0000	1.0000	0.0000	1.0000	EUR	1	1
HG01790	1KG	GBR	EUR	-	0.0000	0.0000	0.0000	1.0000	0.0000	1.0000	EUR	0.0000	0.0000	0.0000	1.0000	0.0000	1.0000	EUR	1	1
HG01791	1KG	GBR	EUR	-	0.0000	0.0000	0.0000	1.0000	0.0000	1.0000	EUR	0.0000	0.0000	0.0000	1.0000	0.0000	1.0000	EUR	1	1
HG02215	1KG	GBR	EUR	-	0.0000	0.0000	0.0000	1.0000	0.0000	1.0000	EUR	0.0000	0.0000	0.0000	1.0000	0.0000	1.0000	EUR	1	1
HG01882	1KG	ACB	AFR	-	0.9687	0.0000	0.0000	0.0312	0.0000	0.9687	AFR	0.9687	0.0000	0.0000	0.0313	0.0000	0.9687	AFR	1	1
HG01883	1KG	ACB	AFR	-	0.8627	0.0000	0.0000	0.1373	0.0000	0.8627	AFR	0.8627	0.0000	0.0000	0.1373	0.0000	0.8627	AFR	1	0
HG01885	1KG	ACB	AFR	-	0.9447	0.0000	0.0000	0.0553	0.0000	0.9447	AFR	0.9446	0.0000	0.0000	0.0553	0.0000	0.9446	AFR	1	1
HG01956	1KG	ACB	AFR	-	0.9249	0.0000	0.0000	0.0751	0.0000	0.9249	AFR	0.9248	0.0000	0.0000	0.0751	0.0000	0.9248	AFR	1	0
HG02014	1KG	ACB	AFR	-	0.8747	0.0000	0.0000	0.1253	0.0000	0.8747	AFR	0.8746	0.0000	0.0000	0.1253	0.0000	0.8746	AFR	1	0
HG01886	1KG	ACB	AFR	-	0.8860	0.0000	0.0000	0.1140	0.0000	0.8860	AFR	0.8859	0.0000	0.0000	0.1140	0.0000	0.8859	AFR	1	0
HG01890	1KG	ACB	AFR	-	0.8792	0.0010	0.0000	0.1197	0.0000	0.8792	AFR	0.8792	0.0011	0.0000	0.1196	0.0000	0.8792	AFR	1	0
HG01889	1KG	ACB	AFR	-	0.9701	0.0000	0.0000	0.0299	0.0000	0.9701	AFR	0.9700	0.0000	0.0000	0.0299	0.0000	0.9700	AFR	1	1
HG02009	1KG	ACB	AFR	-	0.8582	0.0000	0.0000	0.1418	0.0000	0.8582	AFR	0.8581	0.0000	0.0000	0.1419	0.0000	0.8581	AFR	1	0
HG02010	1KG	ACB	AFR	-	0.8397	0.0000	0.0000	0.1602	0.0000	0.8397	AFR	0.8397	0.0000	0.0000	0.1602	0.0000	0.8397	AFR	1	0
HG02285	1KG	PEL	AMR	-	0.0028	0.7317	0.0000	0.2618	0.0037	0.7317	AMR	0.0029	0.7323	0.0000	0.2617	0.0031	0.7323	AMR	1	0
HG02286	1KG	PEL	AMR	-	0.0000	0.6851	0.0000	0.3149	0.0000	0.6851	AMR	0.0000	0.6857	0.0000	0.3143	0.0000	0.6857	AMR	1	0
HG02301	1KG	PEL	AMR	-	0.0000	0.7725	0.0000	0.2275	0.0000	0.7725	AMR	0.0000	0.7730	0.0000	0.2270	0.0000	0.7730	AMR	1	0
HG01783	1KG	IBS	EUR	-	0.0174	0.0000	0.0000	0.9826	0.0000	0.9826	EUR	0.0176	0.0000	0.0000	0.9823	0.0000	0.9823	EUR	1	1
HG01784	1KG	IBS	EUR	-	0.0127	0.0000	0.0000	0.9873	0.0000	0.9873	EUR	0.0129	0.0000	0.0000	0.9870	0.0000	0.9870	EUR	1	1
HG02221	1KG	IBS	EUR	-	0.0098	0.0000	0.0000	0.9902	0.0000	0.9902	EUR	0.0100	0.0000	0.0000	0.9900	0.0000	0.9900	EUR	1	1
HG02220	1KG	IBS	EUR	-	0.0000	0.0000	0.0000	1.0000	0.0000	1.0000	EUR	0.0000	0.0000	0.0000	1.0000	0.0000	1.0000	EUR	1	1
HG02236	1KG	IBS	EUR	-	0.0135	0.0000	0.0000	0.9864	0.0000	0.9864	EUR	0.0137	0.0000	0.0000	0.9863	0.0000	0.9863	EUR	1	1
HG02235	1KG	IBS	EUR	-	0.0101	0.0000	0.0000	0.9899	0.0000	0.9899	EUR	0.0103	0.0000	0.0000	0.9897	0.0000	0.9897	EUR	1	1
HG02113	1KG	KHV	EAS	-	0.0000	0.0000	0.9868	0.0000	0.0132	0.9868	EAS	0.0000	0.0000	0.9842	0.0000	0.0158	0.9842	EAS	1	1
HG02141	1KG	KHV	EAS	-	0.0000	0.0000	0.9834	0.0000	0.0166	0.9834	EAS	0.0000	0.0000	0.9806	0.0000	0.0193	0.9806	EAS	1	1
HG02122	1KG	KHV	EAS	-	0.0000	0.0000	1.0000	0.0000	0.0000	1.0000	EAS	0.0000	0.0000	0.9999	0.0000	0.0001	0.9999	EAS	1	1
HG02121	1KG	KHV	EAS	-	0.0000	0.0000	0.9961	0.0000	0.0038	0.9961	EAS	0.0000	0.0000	0.9907	0.0000	0.0093	0.9907	EAS	1	1
HG02128	1KG	KHV	EAS	-	0.0000	0.0000	0.9879	0.0000	0.0120	0.9879	EAS	0.0000	0.0000	0.9842	0.0000	0.0158	0.9842	EAS	1	1
HG02127	1KG	KHV	EAS	-	0.0000	0.0000	1.0000	0.0000	0.0000	1.0000	EAS	0.0000	0.0000	1.0000	0.0000	0.0000	1.0000	EAS	1	1
HG02373	1KG	CDX	EAS	-	0.0000	0.0000	1.0000	0.0000	0.0000	1.0000	EAS	0.0000	0.0000	1.0000	0.0000	0.0000	1.0000	EAS	1	1
HG02394	1KG	CDX	EAS	-	0.0000	0.0000	1.0000	0.0000	0.0000	1.0000	EAS	0.0000	0.0000	1.0000	0.0000	0.0000	1.0000	EAS	1	1
HG02396	1KG	CDX	EAS	-	0.0000	0.0000	1.0000	0.0000	0.0000	1.0000	EAS	0.0000	0.0000	1.0000	0.0000	0.0000	1.0000	EAS	1	1
HG02397	1KG	CDX	EAS	-	0.0000	0.0000	1.0000	0.0000	0.0000	1.0000	EAS	0.0000	0.0000	1.0000	0.0000	0.0000	1.0000	EAS	1	1
HG01914	1KG	ACB	AFR	-	0.8467	0.0049	0.0000	0.1483	0.0000	0.8467	AFR	0.8467	0.0049	0.0000	0.1484	0.0000	0.8467	AFR	1	0
HG01915	1KG	ACB	AFR	-	0.9290	0.0000	0.0000	0.0710	0.0000	0.9290	AFR	0.9290	0.0000	0.0000	0.0710	0.0000	0.9290	AFR	1	0
HG01986	1KG	ACB	AFR	-	0.8746	0.0000	0.0000	0.1254	0.0000	0.8746	AFR	0.8746	0.0000	0.0000	0.1254	0.0000	0.8746	AFR	1	0
HG01958	1KG	ACB	AFR	-	0.8624	0.0000	0.0015	0.1344	0.0017	0.8624	AFR	0.8624	0.0000	0.0016	0.1348	0.0012	0.8624	AFR	1	0
HG01990	1KG	ACB	AFR	-	0.9301	0.0000	0.0000	0.0699	0.0000	0.9301	AFR	0.9300	0.0000	0.0000	0.0700	0.0000	0.9300	AFR	1	1
HG02012	1KG	ACB	AFR	-	0.9252	0.0000	0.0000	0.0748	0.0000	0.9252	AFR	0.9251	0.0000	0.0000	0.0748	0.0000	0.9251	AFR	1	0
HG02053	1KG	ACB	AFR	-	0.9395	0.0000	0.0000	0.0605	0.0000	0.9395	AFR	0.9394	0.0000	0.0000	0.0605	0.0000	0.9394	AFR	1	1
HG02054	1KG	ACB	AFR	-	0.8698	0.0000	0.0000	0.1301	0.0000	0.8698	AFR	0.8698	0.0000	0.0000	0.1302	0.0000	0.8698	AFR	1	0
HG02255	1KG	ACB	AFR	-	0.9289	0.0000	0.0000	0.0711	0.0000	0.9289	AFR	0.9288	0.0000	0.0000	0.0711	0.0000	0.9288	AFR	1	0
HG02256	1KG	ACB	AFR	-	0.7855	0.0175	0.0000	0.1969	0.0000	0.7855	AFR	0.7855	0.0176	0.0000	0.1969	0.0000	0.7855	AFR	1	0
HG02314	1KG	ACB	AFR	-	0.9348	0.0000	0.0000	0.0652	0.0000	0.9348	AFR	0.9348	0.0000	0.0000	0.0652	0.0000	0.9348	AFR	1	1
HG02315	1KG	ACB	AFR	-	0.8761	0.0000	0.0000	0.1239	0.0000	0.8761	AFR	0.8760	0.0000	0.0000	0.1239	0.0000	0.8760	AFR	1	0
HG02281	1KG	ACB	AFR	-	0.9628	0.0000	0.0000	0.0372	0.0000	0.9628	AFR	0.9627	0.0000	0.0000	0.0372	0.0000	0.9627	AFR	1	1
HG02282	1KG	ACB	AFR	-	0.8018	0.0003	0.0000	0.1978	0.0000	0.8018	AFR	0.8019	0.0004	0.0000	0.1976	0.0000	0.8019	AFR	1	0
HG02317	1KG	ACB	AFR	-	0.9469	0.0000	0.0000	0.0531	0.0000	0.9469	AFR	0.9468	0.0000	0.0000	0.0532	0.0000	0.9468	AFR	1	1
HG02318	1KG	ACB	AFR	-	0.9583	0.0000	0.0000	0.0417	0.0000	0.9583	AFR	0.9583	0.0000	0.0000	0.0417	0.0000	0.9583	AFR	1	1
HG01912	1KG	ACB	AFR	-	0.9024	0.0000	0.0000	0.0975	0.0000	0.9024	AFR	0.9024	0.0000	0.0000	0.0976	0.0000	0.9024	AFR	1	0
HG01894	1KG	ACB	AFR	-	0.9210	0.0000	0.0000	0.0790	0.0000	0.9210	AFR	0.9209	0.0000	0.0000	0.0791	0.0000	0.9209	AFR	1	0
HG01982	1KG	PEL	AMR	-	0.0000	0.7199	0.0000	0.2801	0.0000	0.7199	AMR	0.0000	0.7205	0.0000	0.2795	0.0000	0.7205	AMR	1	0
HG02146	1KG	PEL	AMR	-	0.0000	0.8255	0.0000	0.1745	0.0000	0.8255	AMR	0.0000	0.8259	0.0000	0.1740	0.0000	0.8259	AMR	1	0
HG02147	1KG	PEL	AMR	-	0.0000	0.8678	0.0000	0.1322	0.0000	0.8678	AMR	0.0000	0.8682	0.0000	0.1318	0.0000	0.8682	AMR	1	0
HG02259	1KG	PEL	AMR	-	0.0000	0.9484	0.0000	0.0516	0.0000	0.9484	AMR	0.0000	0.9487	0.0000	0.0513	0.0000	0.9487	AMR	1	1
HG02260	1KG	PEL	AMR	-	0.0000	0.7669	0.0000	0.2330	0.0000	0.7669	AMR	0.0000	0.7674	0.0000	0.2326	0.0000	0.7674	AMR	1	0
HG02271	1KG	PEL	AMR	-	0.0000	0.9411	0.0000	0.0589	0.0000	0.9411	AMR	0.0000	0.9414	0.0000	0.0586	0.0000	0.9414	AMR	1	1
HG02272	1KG	PEL	AMR	-	0.0000	1.0000	0.0000	0.0000	0.0000	1.0000	AMR	0.0000	1.0000	0.0000	0.0000	0.0000	1.0000	AMR	1	1
HG02277	1KG	PEL	AMR	-	0.0000	0.6241	0.0000	0.3759	0.0000	0.6241	AMR	0.0000	0.6247	0.0000	0.3753	0.0000	0.6247	AMR	1	0
HG02278	1KG	PEL	AMR	-	0.0000	0.8614	0.0000	0.1358	0.0027	0.8614	AMR	0.0000	0.8616	0.0000	0.1349	0.0035	0.8616	AMR	1	0
HG02291	1KG	PEL	AMR	-	0.0000	0.9346	0.0000	0.0654	0.0000	0.9346	AMR	0.0000	0.9349	0.0000	0.0650	0.0000	0.9349	AMR	1	1
HG02292	1KG	PEL	AMR	-	0.0000	0.8026	0.0000	0.1973	0.0000	0.8026	AMR	0.0000	0.8031	0.0000	0.1968	0.0000	0.8031	AMR	1	0
HG02299	1KG	PEL	AMR	-	0.0000	0.8089	0.0000	0.1910	0.0000	0.8089	AMR	0.0000	0.8093	0.0000	0.1906	0.0000	0.8093	AMR	1	0
HG01699	1KG	IBS	EUR	-	0.0168	0.0000	0.0000	0.9832	0.0000	0.9832	EUR	0.0170	0.0000	0.0000	0.9829	0.0000	0.9829	EUR	1	1
HG01697	1KG	IBS	EUR	-	0.0206	0.0000	0.0000	0.9794	0.0000	0.9794	EUR	0.0208	0.0000	0.0000	0.9792	0.0000	0.9792	EUR	1	1
HG02224	1KG	IBS	EUR	-	0.0000	0.0000	0.0000	1.0000	0.0000	1.0000	EUR	0.0000	0.0000	0.0000	1.0000	0.0000	1.0000	EUR	1	1
HG02223	1KG	IBS	EUR	-	0.0094	0.0000	0.0000	0.9906	0.0000	0.9906	EUR	0.0096	0.0000	0.0000	0.9903	0.0000	0.9903	EUR	1	1
HG02231	1KG	IBS	EUR	-	0.0027	0.0000	0.0000	0.9972	0.0000	0.9972	EUR	0.0036	0.0000	0.0000	0.9963	0.0000	0.9963	EUR	1	1
HG02230	1KG	IBS	EUR	-	0.0000	0.0000	0.0000	1.0000	0.0000	1.0000	EUR	0.0000	0.0000	0.0000	1.0000	0.0000	1.0000	EUR	1	1
HG02238	1KG	IBS	EUR	-	0.0172	0.0000	0.0000	0.9827	0.0000	0.9827	EUR	0.0174	0.0000	0.0000	0.9826	0.0000	0.9826	EUR	1	1
HG02239	1KG	IBS	EUR	-	0.0166	0.0000	0.0000	0.9308	0.0526	0.9308	EUR	0.0170	0.0000	0.0000	0.9337	0.0493	0.9337	EUR	1	1
HG02032	1KG	KHV	EAS	-	0.0000	0.0000	1.0000	0.0000	0.0000	1.0000	EAS	0.0000	0.0000	1.0000	0.0000	0.0000	1.0000	EAS	1	1
HG02031	1KG	KHV	EAS	-	0.0000	0.0000	1.0000	0.0000	0.0000	1.0000	EAS	0.0000	0.0000	1.0000	0.0000	0.0000	1.0000	EAS	1	1
HG02050	1KG	KHV	EAS	-	0.0000	0.0000	1.0000	0.0000	0.0000	1.0000	EAS	0.0000	0.0000	1.0000	0.0000	0.0000	1.0000	EAS	1	1
HG02250	1KG	CDX	EAS	-	0.0000	0.0000	1.0000	0.0000	0.0000	1.0000	EAS	0.0000	0.0000	1.0000	0.0000	0.0000	1.0000	EAS	1	1
HG02351	1KG	CDX	EAS	-	0.0000	0.0000	1.0000	0.0000	0.0000	1.0000	EAS	0.0000	0.0000	1.0000	0.0000	0.0000	1.0000	EAS	1	1
HG02353	1KG	CDX	EAS	-	0.0000	0.0000	1.0000	0.0000	0.0000	1.0000	EAS	0.0000	0.0000	1.0000	0.0000	0.0000	1.0000	EAS	1	1
HG02355	1KG	CDX	EAS	-	0.0000	0.0000	1.0000	0.0000	0.0000	1.0000	EAS	0.0000	0.0000	1.0000	0.0000	0.0000	1.0000	EAS	1	1
HG02356	1KG	CDX	EAS	-	0.0000	0.0000	1.0000	0.0000	0.0000	1.0000	EAS	0.0000	0.0000	1.0000	0.0000	0.0000	1.0000	EAS	1	1
HG02360	1KG	CDX	EAS	-	0.0000	0.0000	1.0000	0.0000	0.0000	1.0000	EAS	0.0000	0.0000	1.0000	0.0000	0.0000	1.0000	EAS	1	1
HG02364	1KG	CDX	EAS	-	0.0000	0.0000	1.0000	0.0000	0.0000	1.0000	EAS	0.0000	0.0000	1.0000	0.0000	0.0000	1.0000	EAS	1	1
HG02367	1KG	CDX	EAS	-	0.0000	0.0000	1.0000	0.0000	0.0000	1.0000	EAS	0.0000	0.0000	1.0000	0.0000	0.0000	1.0000	EAS	1	1
HG02371	1KG	CDX	EAS	-	0.0000	0.0000	1.0000	0.0000	0.0000	1.0000	EAS	0.0000	0.0000	1.0000	0.0000	0.0000	1.0000	EAS	1	1
HG02374	1KG	CDX	EAS	-	0.0000	0.0000	1.0000	0.0000	0.0000	1.0000	EAS	0.0000	0.0000	1.0000	0.0000	0.0000	1.0000	EAS	1	1
HG02375	1KG	CDX	EAS	-	0.0000	0.0000	1.0000	0.0000	0.0000	1.0000	EAS	0.0000	0.0000	1.0000	0.0000	0.0000	1.0000	EAS	1	1
HG02380	1KG	CDX	EAS	-	0.0000	0.0000	1.0000	0.0000	0.0000	1.0000	EAS	0.0000	0.0000	1.0000	0.0000	0.0000	1.0000	EAS	1	1
HG02382	1KG	CDX	EAS	-	0.0000	0.0000	1.0000	0.0000	0.0000	1.0000	EAS	0.0000	0.0000	1.0000	0.0000	0.0000	1.0000	EAS	1	1
HG02383	1KG	CDX	EAS	-	0.0000	0.0000	1.0000	0.0000	0.0000	1.0000	EAS	0.0000	0.0000	1.0000	0.0000	0.0000	1.0000	EAS	1	1
HG02384	1KG	CDX	EAS	-	0.0000	0.0000	1.0000	0.0000	0.0000	1.0000	EAS	0.0000	0.0000	1.0000	0.0000	0.0000	1.0000	EAS	1	1
HG02385	1KG	CDX	EAS	-	0.0000	0.0000	1.0000	0.0000	0.0000	1.0000	EAS	0.0000	0.0000	1.0000	0.0000	0.0000	1.0000	EAS	1	1
HG02386	1KG	CDX	EAS	-	0.0000	0.0000	1.0000	0.0000	0.0000	1.0000	EAS	0.0000	0.0000	1.0000	0.0000	0.0000	1.0000	EAS	1	1
HG02389	1KG	CDX	EAS	-	0.0000	0.0000	1.0000	0.0000	0.0000	1.0000	EAS	0.0000	0.0000	1.0000	0.0000	0.0000	1.0000	EAS	1	1
HG02390	1KG	CDX	EAS	-	0.0000	0.0000	1.0000	0.0000	0.0000	1.0000	EAS	0.0000	0.0000	1.0000	0.0000	0.0000	1.0000	EAS	1	1
HG02391	1KG	CDX	EAS	-	0.0000	0.0000	1.0000	0.0000	0.0000	1.0000	EAS	0.0000	0.0000	1.0000	0.0000	0.0000	1.0000	EAS	1	1
HG02392	1KG	CDX	EAS	-	0.0000	0.0000	1.0000	0.0000	0.0000	1.0000	EAS	0.0000	0.0000	1.0000	0.0000	0.0000	1.0000	EAS	1	1
HG02395	1KG	CDX	EAS	-	0.0000	0.0000	1.0000	0.0000	0.0000	1.0000	EAS	0.0000	0.0000	1.0000	0.0000	0.0000	1.0000	EAS	1	1
HG02398	1KG	CDX	EAS	-	0.0000	0.0000	1.0000	0.0000	0.0000	1.0000	EAS	0.0000	0.0000	1.0000	0.0000	0.0000	1.0000	EAS	1	1
HG02399	1KG	CDX	EAS	-	0.0000	0.0000	1.0000	0.0000	0.0000	1.0000	EAS	0.0000	0.0000	1.0000	0.0000	0.0000	1.0000	EAS	1	1
HG02401	1KG	CDX	EAS	-	0.0000	0.0000	1.0000	0.0000	0.0000	1.0000	EAS	0.0000	0.0000	1.0000	0.0000	0.0000	1.0000	EAS	1	1
HG02402	1KG	CDX	EAS	-	0.0000	0.0000	1.0000	0.0000	0.0000	1.0000	EAS	0.0000	0.0000	1.0000	0.0000	0.0000	1.0000	EAS	1	1
HG02406	1KG	CDX	EAS	-	0.0000	0.0000	1.0000	0.0000	0.0000	1.0000	EAS	0.0000	0.0000	1.0000	0.0000	0.0000	1.0000	EAS	1	1
HG02407	1KG	CDX	EAS	-	0.0000	0.0000	1.0000	0.0000	0.0000	1.0000	EAS	0.0000	0.0000	1.0000	0.0000	0.0000	1.0000	EAS	1	1
HG02409	1KG	CDX	EAS	-	0.0000	0.0000	1.0000	0.0000	0.0000	1.0000	EAS	0.0000	0.0000	1.0000	0.0000	0.0000	1.0000	EAS	1	1
HG02233	1KG	IBS	EUR	-	0.0181	0.0000	0.0000	0.9818	0.0000	0.9818	EUR	0.0184	0.0000	0.0000	0.9816	0.0000	0.9816	EUR	1	1
HG02232	1KG	IBS	EUR	-	0.0181	0.0000	0.0000	0.9819	0.0000	0.9819	EUR	0.0183	0.0000	0.0000	0.9817	0.0000	0.9817	EUR	1	1
HG01879	1KG	ACB	AFR	-	0.8415	0.0000	0.0066	0.1518	0.0000	0.8415	AFR	0.8415	0.0000	0.0067	0.1518	0.0000	0.8415	AFR	1	0
HG02013	1KG	ACB	AFR	-	0.9754	0.0000	0.0000	0.0246	0.0000	0.9754	AFR	0.9753	0.0000	0.0000	0.0246	0.0000	0.9753	AFR	1	1
HG01896	1KG	ACB	AFR	-	0.9714	0.0000	0.0000	0.0286	0.0000	0.9714	AFR	0.9713	0.0000	0.0000	0.0287	0.0000	0.9713	AFR	1	1
HG01985	1KG	ACB	AFR	-	0.9228	0.0000	0.0000	0.0771	0.0000	0.9228	AFR	0.9228	0.0000	0.0000	0.0772	0.0000	0.9228	AFR	1	0
HG01988	1KG	ACB	AFR	-	0.5499	0.0000	0.0000	0.4500	0.0000	0.5499	AFR	0.5501	0.0000	0.0000	0.4499	0.0000	0.5501	AFR	1	0
HG01989	1KG	ACB	AFR	-	0.8482	0.0000	0.0000	0.1518	0.0000	0.8482	AFR	0.8482	0.0000	0.0000	0.1518	0.0000	0.8482	AFR	1	0
HG02051	1KG	ACB	AFR	-	0.9810	0.0000	0.0000	0.0189	0.0000	0.9810	AFR	0.9810	0.0000	0.0000	0.0190	0.0000	0.9810	AFR	1	1
HG02052	1KG	ACB	AFR	-	0.9689	0.0000	0.0000	0.0310	0.0000	0.9689	AFR	0.9689	0.0000	0.0000	0.0311	0.0000	0.9689	AFR	1	1
HG02095	1KG	ACB	AFR	-	0.9323	0.0000	0.0000	0.0676	0.0000	0.9323	AFR	0.9323	0.0000	0.0000	0.0677	0.0000	0.9323	AFR	1	1
HG02332	1KG	ACB	AFR	-	0.9100	0.0000	0.0000	0.0900	0.0000	0.9100	AFR	0.9099	0.0000	0.0000	0.0900	0.0000	0.9099	AFR	1	0
HG02107	1KG	ACB	AFR	-	0.9663	0.0000	0.0000	0.0336	0.0000	0.9663	AFR	0.9663	0.0000	0.0000	0.0337	0.0000	0.9663	AFR	1	1
HG02108	1KG	ACB	AFR	-	0.8290	0.0000	0.0000	0.1710	0.0000	0.8290	AFR	0.8290	0.0000	0.0000	0.1710	0.0000	0.8290	AFR	1	0
HG02111	1KG	ACB	AFR	-	0.9249	0.0000	0.0000	0.0750	0.0000	0.9249	AFR	0.9249	0.0000	0.0000	0.0751	0.0000	0.9249	AFR	1	0
HG02143	1KG	ACB	AFR	-	0.8186	0.0000	0.0023	0.1791	0.0000	0.8186	AFR	0.8186	0.0000	0.0023	0.1790	0.0000	0.8186	AFR	1	0
HG02144	1KG	ACB	AFR	-	0.9347	0.0000	0.0000	0.0653	0.0000	0.9347	AFR	0.9346	0.0000	0.0000	0.0653	0.0000	0.9346	AFR	1	1
HG02307	1KG	ACB	AFR	-	0.9423	0.0000	0.0000	0.0575	0.0002	0.9423	AFR	0.9422	0.0000	0.0000	0.0573	0.0005	0.9422	AFR	1	1
HG02308	1KG	ACB	AFR	-	0.8961	0.0000	0.0000	0.1039	0.0000	0.8961	AFR	0.8960	0.0000	0.0000	0.1039	0.0000	0.8960	AFR	1	0
HG02283	1KG	ACB	AFR	-	0.7933	0.0000	0.0000	0.2066	0.0000	0.7933	AFR	0.7934	0.0000	0.0000	0.2066	0.0000	0.7934	AFR	1	0
HG02309	1KG	ACB	AFR	-	0.8993	0.0000	0.0000	0.1007	0.0000	0.8993	AFR	0.8992	0.0000	0.0000	0.1008	0.0000	0.8992	AFR	1	0
HG02284	1KG	ACB	AFR	-	0.8438	0.0000	0.0000	0.1562	0.0000	0.8438	AFR	0.8438	0.0000	0.0000	0.1562	0.0000	0.8438	AFR	1	0
HG02322	1KG	ACB	AFR	-	0.8743	0.0000	0.0000	0.1256	0.0000	0.8743	AFR	0.8743	0.0000	0.0000	0.1257	0.0000	0.8743	AFR	1	0
HG02323	1KG	ACB	AFR	-	0.9319	0.0000	0.0000	0.0681	0.0000	0.9319	AFR	0.9318	0.0000	0.0000	0.0681	0.0000	0.9318	AFR	1	1
HG02325	1KG	ACB	AFR	-	0.9728	0.0000	0.0050	0.0221	0.0000	0.9728	AFR	0.9727	0.0000	0.0050	0.0222	0.0000	0.9727	AFR	1	1
HG02337	1KG	ACB	AFR	-	0.8801	0.0000	0.0000	0.1199	0.0000	0.8801	AFR	0.8801	0.0000	0.0000	0.1199	0.0000	0.8801	AFR	1	0
HG02334	1KG	ACB	AFR	-	0.7586	0.0000	0.0000	0.2413	0.0000	0.7586	AFR	0.7587	0.0000	0.0000	0.2413	0.0000	0.7587	AFR	1	0
HG02330	1KG	ACB	AFR	-	0.8916	0.0000	0.0000	0.1084	0.0000	0.8916	AFR	0.8915	0.0000	0.0000	0.1084	0.0000	0.8915	AFR	1	0
HG02339	1KG	ACB	AFR	-	0.9828	0.0000	0.0000	0.0171	0.0000	0.9828	AFR	0.9828	0.0000	0.0000	0.0171	0.0000	0.9828	AFR	1	1
HG02343	1KG	ACB	AFR	-	0.7825	0.0000	0.0000	0.2174	0.0000	0.7825	AFR	0.7825	0.0000	0.0000	0.2174	0.0000	0.7825	AFR	1	0
HG02419	1KG	ACB	AFR	-	0.9381	0.0000	0.0038	0.0581	0.0000	0.9381	AFR	0.9380	0.0000	0.0038	0.0581	0.0000	0.9380	AFR	1	1
HG02420	1KG	ACB	AFR	-	0.5779	0.0000	0.0000	0.4220	0.0000	0.5779	AFR	0.5781	0.0000	0.0000	0.4219	0.0000	0.5781	AFR	1	0
HG02427	1KG	ACB	AFR	-	0.9178	0.0000	0.0000	0.0822	0.0000	0.9178	AFR	0.9177	0.0000	0.0000	0.0823	0.0000	0.9177	AFR	1	0
HG02429	1KG	ACB	AFR	-	0.9101	0.0000	0.0000	0.0898	0.0000	0.9101	AFR	0.9100	0.0000	0.0000	0.0899	0.0000	0.9100	AFR	1	0
HG02433	1KG	ACB	AFR	-	0.8804	0.0000	0.0000	0.1196	0.0000	0.8804	AFR	0.8804	0.0000	0.0000	0.1196	0.0000	0.8804	AFR	1	0
HG02442	1KG	ACB	AFR	-	0.9838	0.0000	0.0000	0.0162	0.0000	0.9838	AFR	0.9837	0.0000	0.0000	0.0162	0.0000	0.9837	AFR	1	1
HG02445	1KG	ACB	AFR	-	0.8315	0.0000	0.0000	0.1685	0.0000	0.8315	AFR	0.8315	0.0000	0.0000	0.1685	0.0000	0.8315	AFR	1	0
HG02489	1KG	ACB	AFR	-	0.8762	0.0000	0.0000	0.1238	0.0000	0.8762	AFR	0.8762	0.0000	0.0000	0.1238	0.0000	0.8762	AFR	1	0
HG02449	1KG	ACB	AFR	-	0.9433	0.0000	0.0000	0.0567	0.0000	0.9433	AFR	0.9432	0.0000	0.0000	0.0567	0.0000	0.9432	AFR	1	1
HG02450	1KG	ACB	AFR	-	0.9203	0.0000	0.0000	0.0796	0.0000	0.9203	AFR	0.9203	0.0000	0.0000	0.0797	0.0000	0.9203	AFR	1	0
HG02470	1KG	ACB	AFR	-	0.9362	0.0000	0.0000	0.0638	0.0000	0.9362	AFR	0.9362	0.0000	0.0000	0.0638	0.0000	0.9362	AFR	1	1
HG02471	1KG	ACB	AFR	-	0.9322	0.0000	0.0000	0.0677	0.0000	0.9322	AFR	0.9322	0.0000	0.0000	0.0678	0.0000	0.9322	AFR	1	1
HG02484	1KG	ACB	AFR	-	0.8952	0.0000	0.0000	0.1048	0.0000	0.8952	AFR	0.8952	0.0000	0.0000	0.1048	0.0000	0.8952	AFR	1	0
HG02485	1KG	ACB	AFR	-	0.7397	0.0000	0.0000	0.2603	0.0000	0.7397	AFR	0.7397	0.0000	0.0000	0.2602	0.0000	0.7397	AFR	1	0
HG02511	1KG	ACB	AFR	-	0.9485	0.0000	0.0021	0.0494	0.0000	0.9485	AFR	0.9484	0.0000	0.0022	0.0494	0.0000	0.9484	AFR	1	1
HG02496	1KG	ACB	AFR	-	0.9211	0.0000	0.0000	0.0788	0.0000	0.9211	AFR	0.9210	0.0000	0.0000	0.0790	0.0000	0.9210	AFR	1	0
HG02497	1KG	ACB	AFR	-	0.9487	0.0034	0.0000	0.0480	0.0000	0.9487	AFR	0.9486	0.0034	0.0000	0.0480	0.0000	0.9486	AFR	1	1
HG02508	1KG	ACB	AFR	-	0.9276	0.0000	0.0000	0.0724	0.0000	0.9276	AFR	0.9275	0.0000	0.0000	0.0724	0.0000	0.9275	AFR	1	0
HG02537	1KG	ACB	AFR	-	0.9495	0.0000	0.0000	0.0505	0.0000	0.9495	AFR	0.9494	0.0000	0.0000	0.0505	0.0000	0.9494	AFR	1	1
HG02035	1KG	KHV	EAS	-	0.0000	0.0000	0.9875	0.0000	0.0125	0.9875	EAS	0.0000	0.0000	0.9846	0.0000	0.0153	0.9846	EAS	1	1
HG02040	1KG	KHV	EAS	-	0.0000	0.0000	0.9876	0.0000	0.0124	0.9876	EAS	0.0000	0.0000	0.9849	0.0000	0.0151	0.9849	EAS	1	1
HG02047	1KG	KHV	EAS	-	0.0000	0.0000	0.9818	0.0000	0.0182	0.9818	EAS	0.0000	0.0000	0.9785	0.0000	0.0214	0.9785	EAS	1	1
HG02061	1KG	KHV	EAS	-	0.0000	0.0000	0.9785	0.0000	0.0214	0.9785	EAS	0.0000	0.0000	0.9753	0.0000	0.0247	0.9753	EAS	1	1
HG02060	1KG	KHV	EAS	-	0.0000	0.0000	1.0000	0.0000	0.0000	1.0000	EAS	0.0000	0.0000	1.0000	0.0000	0.0000	1.0000	EAS	1	1
HG02064	1KG	KHV	EAS	-	0.0000	0.0000	0.9931	0.0000	0.0069	0.9931	EAS	0.0000	0.0000	0.9892	0.0000	0.0107	0.9892	EAS	1	1
HG02067	1KG	KHV	EAS	-	0.0000	0.0000	0.9881	0.0000	0.0119	0.9881	EAS	0.0000	0.0000	0.9851	0.0000	0.0149	0.9851	EAS	1	1
HG02116	1KG	KHV	EAS	-	0.0000	0.0000	0.9801	0.0000	0.0198	0.9801	EAS	0.0000	0.0000	0.9772	0.0000	0.0228	0.9772	EAS	1	1
HG02131	1KG	KHV	EAS	-	0.0000	0.0000	0.9248	0.0000	0.0752	0.9248	EAS	0.0000	0.0000	0.9190	0.0000	0.0809	0.9190	EAS	1	0
HG02130	1KG	KHV	EAS	-	0.0000	0.0000	0.9894	0.0000	0.0106	0.9894	EAS	0.0000	0.0000	0.9858	0.0000	0.0142	0.9858	EAS	1	1
HG02137	1KG	KHV	EAS	-	0.0000	0.0000	0.9931	0.0000	0.0069	0.9931	EAS	0.0000	0.0000	0.9897	0.0000	0.0103	0.9897	EAS	1	1
HG02136	1KG	KHV	EAS	-	0.0000	0.0000	0.9797	0.0000	0.0203	0.9797	EAS	0.0000	0.0000	0.9765	0.0000	0.0235	0.9765	EAS	1	1
HG02512	1KG	KHV	EAS	-	0.0000	0.0000	0.9905	0.0000	0.0095	0.9905	EAS	0.0000	0.0000	0.9872	0.0000	0.0127	0.9872	EAS	1	1
HG02513	1KG	KHV	EAS	-	0.0000	0.0000	1.0000	0.0000	0.0000	1.0000	EAS	0.0000	0.0000	1.0000	0.0000	0.0000	1.0000	EAS	1	1
HG02521	1KG	KHV	EAS	-	0.0000	0.0000	0.9890	0.0000	0.0109	0.9890	EAS	0.0000	0.0000	0.9863	0.0000	0.0137	0.9863	EAS	1	1
HG02522	1KG	KHV	EAS	-	0.0000	0.0000	0.9854	0.0000	0.0146	0.9854	EAS	0.0000	0.0000	0.9822	0.0000	0.0178	0.9822	EAS	1	1
HG02461	1KG	GWD	AFR	-	1.0000	0.0000	0.0000	0.0000	0.0000	1.0000	AFR	1.0000	0.0000	0.0000	0.0000	0.0000	1.0000	AFR	1	1
HG02462	1KG	GWD	AFR	-	0.9642	0.0000	0.0000	0.0357	0.0000	0.9642	AFR	0.9641	0.0000	0.0000	0.0359	0.0000	0.9641	AFR	1	1
HG02464	1KG	GWD	AFR	-	1.0000	0.0000	0.0000	0.0000	0.0000	1.0000	AFR	1.0000	0.0000	0.0000	0.0000	0.0000	1.0000	AFR	1	1
HG02465	1KG	GWD	AFR	-	1.0000	0.0000	0.0000	0.0000	0.0000	1.0000	AFR	1.0000	0.0000	0.0000	0.0000	0.0000	1.0000	AFR	1	1
HG02561	1KG	GWD	AFR	-	0.9755	0.0000	0.0000	0.0244	0.0000	0.9755	AFR	0.9754	0.0000	0.0000	0.0246	0.0000	0.9754	AFR	1	1
HG02562	1KG	GWD	AFR	-	1.0000	0.0000	0.0000	0.0000	0.0000	1.0000	AFR	1.0000	0.0000	0.0000	0.0000	0.0000	1.0000	AFR	1	1
HG02570	1KG	GWD	AFR	-	1.0000	0.0000	0.0000	0.0000	0.0000	1.0000	AFR	1.0000	0.0000	0.0000	0.0000	0.0000	1.0000	AFR	1	1
HG02571	1KG	GWD	AFR	-	1.0000	0.0000	0.0000	0.0000	0.0000	1.0000	AFR	1.0000	0.0000	0.0000	0.0000	0.0000	1.0000	AFR	1	1
HG02573	1KG	GWD	AFR	-	0.9881	0.0000	0.0000	0.0119	0.0000	0.9881	AFR	0.9878	0.0000	0.0000	0.0121	0.0000	0.9878	AFR	1	1
HG02574	1KG	GWD	AFR	-	0.9685	0.0000	0.0000	0.0315	0.0000	0.9685	AFR	0.9683	0.0000	0.0000	0.0317	0.0000	0.9683	AFR	1	1
HG02582	1KG	GWD	AFR	-	1.0000	0.0000	0.0000	0.0000	0.0000	1.0000	AFR	1.0000	0.0000	0.0000	0.0000	0.0000	1.0000	AFR	1	1
HG02583	1KG	GWD	AFR	-	1.0000	0.0000	0.0000	0.0000	0.0000	1.0000	AFR	1.0000	0.0000	0.0000	0.0000	0.0000	1.0000	AFR	1	1
HG02585	1KG	GWD	AFR	-	1.0000	0.0000	0.0000	0.0000	0.0000	1.0000	AFR	1.0000	0.0000	0.0000	0.0000	0.0000	1.0000	AFR	1	1
HG02586	1KG	GWD	AFR	-	1.0000	0.0000	0.0000	0.0000	0.0000	1.0000	AFR	1.0000	0.0000	0.0000	0.0000	0.0000	1.0000	AFR	1	1
HG02588	1KG	GWD	AFR	-	1.0000	0.0000	0.0000	0.0000	0.0000	1.0000	AFR	1.0000	0.0000	0.0000	0.0000	0.0000	1.0000	AFR	1	1
HG02589	1KG	GWD	AFR	-	0.9958	0.0000	0.0000	0.0041	0.0000	0.9958	AFR	0.9956	0.0000	0.0000	0.0043	0.0000	0.9956	AFR	1	1
HG02594	1KG	GWD	AFR	-	0.9960	0.0000	0.0000	0.0040	0.0000	0.9960	AFR	0.9960	0.0000	0.0000	0.0040	0.0000	0.9960	AFR	1	1
HG02595	1KG	GWD	AFR	-	1.0000	0.0000	0.0000	0.0000	0.0000	1.0000	AFR	1.0000	0.0000	0.0000	0.0000	0.0000	1.0000	AFR	1	1
HG02613	1KG	GWD	AFR	-	0.9669	0.0000	0.0000	0.0331	0.0000	0.9669	AFR	0.9667	0.0000	0.0000	0.0333	0.0000	0.9667	AFR	1	1
HG02614	1KG	GWD	AFR	-	0.9639	0.0000	0.0000	0.0361	0.0000	0.9639	AFR	0.9638	0.0000	0.0000	0.0362	0.0000	0.9638	AFR	1	1
HG02620	1KG	GWD	AFR	-	0.9999	0.0000	0.0000	0.0000	0.0000	0.9999	AFR	1.0000	0.0000	0.0000	0.0000	0.0000	1.0000	AFR	1	1
HG02621	1KG	GWD	AFR	-	1.0000	0.0000	0.0000	0.0000	0.0000	1.0000	AFR	1.0000	0.0000	0.0000	0.0000	0.0000	1.0000	AFR	1	1
HG02628	1KG	GWD	AFR	-	1.0000	0.0000	0.0000	0.0000	0.0000	1.0000	AFR	1.0000	0.0000	0.0000	0.0000	0.0000	1.0000	AFR	1	1
HG02629	1KG	GWD	AFR	-	1.0000	0.0000	0.0000	0.0000	0.0000	1.0000	AFR	1.0000	0.0000	0.0000	0.0000	0.0000	1.0000	AFR	1	1
HG02642	1KG	GWD	AFR	-	1.0000	0.0000	0.0000	0.0000	0.0000	1.0000	AFR	1.0000	0.0000	0.0000	0.0000	0.0000	1.0000	AFR	1	1
HG02643	1KG	GWD	AFR	-	0.9851	0.0000	0.0000	0.0149	0.0000	0.9851	AFR	0.9849	0.0000	0.0000	0.0151	0.0000	0.9849	AFR	1	1
HG02645	1KG	GWD	AFR	-	1.0000	0.0000	0.0000	0.0000	0.0000	1.0000	AFR	1.0000	0.0000	0.0000	0.0000	0.0000	1.0000	AFR	1	1
HG02646	1KG	GWD	AFR	-	1.0000	0.0000	0.0000	0.0000	0.0000	1.0000	AFR	1.0000	0.0000	0.0000	0.0000	0.0000	1.0000	AFR	1	1
HG02666	1KG	GWD	AFR	-	1.0000	0.0000	0.0000	0.0000	0.0000	1.0000	AFR	1.0000	0.0000	0.0000	0.0000	0.0000	1.0000	AFR	1	1
HG02667	1KG	GWD	AFR	-	0.9985	0.0000	0.0000	0.0015	0.0000	0.9985	AFR	0.9983	0.0000	0.0000	0.0017	0.0000	0.9983	AFR	1	1
HG02675	1KG	GWD	AFR	-	1.0000	0.0000	0.0000	0.0000	0.0000	1.0000	AFR	1.0000	0.0000	0.0000	0.0000	0.0000	1.0000	AFR	1	1
HG02676	1KG	GWD	AFR	-	0.9771	0.0000	0.0000	0.0229	0.0000	0.9771	AFR	0.9769	0.0000	0.0000	0.0231	0.0000	0.9769	AFR	1	1
HG02678	1KG	GWD	AFR	-	0.9873	0.0000	0.0000	0.0127	0.0000	0.9873	AFR	0.9873	0.0000	0.0000	0.0127	0.0000	0.9873	AFR	1	1
HG02679	1KG	GWD	AFR	-	1.0000	0.0000	0.0000	0.0000	0.0000	1.0000	AFR	1.0000	0.0000	0.0000	0.0000	0.0000	1.0000	AFR	1	1
HG02702	1KG	GWD	AFR	-	0.9811	0.0000	0.0000	0.0189	0.0000	0.9811	AFR	0.9810	0.0000	0.0000	0.0189	0.0000	0.9810	AFR	1	1
HG02703	1KG	GWD	AFR	-	1.0000	0.0000	0.0000	0.0000	0.0000	1.0000	AFR	1.0000	0.0000	0.0000	0.0000	0.0000	1.0000	AFR	1	1
HG02721	1KG	GWD	AFR	-	0.9910	0.0000	0.0000	0.0090	0.0000	0.9910	AFR	0.9908	0.0000	0.0000	0.0092	0.0000	0.9908	AFR	1	1
HG02722	1KG	GWD	AFR	-	1.0000	0.0000	0.0000	0.0000	0.0000	1.0000	AFR	1.0000	0.0000	0.0000	0.0000	0.0000	1.0000	AFR	1	1
HG02490	1KG	PJL	NA	-	0.0000	0.0000	0.0000	0.1953	0.8047	0.8047	SAS	0.0000	0.0000	0.0000	0.2527	0.7473	0.7473	SAS	1	0
HG02491	1KG	PJL	NA	-	0.0000	0.0000	0.0000	0.1307	0.8693	0.8693	SAS	0.0000	0.0000	0.0000	0.1909	0.8091	0.8091	SAS	1	0
HG02600	1KG	PJL	NA	-	0.0000	0.0000	0.0149	0.0734	0.9117	0.9117	SAS	0.0000	0.0000	0.0139	0.1326	0.8535	0.8535	SAS	1	0
HG02601	1KG	PJL	NA	-	0.0000	0.0000	0.0033	0.0823	0.9144	0.9144	SAS	0.0000	0.0000	0.0019	0.1417	0.8564	0.8564	SAS	1	0
HG02603	1KG	PJL	NA	-	0.0000	0.0000	0.0000	0.1335	0.8665	0.8665	SAS	0.0000	0.0000	0.0000	0.1949	0.8051	0.8051	SAS	1	0
HG02604	1KG	PJL	NA	-	0.0000	0.0000	0.0000	0.1806	0.8194	0.8194	SAS	0.0000	0.0000	0.0000	0.2393	0.7607	0.7607	SAS	1	0
HG02654	1KG	PJL	NA	-	0.0000	0.0030	0.0052	0.2383	0.7535	0.7535	SAS	0.0000	0.0030	0.0048	0.2930	0.6991	0.6991	SAS	1	0
HG02655	1KG	PJL	NA	-	0.0000	0.0000	0.0000	0.2365	0.7635	0.7635	SAS	0.0000	0.0000	0.0000	0.2926	0.7074	0.7074	SAS	1	0
HG02657	1KG	PJL	NA	-	0.0000	0.0009	0.0127	0.1247	0.8617	0.8617	SAS	0.0000	0.0007	0.0128	0.1829	0.8036	0.8036	SAS	1	0
HG02658	1KG	PJL	NA	-	0.0000	0.0018	0.0238	0.1184	0.8560	0.8560	SAS	0.0000	0.0019	0.0234	0.1782	0.7964	0.7964	SAS	1	0
HG02660	1KG	PJL	NA	-	0.0000	0.0000	0.0056	0.1396	0.8548	0.8548	SAS	0.0000	0.0000	0.0052	0.1979	0.7969	0.7969	SAS	1	0
HG02661	1KG	PJL	NA	-	0.0000	0.0000	0.0113	0.1446	0.8441	0.8441	SAS	0.0000	0.0000	0.0108	0.2030	0.7862	0.7862	SAS	1	0
HG02684	1KG	PJL	NA	-	0.0000	0.0000	0.0000	0.0340	0.9660	0.9660	SAS	0.0000	0.0000	0.0000	0.0976	0.9024	0.9024	SAS	1	0
HG02685	1KG	PJL	NA	-	0.0000	0.0000	0.0000	0.0266	0.9734	0.9734	SAS	0.0000	0.0000	0.0000	0.0886	0.9113	0.9113	SAS	1	0
HG02687	1KG	PJL	NA	-	0.0000	0.0000	0.0000	0.0000	1.0000	1.0000	SAS	0.0000	0.0000	0.0000	0.0464	0.9535	0.9535	SAS	1	0
HG02688	1KG	PJL	NA	-	0.0000	0.0000	0.0000	0.0249	0.9751	0.9751	SAS	0.0000	0.0000	0.0000	0.0861	0.9139	0.9139	SAS	1	0
HG02696	1KG	PJL	NA	-	0.0000	0.0008	0.0159	0.1218	0.8614	0.8614	SAS	0.0000	0.0006	0.0155	0.1792	0.8046	0.8046	SAS	1	0
HG02697	1KG	PJL	NA	-	0.0000	0.0018	0.0000	0.1939	0.8043	0.8043	SAS	0.0000	0.0017	0.0000	0.2519	0.7464	0.7464	SAS	1	0
HG02733	1KG	PJL	NA	-	0.0000	0.0000	0.0000	0.1404	0.8596	0.8596	SAS	0.0000	0.0000	0.0000	0.2003	0.7997	0.7997	SAS	1	0
HG02734	1KG	PJL	NA	-	0.0000	0.0008	0.0145	0.2053	0.7794	0.7794	SAS	0.0000	0.0009	0.0142	0.2625	0.7224	0.7224	SAS	1	0
HG02610	1KG	GWD	AFR	-	1.0000	0.0000	0.0000	0.0000	0.0000	1.0000	AFR	1.0000	0.0000	0.0000	0.0000	0.0000	1.0000	AFR	1	1
HG02611	1KG	GWD	AFR	-	1.0000	0.0000	0.0000	0.0000	0.0000	1.0000	AFR	1.0000	0.0000	0.0000	0.0000	0.0000	1.0000	AFR	1	1
HG02634	1KG	GWD	AFR	-	0.9819	0.0000	0.0000	0.0181	0.0000	0.9819	AFR	0.9817	0.0000	0.0000	0.0183	0.0000	0.9817	AFR	1	1
HG02635	1KG	GWD	AFR	-	0.9949	0.0000	0.0000	0.0051	0.0000	0.9949	AFR	0.9947	0.0000	0.0000	0.0053	0.0000	0.9947	AFR	1	1
HG02715	1KG	GWD	AFR	-	1.0000	0.0000	0.0000	0.0000	0.0000	1.0000	AFR	1.0000	0.0000	0.0000	0.0000	0.0000	1.0000	AFR	1	1
HG02716	1KG	GWD	AFR	-	1.0000	0.0000	0.0000	0.0000	0.0000	1.0000	AFR	1.0000	0.0000	0.0000	0.0000	0.0000	1.0000	AFR	1	1
HG02768	1KG	GWD	AFR	-	1.0000	0.0000	0.0000	0.0000	0.0000	1.0000	AFR	1.0000	0.0000	0.0000	0.0000	0.0000	1.0000	AFR	1	1
HG02769	1KG	GWD	AFR	-	0.9937	0.0000	0.0000	0.0063	0.0000	0.9937	AFR	0.9932	0.0000	0.0000	0.0068	0.0000	0.9932	AFR	1	1
HG02771	1KG	GWD	AFR	-	1.0000	0.0000	0.0000	0.0000	0.0000	1.0000	AFR	1.0000	0.0000	0.0000	0.0000	0.0000	1.0000	AFR	1	1
HG02772	1KG	GWD	AFR	-	1.0000	0.0000	0.0000	0.0000	0.0000	1.0000	AFR	1.0000	0.0000	0.0000	0.0000	0.0000	1.0000	AFR	1	1
HG02798	1KG	GWD	AFR	-	1.0000	0.0000	0.0000	0.0000	0.0000	1.0000	AFR	1.0000	0.0000	0.0000	0.0000	0.0000	1.0000	AFR	1	1
HG02799	1KG	GWD	AFR	-	1.0000	0.0000	0.0000	0.0000	0.0000	1.0000	AFR	1.0000	0.0000	0.0000	0.0000	0.0000	1.0000	AFR	1	1
HG02804	1KG	GWD	AFR	-	1.0000	0.0000	0.0000	0.0000	0.0000	1.0000	AFR	1.0000	0.0000	0.0000	0.0000	0.0000	1.0000	AFR	1	1
HG02805	1KG	GWD	AFR	-	1.0000	0.0000	0.0000	0.0000	0.0000	1.0000	AFR	1.0000	0.0000	0.0000	0.0000	0.0000	1.0000	AFR	1	1
HG02807	1KG	GWD	AFR	-	0.9784	0.0000	0.0000	0.0215	0.0000	0.9784	AFR	0.9783	0.0000	0.0000	0.0217	0.0000	0.9783	AFR	1	1
HG02808	1KG	GWD	AFR	-	1.0000	0.0000	0.0000	0.0000	0.0000	1.0000	AFR	1.0000	0.0000	0.0000	0.0000	0.0000	1.0000	AFR	1	1
HG02810	1KG	GWD	AFR	-	0.9334	0.0000	0.0000	0.0666	0.0000	0.9334	AFR	0.9331	0.0000	0.0000	0.0669	0.0000	0.9331	AFR	1	1
HG02811	1KG	GWD	AFR	-	1.0000	0.0000	0.0000	0.0000	0.0000	1.0000	AFR	1.0000	0.0000	0.0000	0.0000	0.0000	1.0000	AFR	1	1
HG02813	1KG	GWD	AFR	-	1.0000	0.0000	0.0000	0.0000	0.0000	1.0000	AFR	1.0000	0.0000	0.0000	0.0000	0.0000	1.0000	AFR	1	1
HG02814	1KG	GWD	AFR	-	1.0000	0.0000	0.0000	0.0000	0.0000	1.0000	AFR	1.0000	0.0000	0.0000	0.0000	0.0000	1.0000	AFR	1	1
HG02839	1KG	GWD	AFR	-	1.0000	0.0000	0.0000	0.0000	0.0000	1.0000	AFR	1.0000	0.0000	0.0000	0.0000	0.0000	1.0000	AFR	1	1
HG02840	1KG	GWD	AFR	-	0.9942	0.0000	0.0000	0.0058	0.0000	0.9942	AFR	0.9942	0.0000	0.0000	0.0058	0.0000	0.9942	AFR	1	1
HG02851	1KG	GWD	AFR	-	1.0000	0.0000	0.0000	0.0000	0.0000	1.0000	AFR	1.0000	0.0000	0.0000	0.0000	0.0000	1.0000	AFR	1	1
HG02852	1KG	GWD	AFR	-	0.9876	0.0000	0.0000	0.0124	0.0000	0.9876	AFR	0.9874	0.0000	0.0000	0.0125	0.0000	0.9874	AFR	1	1
HG02887	1KG	GWD	AFR	-	1.0000	0.0000	0.0000	0.0000	0.0000	1.0000	AFR	1.0000	0.0000	0.0000	0.0000	0.0000	1.0000	AFR	1	1
HG02888	1KG	GWD	AFR	-	0.9946	0.0000	0.0000	0.0054	0.0000	0.9946	AFR	0.9945	0.0000	0.0000	0.0054	0.0000	0.9945	AFR	1	1
HG02895	1KG	GWD	AFR	-	1.0000	0.0000	0.0000	0.0000	0.0000	1.0000	AFR	1.0000	0.0000	0.0000	0.0000	0.0000	1.0000	AFR	1	1
HG02896	1KG	GWD	AFR	-	1.0000	0.0000	0.0000	0.0000	0.0000	1.0000	AFR	1.0000	0.0000	0.0000	0.0000	0.0000	1.0000	AFR	1	1
HG03027	1KG	GWD	AFR	-	1.0000	0.0000	0.0000	0.0000	0.0000	1.0000	AFR	1.0000	0.0000	0.0000	0.0000	0.0000	1.0000	AFR	1	1
HG03028	1KG	GWD	AFR	-	1.0000	0.0000	0.0000	0.0000	0.0000	1.0000	AFR	1.0000	0.0000	0.0000	0.0000	0.0000	1.0000	AFR	1	1
HG03039	1KG	GWD	AFR	-	1.0000	0.0000	0.0000	0.0000	0.0000	1.0000	AFR	1.0000	0.0000	0.0000	0.0000	0.0000	1.0000	AFR	1	1
HG03040	1KG	GWD	AFR	-	1.0000	0.0000	0.0000	0.0000	0.0000	1.0000	AFR	1.0000	0.0000	0.0000	0.0000	0.0000	1.0000	AFR	1	1
HG03045	1KG	GWD	AFR	-	0.9942	0.0000	0.0000	0.0058	0.0000	0.9942	AFR	0.9941	0.0000	0.0000	0.0059	0.0000	0.9941	AFR	1	1
HG03046	1KG	GWD	AFR	-	0.9898	0.0000	0.0000	0.0102	0.0000	0.9898	AFR	0.9897	0.0000	0.0000	0.0103	0.0000	0.9897	AFR	1	1
HG03048	1KG	GWD	AFR	-	1.0000	0.0000	0.0000	0.0000	0.0000	1.0000	AFR	1.0000	0.0000	0.0000	0.0000	0.0000	1.0000	AFR	1	1
HG03049	1KG	GWD	AFR	-	1.0000	0.0000	0.0000	0.0000	0.0000	1.0000	AFR	1.0000	0.0000	0.0000	0.0000	0.0000	1.0000	AFR	1	1
HG03258	1KG	GWD	AFR	-	1.0000	0.0000	0.0000	0.0000	0.0000	1.0000	AFR	1.0000	0.0000	0.0000	0.0000	0.0000	1.0000	AFR	1	1
HG03259	1KG	GWD	AFR	-	0.9968	0.0000	0.0000	0.0032	0.0000	0.9968	AFR	0.9968	0.0000	0.0000	0.0031	0.0000	0.9968	AFR	1	1
HG02756	1KG	GWD	AFR	-	1.0000	0.0000	0.0000	0.0000	0.0000	1.0000	AFR	1.0000	0.0000	0.0000	0.0000	0.0000	1.0000	AFR	1	1
HG02757	1KG	GWD	AFR	-	1.0000	0.0000	0.0000	0.0000	0.0000	1.0000	AFR	1.0000	0.0000	0.0000	0.0000	0.0000	1.0000	AFR	1	1
HG02816	1KG	GWD	AFR	-	0.9929	0.0000	0.0000	0.0070	0.0000	0.9929	AFR	0.9928	0.0000	0.0000	0.0072	0.0000	0.9928	AFR	1	1
HG02817	1KG	GWD	AFR	-	0.9852	0.0000	0.0000	0.0148	0.0000	0.9852	AFR	0.9851	0.0000	0.0000	0.0149	0.0000	0.9851	AFR	1	1
HG02836	1KG	GWD	AFR	-	1.0000	0.0000	0.0000	0.0000	0.0000	1.0000	AFR	1.0000	0.0000	0.0000	0.0000	0.0000	1.0000	AFR	1	1
HG02837	1KG	GWD	AFR	-	1.0000	0.0000	0.0000	0.0000	0.0000	1.0000	AFR	1.0000	0.0000	0.0000	0.0000	0.0000	1.0000	AFR	1	1
HG02860	1KG	GWD	AFR	-	1.0000	0.0000	0.0000	0.0000	0.0000	1.0000	AFR	1.0000	0.0000	0.0000	0.0000	0.0000	1.0000	AFR	1	1
HG02861	1KG	GWD	AFR	-	1.0000	0.0000	0.0000	0.0000	0.0000	1.0000	AFR	1.0000	0.0000	0.0000	0.0000	0.0000	1.0000	AFR	1	1
HG02884	1KG	GWD	AFR	-	0.9987	0.0000	0.0000	0.0013	0.0000	0.9987	AFR	0.9987	0.0000	0.0000	0.0013	0.0000	0.9987	AFR	1	1
HG02885	1KG	GWD	AFR	-	1.0000	0.0000	0.0000	0.0000	0.0000	1.0000	AFR	1.0000	0.0000	0.0000	0.0000	0.0000	1.0000	AFR	1	1
HG02890	1KG	GWD	AFR	-	0.9960	0.0000	0.0000	0.0039	0.0000	0.9960	AFR	0.9957	0.0000	0.0000	0.0042	0.0000	0.9957	AFR	1	1
HG02891	1KG	GWD	AFR	-	0.9931	0.0000	0.0000	0.0068	0.0000	0.9931	AFR	0.9930	0.0000	0.0000	0.0070	0.0000	0.9930	AFR	1	1
HG03052	1KG	MSL	AFR	-	1.0000	0.0000	0.0000	0.0000	0.0000	1.0000	AFR	1.0000	0.0000	0.0000	0.0000	0.0000	1.0000	AFR	1	1
HG03057	1KG	MSL	AFR	-	1.0000	0.0000	0.0000	0.0000	0.0000	1.0000	AFR	1.0000	0.0000	0.0000	0.0000	0.0000	1.0000	AFR	1	1
HG03058	1KG	MSL	AFR	-	1.0000	0.0000	0.0000	0.0000	0.0000	1.0000	AFR	1.0000	0.0000	0.0000	0.0000	0.0000	1.0000	AFR	1	1
HG03078	1KG	MSL	AFR	-	1.0000	0.0000	0.0000	0.0000	0.0000	1.0000	AFR	1.0000	0.0000	0.0000	0.0000	0.0000	1.0000	AFR	1	1
HG03084	1KG	MSL	AFR	-	1.0000	0.0000	0.0000	0.0000	0.0000	1.0000	AFR	1.0000	0.0000	0.0000	0.0000	0.0000	1.0000	AFR	1	1
HG03085	1KG	MSL	AFR	-	1.0000	0.0000	0.0000	0.0000	0.0000	1.0000	AFR	1.0000	0.0000	0.0000	0.0000	0.0000	1.0000	AFR	1	1
HG03096	1KG	MSL	AFR	-	1.0000	0.0000	0.0000	0.0000	0.0000	1.0000	AFR	1.0000	0.0000	0.0000	0.0000	0.0000	1.0000	AFR	1	1
HG03397	1KG	MSL	AFR	-	1.0000	0.0000	0.0000	0.0000	0.0000	1.0000	AFR	1.0000	0.0000	0.0000	0.0000	0.0000	1.0000	AFR	1	1
HG03451	1KG	MSL	AFR	-	1.0000	0.0000	0.0000	0.0000	0.0000	1.0000	AFR	1.0000	0.0000	0.0000	0.0000	0.0000	1.0000	AFR	1	1
HG03452	1KG	MSL	AFR	-	1.0000	0.0000	0.0000	0.0000	0.0000	1.0000	AFR	1.0000	0.0000	0.0000	0.0000	0.0000	1.0000	AFR	1	1
HG03469	1KG	MSL	AFR	-	1.0000	0.0000	0.0000	0.0000	0.0000	1.0000	AFR	1.0000	0.0000	0.0000	0.0000	0.0000	1.0000	AFR	1	1
HG03472	1KG	MSL	AFR	-	1.0000	0.0000	0.0000	0.0000	0.0000	1.0000	AFR	1.0000	0.0000	0.0000	0.0000	0.0000	1.0000	AFR	1	1
HG02923	1KG	ESN	AFR	-	1.0000	0.0000	0.0000	0.0000	0.0000	1.0000	AFR	1.0000	0.0000	0.0000	0.0000	0.0000	1.0000	AFR	1	1
HG02922	1KG	ESN	AFR	-	1.0000	0.0000	0.0000	0.0000	0.0000	1.0000	AFR	1.0000	0.0000	0.0000	0.0000	0.0000	1.0000	AFR	1	1
HG02944	1KG	ESN	AFR	-	1.0000	0.0000	0.0000	0.0000	0.0000	1.0000	AFR	1.0000	0.0000	0.0000	0.0000	0.0000	1.0000	AFR	1	1
HG02943	1KG	ESN	AFR	-	1.0000	0.0000	0.0000	0.0000	0.0000	1.0000	AFR	1.0000	0.0000	0.0000	0.0000	0.0000	1.0000	AFR	1	1
HG02974	1KG	ESN	AFR	-	1.0000	0.0000	0.0000	0.0000	0.0000	1.0000	AFR	1.0000	0.0000	0.0000	0.0000	0.0000	1.0000	AFR	1	1
HG02973	1KG	ESN	AFR	-	1.0000	0.0000	0.0000	0.0000	0.0000	1.0000	AFR	1.0000	0.0000	0.0000	0.0000	0.0000	1.0000	AFR	1	1
HG03100	1KG	ESN	AFR	-	1.0000	0.0000	0.0000	0.0000	0.0000	1.0000	AFR	1.0000	0.0000	0.0000	0.0000	0.0000	1.0000	AFR	1	1
HG03099	1KG	ESN	AFR	-	1.0000	0.0000	0.0000	0.0000	0.0000	1.0000	AFR	1.0000	0.0000	0.0000	0.0000	0.0000	1.0000	AFR	1	1
HG03109	1KG	ESN	AFR	-	1.0000	0.0000	0.0000	0.0000	0.0000	1.0000	AFR	1.0000	0.0000	0.0000	0.0000	0.0000	1.0000	AFR	1	1
HG03108	1KG	ESN	AFR	-	1.0000	0.0000	0.0000	0.0000	0.0000	1.0000	AFR	1.0000	0.0000	0.0000	0.0000	0.0000	1.0000	AFR	1	1
HG03115	1KG	ESN	AFR	-	1.0000	0.0000	0.0000	0.0000	0.0000	1.0000	AFR	1.0000	0.0000	0.0000	0.0000	0.0000	1.0000	AFR	1	1
HG03114	1KG	ESN	AFR	-	1.0000	0.0000	0.0000	0.0000	0.0000	1.0000	AFR	1.0000	0.0000	0.0000	0.0000	0.0000	1.0000	AFR	1	1
HG03121	1KG	ESN	AFR	-	1.0000	0.0000	0.0000	0.0000	0.0000	1.0000	AFR	1.0000	0.0000	0.0000	0.0000	0.0000	1.0000	AFR	1	1
HG03120	1KG	ESN	AFR	-	1.0000	0.0000	0.0000	0.0000	0.0000	1.0000	AFR	1.0000	0.0000	0.0000	0.0000	0.0000	1.0000	AFR	1	1
HG03124	1KG	ESN	AFR	-	1.0000	0.0000	0.0000	0.0000	0.0000	1.0000	AFR	1.0000	0.0000	0.0000	0.0000	0.0000	1.0000	AFR	1	1
HG03123	1KG	ESN	AFR	-	1.0000	0.0000	0.0000	0.0000	0.0000	1.0000	AFR	1.0000	0.0000	0.0000	0.0000	0.0000	1.0000	AFR	1	1
HG03133	1KG	ESN	AFR	-	1.0000	0.0000	0.0000	0.0000	0.0000	1.0000	AFR	1.0000	0.0000	0.0000	0.0000	0.0000	1.0000	AFR	1	1
HG03132	1KG	ESN	AFR	-	1.0000	0.0000	0.0000	0.0000	0.0000	1.0000	AFR	1.0000	0.0000	0.0000	0.0000	0.0000	1.0000	AFR	1	1
HG03136	1KG	ESN	AFR	-	1.0000	0.0000	0.0000	0.0000	0.0000	1.0000	AFR	1.0000	0.0000	0.0000	0.0000	0.0000	1.0000	AFR	1	1
HG03135	1KG	ESN	AFR	-	1.0000	0.0000	0.0000	0.0000	0.0000	1.0000	AFR	1.0000	0.0000	0.0000	0.0000	0.0000	1.0000	AFR	1	1
HG02724	1KG	PJL	NA	-	0.0000	0.0000	0.0000	0.0062	0.9937	0.9937	SAS	0.0000	0.0000	0.0000	0.0687	0.9313	0.9313	SAS	1	0
HG02725	1KG	PJL	NA	-	0.0000	0.0000	0.0000	0.0028	0.9972	0.9972	SAS	0.0000	0.0000	0.0000	0.0661	0.9339	0.9339	SAS	1	0
HG02727	1KG	PJL	NA	-	0.0000	0.0000	0.0000	0.0023	0.9976	0.9976	SAS	0.0000	0.0000	0.0000	0.0623	0.9376	0.9376	SAS	1	0
HG02728	1KG	PJL	NA	-	0.0000	0.0000	0.0000	0.0000	1.0000	1.0000	SAS	0.0000	0.0000	0.0000	0.0502	0.9497	0.9497	SAS	1	0
HG02783	1KG	PJL	NA	-	0.0000	0.0000	0.0000	0.0000	1.0000	1.0000	SAS	0.0000	0.0000	0.0000	0.0492	0.9507	0.9507	SAS	1	0
HG02784	1KG	PJL	NA	-	0.0000	0.0000	0.0000	0.0215	0.9785	0.9785	SAS	0.0000	0.0000	0.0000	0.0816	0.9184	0.9184	SAS	1	0
HG02786	1KG	PJL	NA	-	0.0000	0.0000	0.0000	0.0000	1.0000	1.0000	SAS	0.0000	0.0000	0.0000	0.0356	0.9644	0.9644	SAS	1	0
HG02787	1KG	PJL	NA	-	0.0000	0.0000	0.0000	0.0000	1.0000	1.0000	SAS	0.0000	0.0000	0.0000	0.0617	0.9383	0.9383	SAS	1	0
HG02789	1KG	PJL	NA	-	0.0000	0.0000	0.0000	0.0101	0.9898	0.9898	SAS	0.0000	0.0000	0.0000	0.0723	0.9277	0.9277	SAS	1	0
HG02790	1KG	PJL	NA	-	0.0000	0.0000	0.0000	0.0045	0.9955	0.9955	SAS	0.0000	0.0000	0.0000	0.0682	0.9317	0.9317	SAS	1	0
HG00409	1KG	CHS	EAS	-	0.0000	0.0000	1.0000	0.0000	0.0000	1.0000	EAS	0.0000	0.0000	1.0000	0.0000	0.0000	1.0000	EAS	1	1
HG00410	1KG	CHS	EAS	-	0.0000	0.0000	1.0000	0.0000	0.0000	1.0000	EAS	0.0000	0.0000	1.0000	0.0000	0.0000	1.0000	EAS	1	1
HG00598	1KG	CHS	EAS	-	0.0000	0.0000	1.0000	0.0000	0.0000	1.0000	EAS	0.0000	0.0000	1.0000	0.0000	0.0000	1.0000	EAS	1	1
HG00599	1KG	CHS	EAS	-	0.0000	0.0000	1.0000	0.0000	0.0000	1.0000	EAS	0.0000	0.0000	1.0000	0.0000	0.0000	1.0000	EAS	1	1
HG00728	1KG	CHS	EAS	-	0.0000	0.0000	1.0000	0.0000	0.0000	1.0000	EAS	0.0000	0.0000	1.0000	0.0000	0.0000	1.0000	EAS	1	1
HG00729	1KG	CHS	EAS	-	0.0000	0.0000	1.0000	0.0000	0.0000	1.0000	EAS	0.0000	0.0000	1.0000	0.0000	0.0000	1.0000	EAS	1	1
HG00622	1KG	CHS	EAS	-	0.0000	0.0000	1.0000	0.0000	0.0000	1.0000	EAS	0.0000	0.0000	1.0000	0.0000	0.0000	1.0000	EAS	1	1
HG00623	1KG	CHS	EAS	-	0.0000	0.0000	1.0000	0.0000	0.0000	1.0000	EAS	0.0000	0.0000	1.0000	0.0000	0.0000	1.0000	EAS	1	1
HG00631	1KG	CHS	EAS	-	0.0000	0.0000	1.0000	0.0000	0.0000	1.0000	EAS	0.0000	0.0000	1.0000	0.0000	0.0000	1.0000	EAS	1	1
HG00632	1KG	CHS	EAS	-	0.0000	0.0000	1.0000	0.0000	0.0000	1.0000	EAS	0.0000	0.0000	1.0000	0.0000	0.0000	1.0000	EAS	1	1
HG00674	1KG	CHS	EAS	-	0.0000	0.0000	1.0000	0.0000	0.0000	1.0000	EAS	0.0000	0.0000	1.0000	0.0000	0.0000	1.0000	EAS	1	1
HG00675	1KG	CHS	EAS	-	0.0000	0.0000	1.0000	0.0000	0.0000	1.0000	EAS	0.0000	0.0000	1.0000	0.0000	0.0000	1.0000	EAS	1	1
HG03024	1KG	GWD	AFR	-	1.0000	0.0000	0.0000	0.0000	0.0000	1.0000	AFR	1.0000	0.0000	0.0000	0.0000	0.0000	1.0000	AFR	1	1
HG03025	1KG	GWD	AFR	-	1.0000	0.0000	0.0000	0.0000	0.0000	1.0000	AFR	1.0000	0.0000	0.0000	0.0000	0.0000	1.0000	AFR	1	1
HG03240	1KG	GWD	AFR	-	1.0000	0.0000	0.0000	0.0000	0.0000	1.0000	AFR	1.0000	0.0000	0.0000	0.0000	0.0000	1.0000	AFR	1	1
HG03241	1KG	GWD	AFR	-	1.0000	0.0000	0.0000	0.0000	0.0000	1.0000	AFR	1.0000	0.0000	0.0000	0.0000	0.0000	1.0000	AFR	1	1
HG03246	1KG	GWD	AFR	-	0.9811	0.0000	0.0000	0.0189	0.0000	0.9811	AFR	0.9810	0.0000	0.0000	0.0190	0.0000	0.9810	AFR	1	1
HG03247	1KG	GWD	AFR	-	1.0000	0.0000	0.0000	0.0000	0.0000	1.0000	AFR	1.0000	0.0000	0.0000	0.0000	0.0000	1.0000	AFR	1	1
HG03538	1KG	GWD	AFR	-	1.0000	0.0000	0.0000	0.0000	0.0000	1.0000	AFR	1.0000	0.0000	0.0000	0.0000	0.0000	1.0000	AFR	1	1
HG03539	1KG	GWD	AFR	-	0.9638	0.0000	0.0000	0.0362	0.0000	0.9638	AFR	0.9634	0.0000	0.0000	0.0365	0.0000	0.9634	AFR	1	1
HG02819	1KG	GWD	AFR	-	1.0000	0.0000	0.0000	0.0000	0.0000	1.0000	AFR	1.0000	0.0000	0.0000	0.0000	0.0000	1.0000	AFR	1	1
HG02820	1KG	GWD	AFR	-	1.0000	0.0000	0.0000	0.0000	0.0000	1.0000	AFR	1.0000	0.0000	0.0000	0.0000	0.0000	1.0000	AFR	1	1
HG02854	1KG	GWD	AFR	-	1.0000	0.0000	0.0000	0.0000	0.0000	1.0000	AFR	1.0000	0.0000	0.0000	0.0000	0.0000	1.0000	AFR	1	1
HG02855	1KG	GWD	AFR	-	1.0000	0.0000	0.0000	0.0000	0.0000	1.0000	AFR	1.0000	0.0000	0.0000	0.0000	0.0000	1.0000	AFR	1	1
HG03470	1KG	MSL	AFR	-	1.0000	0.0000	0.0000	0.0000	0.0000	1.0000	AFR	1.0000	0.0000	0.0000	0.0000	0.0000	1.0000	AFR	1	1
HG03473	1KG	MSL	AFR	-	1.0000	0.0000	0.0000	0.0000	0.0000	1.0000	AFR	1.0000	0.0000	0.0000	0.0000	0.0000	1.0000	AFR	1	1
HG03081	1KG	MSL	AFR	-	1.0000	0.0000	0.0000	0.0000	0.0000	1.0000	AFR	1.0000	0.0000	0.0000	0.0000	0.0000	1.0000	AFR	1	1
HG03088	1KG	MSL	AFR	-	1.0000	0.0000	0.0000	0.0000	0.0000	1.0000	AFR	1.0000	0.0000	0.0000	0.0000	0.0000	1.0000	AFR	1	1
HG03209	1KG	MSL	AFR	-	1.0000	0.0000	0.0000	0.0000	0.0000	1.0000	AFR	1.0000	0.0000	0.0000	0.0000	0.0000	1.0000	AFR	1	1
HG03212	1KG	MSL	AFR	-	1.0000	0.0000	0.0000	0.0000	0.0000	1.0000	AFR	1.0000	0.0000	0.0000	0.0000	0.0000	1.0000	AFR	1	1
HG03055	1KG	MSL	AFR	-	1.0000	0.0000	0.0000	0.0000	0.0000	1.0000	AFR	1.0000	0.0000	0.0000	0.0000	0.0000	1.0000	AFR	1	1
HG03376	1KG	MSL	AFR	-	1.0000	0.0000	0.0000	0.0000	0.0000	1.0000	AFR	1.0000	0.0000	0.0000	0.0000	0.0000	1.0000	AFR	1	1
HG03380	1KG	MSL	AFR	-	1.0000	0.0000	0.0000	0.0000	0.0000	1.0000	AFR	1.0000	0.0000	0.0000	0.0000	0.0000	1.0000	AFR	1	1
HG03385	1KG	MSL	AFR	-	1.0000	0.0000	0.0000	0.0000	0.0000	1.0000	AFR	1.0000	0.0000	0.0000	0.0000	0.0000	1.0000	AFR	1	1
HG03388	1KG	MSL	AFR	-	1.0000	0.0000	0.0000	0.0000	0.0000	1.0000	AFR	1.0000	0.0000	0.0000	0.0000	0.0000	1.0000	AFR	1	1
HG03401	1KG	MSL	AFR	-	1.0000	0.0000	0.0000	0.0000	0.0000	1.0000	AFR	1.0000	0.0000	0.0000	0.0000	0.0000	1.0000	AFR	1	1
HG03419	1KG	MSL	AFR	-	1.0000	0.0000	0.0000	0.0000	0.0000	1.0000	AFR	1.0000	0.0000	0.0000	0.0000	0.0000	1.0000	AFR	1	1
HG03061	1KG	MSL	AFR	-	1.0000	0.0000	0.0000	0.0000	0.0000	1.0000	AFR	1.0000	0.0000	0.0000	0.0000	0.0000	1.0000	AFR	1	1
HG03428	1KG	MSL	AFR	-	1.0000	0.0000	0.0000	0.0000	0.0000	1.0000	AFR	1.0000	0.0000	0.0000	0.0000	0.0000	1.0000	AFR	1	1
HG03433	1KG	MSL	AFR	-	1.0000	0.0000	0.0000	0.0000	0.0000	1.0000	AFR	1.0000	0.0000	0.0000	0.0000	0.0000	1.0000	AFR	1	1
HG03439	1KG	MSL	AFR	-	1.0000	0.0000	0.0000	0.0000	0.0000	1.0000	AFR	1.0000	0.0000	0.0000	0.0000	0.0000	1.0000	AFR	1	1
HG03442	1KG	MSL	AFR	-	1.0000	0.0000	0.0000	0.0000	0.0000	1.0000	AFR	1.0000	0.0000	0.0000	0.0000	0.0000	1.0000	AFR	1	1
HG03445	1KG	MSL	AFR	-	1.0000	0.0000	0.0000	0.0000	0.0000	1.0000	AFR	1.0000	0.0000	0.0000	0.0000	0.0000	1.0000	AFR	1	1
HG03446	1KG	MSL	AFR	-	1.0000	0.0000	0.0000	0.0000	0.0000	1.0000	AFR	1.0000	0.0000	0.0000	0.0000	0.0000	1.0000	AFR	1	1
HG03460	1KG	MSL	AFR	-	1.0000	0.0000	0.0000	0.0000	0.0000	1.0000	AFR	1.0000	0.0000	0.0000	0.0000	0.0000	1.0000	AFR	1	1
HG03461	1KG	MSL	AFR	-	1.0000	0.0000	0.0000	0.0000	0.0000	1.0000	AFR	1.0000	0.0000	0.0000	0.0000	0.0000	1.0000	AFR	1	1
HG03479	1KG	MSL	AFR	-	1.0000	0.0000	0.0000	0.0000	0.0000	1.0000	AFR	1.0000	0.0000	0.0000	0.0000	0.0000	1.0000	AFR	1	1
HG03066	1KG	MSL	AFR	-	1.0000	0.0000	0.0000	0.0000	0.0000	1.0000	AFR	1.0000	0.0000	0.0000	0.0000	0.0000	1.0000	AFR	1	1
HG03069	1KG	MSL	AFR	-	1.0000	0.0000	0.0000	0.0000	0.0000	1.0000	AFR	1.0000	0.0000	0.0000	0.0000	0.0000	1.0000	AFR	1	1
HG03072	1KG	MSL	AFR	-	1.0000	0.0000	0.0000	0.0000	0.0000	1.0000	AFR	1.0000	0.0000	0.0000	0.0000	0.0000	1.0000	AFR	1	1
HG03410	1KG	MSL	AFR	-	1.0000	0.0000	0.0000	0.0000	0.0000	1.0000	AFR	1.0000	0.0000	0.0000	0.0000	0.0000	1.0000	AFR	1	1
HG03436	1KG	MSL	AFR	-	1.0000	0.0000	0.0000	0.0000	0.0000	1.0000	AFR	1.0000	0.0000	0.0000	0.0000	0.0000	1.0000	AFR	1	1
HG03437	1KG	MSL	AFR	-	1.0000	0.0000	0.0000	0.0000	0.0000	1.0000	AFR	1.0000	0.0000	0.0000	0.0000	0.0000	1.0000	AFR	1	1
HG03449	1KG	MSL	AFR	-	1.0000	0.0000	0.0000	0.0000	0.0000	1.0000	AFR	1.0000	0.0000	0.0000	0.0000	0.0000	1.0000	AFR	1	1
HG03458	1KG	MSL	AFR	-	1.0000	0.0000	0.0000	0.0000	0.0000	1.0000	AFR	1.0000	0.0000	0.0000	0.0000	0.0000	1.0000	AFR	1	1
HG03476	1KG	MSL	AFR	-	1.0000	0.0000	0.0000	0.0000	0.0000	1.0000	AFR	1.0000	0.0000	0.0000	0.0000	0.0000	1.0000	AFR	1	1
HG03484	1KG	MSL	AFR	-	1.0000	0.0000	0.0000	0.0000	0.0000	1.0000	AFR	1.0000	0.0000	0.0000	0.0000	0.0000	1.0000	AFR	1	1
HG03485	1KG	MSL	AFR	-	1.0000	0.0000	0.0000	0.0000	0.0000	1.0000	AFR	1.0000	0.0000	0.0000	0.0000	0.0000	1.0000	AFR	1	1
HG03547	1KG	MSL	AFR	-	1.0000	0.0000	0.0000	0.0000	0.0000	1.0000	AFR	1.0000	0.0000	0.0000	0.0000	0.0000	1.0000	AFR	1	1
HG03548	1KG	MSL	AFR	-	1.0000	0.0000	0.0000	0.0000	0.0000	1.0000	AFR	1.0000	0.0000	0.0000	0.0000	0.0000	1.0000	AFR	1	1
HG03557	1KG	MSL	AFR	-	1.0000	0.0000	0.0000	0.0000	0.0000	1.0000	AFR	1.0000	0.0000	0.0000	0.0000	0.0000	1.0000	AFR	1	1
HG03391	1KG	MSL	AFR	-	1.0000	0.0000	0.0000	0.0000	0.0000	1.0000	AFR	1.0000	0.0000	0.0000	0.0000	0.0000	1.0000	AFR	1	1
HG03455	1KG	MSL	AFR	-	1.0000	0.0000	0.0000	0.0000	0.0000	1.0000	AFR	1.0000	0.0000	0.0000	0.0000	0.0000	1.0000	AFR	1	1
HG03559	1KG	MSL	AFR	-	1.0000	0.0000	0.0000	0.0000	0.0000	1.0000	AFR	1.0000	0.0000	0.0000	0.0000	0.0000	1.0000	AFR	1	1
HG03563	1KG	MSL	AFR	-	1.0000	0.0000	0.0000	0.0000	0.0000	1.0000	AFR	1.0000	0.0000	0.0000	0.0000	0.0000	1.0000	AFR	1	1
HG03565	1KG	MSL	AFR	-	1.0000	0.0000	0.0000	0.0000	0.0000	1.0000	AFR	1.0000	0.0000	0.0000	0.0000	0.0000	1.0000	AFR	1	1
HG03571	1KG	MSL	AFR	-	1.0000	0.0000	0.0000	0.0000	0.0000	1.0000	AFR	1.0000	0.0000	0.0000	0.0000	0.0000	1.0000	AFR	1	1
HG03572	1KG	MSL	AFR	-	1.0000	0.0000	0.0000	0.0000	0.0000	1.0000	AFR	1.0000	0.0000	0.0000	0.0000	0.0000	1.0000	AFR	1	1
HG03575	1KG	MSL	AFR	-	1.0000	0.0000	0.0000	0.0000	0.0000	1.0000	AFR	1.0000	0.0000	0.0000	0.0000	0.0000	1.0000	AFR	1	1
HG03577	1KG	MSL	AFR	-	1.0000	0.0000	0.0000	0.0000	0.0000	1.0000	AFR	1.0000	0.0000	0.0000	0.0000	0.0000	1.0000	AFR	1	1
HG03578	1KG	MSL	AFR	-	1.0000	0.0000	0.0000	0.0000	0.0000	1.0000	AFR	1.0000	0.0000	0.0000	0.0000	0.0000	1.0000	AFR	1	1
HG03583	1KG	MSL	AFR	-	1.0000	0.0000	0.0000	0.0000	0.0000	1.0000	AFR	1.0000	0.0000	0.0000	0.0000	0.0000	1.0000	AFR	1	1
HG03515	1KG	ESN	AFR	-	1.0000	0.0000	0.0000	0.0000	0.0000	1.0000	AFR	1.0000	0.0000	0.0000	0.0000	0.0000	1.0000	AFR	1	1
HG03514	1KG	ESN	AFR	-	1.0000	0.0000	0.0000	0.0000	0.0000	1.0000	AFR	1.0000	0.0000	0.0000	0.0000	0.0000	1.0000	AFR	1	1
HG03268	1KG	ESN	AFR	-	1.0000	0.0000	0.0000	0.0000	0.0000	1.0000	AFR	1.0000	0.0000	0.0000	0.0000	0.0000	1.0000	AFR	1	1
HG03267	1KG	ESN	AFR	-	1.0000	0.0000	0.0000	0.0000	0.0000	1.0000	AFR	1.0000	0.0000	0.0000	0.0000	0.0000	1.0000	AFR	1	1
HG03271	1KG	ESN	AFR	-	1.0000	0.0000	0.0000	0.0000	0.0000	1.0000	AFR	1.0000	0.0000	0.0000	0.0000	0.0000	1.0000	AFR	1	1
HG03270	1KG	ESN	AFR	-	1.0000	0.0000	0.0000	0.0000	0.0000	1.0000	AFR	1.0000	0.0000	0.0000	0.0000	0.0000	1.0000	AFR	1	1
HG03280	1KG	ESN	AFR	-	1.0000	0.0000	0.0000	0.0000	0.0000	1.0000	AFR	1.0000	0.0000	0.0000	0.0000	0.0000	1.0000	AFR	1	1
HG03279	1KG	ESN	AFR	-	1.0000	0.0000	0.0000	0.0000	0.0000	1.0000	AFR	1.0000	0.0000	0.0000	0.0000	0.0000	1.0000	AFR	1	1
HG03291	1KG	ESN	AFR	-	1.0000	0.0000	0.0000	0.0000	0.0000	1.0000	AFR	1.0000	0.0000	0.0000	0.0000	0.0000	1.0000	AFR	1	1
HG03295	1KG	ESN	AFR	-	1.0000	0.0000	0.0000	0.0000	0.0000	1.0000	AFR	1.0000	0.0000	0.0000	0.0000	0.0000	1.0000	AFR	1	1
HG03294	1KG	ESN	AFR	-	1.0000	0.0000	0.0000	0.0000	0.0000	1.0000	AFR	1.0000	0.0000	0.0000	0.0000	0.0000	1.0000	AFR	1	1
HG03300	1KG	ESN	AFR	-	1.0000	0.0000	0.0000	0.0000	0.0000	1.0000	AFR	1.0000	0.0000	0.0000	0.0000	0.0000	1.0000	AFR	1	1
HG03367	1KG	ESN	AFR	-	1.0000	0.0000	0.0000	0.0000	0.0000	1.0000	AFR	1.0000	0.0000	0.0000	0.0000	0.0000	1.0000	AFR	1	1
HG03366	1KG	ESN	AFR	-	1.0000	0.0000	0.0000	0.0000	0.0000	1.0000	AFR	1.0000	0.0000	0.0000	0.0000	0.0000	1.0000	AFR	1	1
HG02947	1KG	ESN	AFR	-	1.0000	0.0000	0.0000	0.0000	0.0000	1.0000	AFR	1.0000	0.0000	0.0000	0.0000	0.0000	1.0000	AFR	1	1
HG02946	1KG	ESN	AFR	-	1.0000	0.0000	0.0000	0.0000	0.0000	1.0000	AFR	1.0000	0.0000	0.0000	0.0000	0.0000	1.0000	AFR	1	1
HG02971	1KG	ESN	AFR	-	1.0000	0.0000	0.0000	0.0000	0.0000	1.0000	AFR	1.0000	0.0000	0.0000	0.0000	0.0000	1.0000	AFR	1	1
HG02970	1KG	ESN	AFR	-	1.0000	0.0000	0.0000	0.0000	0.0000	1.0000	AFR	1.0000	0.0000	0.0000	0.0000	0.0000	1.0000	AFR	1	1
HG02953	1KG	ESN	AFR	-	1.0000	0.0000	0.0000	0.0000	0.0000	1.0000	AFR	1.0000	0.0000	0.0000	0.0000	0.0000	1.0000	AFR	1	1
HG02952	1KG	ESN	AFR	-	1.0000	0.0000	0.0000	0.0000	0.0000	1.0000	AFR	1.0000	0.0000	0.0000	0.0000	0.0000	1.0000	AFR	1	1
HG02977	1KG	ESN	AFR	-	1.0000	0.0000	0.0000	0.0000	0.0000	1.0000	AFR	1.0000	0.0000	0.0000	0.0000	0.0000	1.0000	AFR	1	1
HG02976	1KG	ESN	AFR	-	1.0000	0.0000	0.0000	0.0000	0.0000	1.0000	AFR	1.0000	0.0000	0.0000	0.0000	0.0000	1.0000	AFR	1	1
HG03118	1KG	ESN	AFR	-	1.0000	0.0000	0.0000	0.0000	0.0000	1.0000	AFR	1.0000	0.0000	0.0000	0.0000	0.0000	1.0000	AFR	1	1
HG03117	1KG	ESN	AFR	-	1.0000	0.0000	0.0000	0.0000	0.0000	1.0000	AFR	1.0000	0.0000	0.0000	0.0000	0.0000	1.0000	AFR	1	1
HG03130	1KG	ESN	AFR	-	1.0000	0.0000	0.0000	0.0000	0.0000	1.0000	AFR	1.0000	0.0000	0.0000	0.0000	0.0000	1.0000	AFR	1	1
HG03129	1KG	ESN	AFR	-	1.0000	0.0000	0.0000	0.0000	0.0000	1.0000	AFR	1.0000	0.0000	0.0000	0.0000	0.0000	1.0000	AFR	1	1
HG03160	1KG	ESN	AFR	-	1.0000	0.0000	0.0000	0.0000	0.0000	1.0000	AFR	1.0000	0.0000	0.0000	0.0000	0.0000	1.0000	AFR	1	1
HG03159	1KG	ESN	AFR	-	1.0000	0.0000	0.0000	0.0000	0.0000	1.0000	AFR	1.0000	0.0000	0.0000	0.0000	0.0000	1.0000	AFR	1	1
HG03163	1KG	ESN	AFR	-	1.0000	0.0000	0.0000	0.0000	0.0000	1.0000	AFR	1.0000	0.0000	0.0000	0.0000	0.0000	1.0000	AFR	1	1
HG03162	1KG	ESN	AFR	-	1.0000	0.0000	0.0000	0.0000	0.0000	1.0000	AFR	1.0000	0.0000	0.0000	0.0000	0.0000	1.0000	AFR	1	1
HG03169	1KG	ESN	AFR	-	1.0000	0.0000	0.0000	0.0000	0.0000	1.0000	AFR	1.0000	0.0000	0.0000	0.0000	0.0000	1.0000	AFR	1	1
HG03168	1KG	ESN	AFR	-	1.0000	0.0000	0.0000	0.0000	0.0000	1.0000	AFR	1.0000	0.0000	0.0000	0.0000	0.0000	1.0000	AFR	1	1
HG03172	1KG	ESN	AFR	-	1.0000	0.0000	0.0000	0.0000	0.0000	1.0000	AFR	1.0000	0.0000	0.0000	0.0000	0.0000	1.0000	AFR	1	1
HG03196	1KG	ESN	AFR	-	1.0000	0.0000	0.0000	0.0000	0.0000	1.0000	AFR	1.0000	0.0000	0.0000	0.0000	0.0000	1.0000	AFR	1	1
HG03195	1KG	ESN	AFR	-	1.0000	0.0000	0.0000	0.0000	0.0000	1.0000	AFR	1.0000	0.0000	0.0000	0.0000	0.0000	1.0000	AFR	1	1
HG03199	1KG	ESN	AFR	-	1.0000	0.0000	0.0000	0.0000	0.0000	1.0000	AFR	1.0000	0.0000	0.0000	0.0000	0.0000	1.0000	AFR	1	1
HG03198	1KG	ESN	AFR	-	1.0000	0.0000	0.0000	0.0000	0.0000	1.0000	AFR	1.0000	0.0000	0.0000	0.0000	0.0000	1.0000	AFR	1	1
HG03343	1KG	ESN	AFR	-	1.0000	0.0000	0.0000	0.0000	0.0000	1.0000	AFR	1.0000	0.0000	0.0000	0.0000	0.0000	1.0000	AFR	1	1
HG03342	1KG	ESN	AFR	-	1.0000	0.0000	0.0000	0.0000	0.0000	1.0000	AFR	1.0000	0.0000	0.0000	0.0000	0.0000	1.0000	AFR	1	1
HG03370	1KG	ESN	AFR	-	1.0000	0.0000	0.0000	0.0000	0.0000	1.0000	AFR	1.0000	0.0000	0.0000	0.0000	0.0000	1.0000	AFR	1	1
HG03369	1KG	ESN	AFR	-	1.0000	0.0000	0.0000	0.0000	0.0000	1.0000	AFR	1.0000	0.0000	0.0000	0.0000	0.0000	1.0000	AFR	1	1
HG03234	1KG	PJL	NA	-	0.0000	0.0000	0.0023	0.1776	0.8201	0.8201	SAS	0.0000	0.0000	0.0017	0.2353	0.7629	0.7629	SAS	1	0
HG03235	1KG	PJL	NA	-	0.0000	0.0000	0.0062	0.1519	0.8419	0.8419	SAS	0.0000	0.0000	0.0061	0.2110	0.7829	0.7829	SAS	1	0
HG03488	1KG	PJL	NA	-	0.0000	0.0000	0.0020	0.1425	0.8554	0.8554	SAS	0.0000	0.0000	0.0011	0.2012	0.7977	0.7977	SAS	1	0
HG03490	1KG	PJL	NA	-	0.0000	0.0000	0.0030	0.1659	0.8310	0.8310	SAS	0.0000	0.0000	0.0027	0.2255	0.7717	0.7717	SAS	1	0
HG03491	1KG	PJL	NA	-	0.0000	0.0000	0.0000	0.0418	0.9581	0.9581	SAS	0.0000	0.0000	0.0000	0.1016	0.8984	0.8984	SAS	1	0
HG03619	1KG	PJL	NA	-	0.0000	0.0025	0.0002	0.2573	0.7400	0.7400	SAS	0.0000	0.0024	0.0004	0.3123	0.6849	0.6849	SAS	1	0
HG03634	1KG	PJL	NA	-	0.0000	0.0000	0.0092	0.2125	0.7782	0.7782	SAS	0.0000	0.0000	0.0092	0.2690	0.7218	0.7218	SAS	1	0
HG03667	1KG	PJL	NA	-	0.0000	0.0000	0.0212	0.0000	0.9788	0.9788	SAS	0.0000	0.0000	0.0200	0.0392	0.9408	0.9408	SAS	1	0
HG03668	1KG	PJL	NA	-	0.0000	0.0000	0.0239	0.0813	0.8948	0.8948	SAS	0.0000	0.0000	0.0232	0.1407	0.8361	0.8361	SAS	1	0
HG03015	1KG	PJL	NA	-	0.0000	0.0000	0.0000	0.0086	0.9914	0.9914	SAS	0.0000	0.0000	0.0000	0.0713	0.9287	0.9287	SAS	1	0
HG03016	1KG	PJL	NA	-	0.0000	0.0000	0.0000	0.0015	0.9984	0.9984	SAS	0.0000	0.0000	0.0000	0.0644	0.9356	0.9356	SAS	1	0
HG03702	1KG	PJL	NA	-	0.0000	0.0000	0.0000	0.0346	0.9654	0.9654	SAS	0.0000	0.0000	0.0000	0.0963	0.9037	0.9037	SAS	1	0
HG03703	1KG	PJL	NA	-	0.0000	0.0000	0.0120	0.0596	0.9283	0.9283	SAS	0.0000	0.0000	0.0108	0.1170	0.8721	0.8721	SAS	1	0
HG03708	1KG	PJL	NA	-	0.0000	0.0000	0.0172	0.1122	0.8706	0.8706	SAS	0.0000	0.0000	0.0168	0.1686	0.8146	0.8146	SAS	1	0
HG03709	1KG	PJL	NA	-	0.0000	0.0000	0.0184	0.0385	0.9431	0.9431	SAS	0.0000	0.0000	0.0171	0.0963	0.8866	0.8866	SAS	1	0
HG03006	1KG	BEB	NA	-	0.0000	0.0000	0.0897	0.0054	0.9050	0.9050	SAS	0.0000	0.0000	0.0869	0.0532	0.8599	0.8599	SAS	1	0
HG03007	1KG	BEB	NA	-	0.0000	0.0000	0.0870	0.0000	0.9130	0.9130	SAS	0.0000	0.0000	0.0845	0.0533	0.8622	0.8622	SAS	1	0
HG03615	1KG	BEB	NA	-	0.0000	0.0000	0.1227	0.0080	0.8693	0.8693	SAS	0.0000	0.0000	0.1202	0.0592	0.8206	0.8206	SAS	1	0
HG03616	1KG	BEB	NA	-	0.0000	0.0000	0.1121	0.0108	0.8770	0.8770	SAS	0.0000	0.0000	0.1095	0.0599	0.8305	0.8305	SAS	1	0
HG03793	1KG	BEB	NA	-	0.0000	0.0000	0.0720	0.0000	0.9280	0.9280	SAS	0.0000	0.0000	0.0695	0.0459	0.8845	0.8845	SAS	1	0
HG03796	1KG	BEB	NA	-	0.0000	0.0000	0.1790	0.0000	0.8210	0.8210	SAS	0.0000	0.0000	0.1757	0.0473	0.7769	0.7769	SAS	1	0
HG03800	1KG	BEB	NA	-	0.0000	0.0000	0.1577	0.0000	0.8423	0.8423	SAS	0.0000	0.0000	0.1509	0.0087	0.8403	0.8403	SAS	1	0
HG03803	1KG	BEB	NA	-	0.0000	0.0000	0.0996	0.0081	0.8924	0.8924	SAS	0.0000	0.0000	0.0975	0.0642	0.8383	0.8383	SAS	1	0
HG03802	1KG	BEB	NA	-	0.0000	0.0000	0.0990	0.0000	0.9009	0.9009	SAS	0.0000	0.0000	0.0964	0.0448	0.8588	0.8588	SAS	1	0
HG03815	1KG	BEB	NA	-	0.0000	0.0000	0.1302	0.0022	0.8676	0.8676	SAS	0.0000	0.0000	0.1276	0.0554	0.8170	0.8170	SAS	1	0
HG03814	1KG	BEB	NA	-	0.0000	0.0000	0.1513	0.0000	0.8487	0.8487	SAS	0.0000	0.0000	0.1482	0.0444	0.8074	0.8074	SAS	1	0
HG03824	1KG	BEB	NA	-	0.0000	0.0000	0.1347	0.0000	0.8653	0.8653	SAS	0.0000	0.0000	0.1319	0.0533	0.8147	0.8147	SAS	1	0
HG03823	1KG	BEB	NA	-	0.0000	0.0000	0.0917	0.0000	0.9083	0.9083	SAS	0.0000	0.0000	0.0892	0.0518	0.8589	0.8589	SAS	1	0
HG03826	1KG	BEB	NA	-	0.0000	0.0000	0.1043	0.0031	0.8926	0.8926	SAS	0.0000	0.0000	0.1022	0.0581	0.8397	0.8397	SAS	1	0
HG03830	1KG	BEB	NA	-	0.0000	0.0000	0.1473	0.0000	0.8527	0.8527	SAS	0.0000	0.0000	0.1438	0.0431	0.8131	0.8131	SAS	1	0
HG03829	1KG	BEB	NA	-	0.0000	0.0000	0.1281	0.0000	0.8718	0.8718	SAS	0.0000	0.0000	0.1251	0.0476	0.8273	0.8273	SAS	1	0
HG03833	1KG	BEB	NA	-	0.0000	0.0000	0.1201	0.0119	0.8680	0.8680	SAS	0.0000	0.0000	0.1177	0.0648	0.8174	0.8174	SAS	1	0
HG03832	1KG	BEB	NA	-	0.0000	0.0000	0.1028	0.0000	0.8972	0.8972	SAS	0.0000	0.0000	0.0998	0.0464	0.8538	0.8538	SAS	1	0
HG03914	1KG	BEB	NA	-	0.0000	0.0000	0.1064	0.0040	0.8896	0.8896	SAS	0.0000	0.0000	0.1036	0.0554	0.8410	0.8410	SAS	1	0
HG03913	1KG	BEB	NA	-	0.0000	0.0000	0.1031	0.0000	0.8969	0.8969	SAS	0.0000	0.0000	0.1010	0.0554	0.8435	0.8435	SAS	1	0
HG03941	1KG	BEB	NA	-	0.0000	0.0000	0.0122	0.0000	0.9878	0.9878	SAS	0.0000	0.0000	0.0079	0.0000	0.9921	0.9921	SAS	1	0
HG03940	1KG	BEB	NA	-	0.0000	0.0000	0.0010	0.0000	0.9989	0.9989	SAS	0.0000	0.0000	0.0000	0.0000	1.0000	1.0000	SAS	1	0
HG04155	1KG	BEB	NA	-	0.0000	0.0000	0.1301	0.0022	0.8676	0.8676	SAS	0.0000	0.0000	0.1277	0.0559	0.8164	0.8164	SAS	1	0
HG04156	1KG	BEB	NA	-	0.0000	0.0000	0.1114	0.0121	0.8765	0.8765	SAS	0.0000	0.0000	0.1090	0.0642	0.8268	0.8268	SAS	1	0
HG03644	1KG	STU	NA	-	0.0000	0.0000	0.0000	0.0000	1.0000	1.0000	SAS	0.0000	0.0000	0.0000	0.0247	0.9752	0.9752	SAS	1	0
HG03643	1KG	STU	NA	-	0.0000	0.0000	0.0000	0.0000	1.0000	1.0000	SAS	0.0000	0.0000	0.0000	0.0246	0.9754	0.9754	SAS	1	0
HG03679	1KG	STU	NA	-	0.0000	0.0000	0.0000	0.0000	1.0000	1.0000	SAS	0.0000	0.0000	0.0000	0.0170	0.9830	0.9830	SAS	1	0
HG03642	1KG	STU	NA	-	0.0000	0.0000	0.0089	0.0000	0.9910	0.9910	SAS	0.0000	0.0000	0.0011	0.0000	0.9989	0.9989	SAS	1	0
HG03673	1KG	STU	NA	-	0.0000	0.0000	0.0000	0.0000	1.0000	1.0000	SAS	0.0000	0.0000	0.0000	0.0270	0.9729	0.9729	SAS	1	0
HG03684	1KG	STU	NA	-	0.0000	0.0000	0.0000	0.0000	1.0000	1.0000	SAS	0.0000	0.0000	0.0000	0.0000	1.0000	1.0000	SAS	1	0
HG03885	1KG	STU	NA	-	0.0000	0.0000	0.0000	0.0000	1.0000	1.0000	SAS	0.0000	0.0000	0.0000	0.0048	0.9952	0.9952	SAS	1	0
HG03886	1KG	STU	NA	-	0.0000	0.0000	0.0000	0.0000	1.0000	1.0000	SAS	0.0000	0.0000	0.0000	0.0005	0.9995	0.9995	SAS	1	0
HG03692	1KG	STU	NA	-	0.0000	0.0000	0.0000	0.0000	1.0000	1.0000	SAS	0.0000	0.0000	0.0000	0.0000	1.0000	1.0000	SAS	1	0
HG03693	1KG	STU	NA	-	0.0000	0.0000	0.0000	0.0000	1.0000	1.0000	SAS	0.0000	0.0000	0.0000	0.0000	1.0000	1.0000	SAS	1	0
HG03740	1KG	STU	NA	-	0.0000	0.0000	0.0000	0.0000	1.0000	1.0000	SAS	0.0000	0.0000	0.0000	0.0000	1.0000	1.0000	SAS	1	0
HG03741	1KG	STU	NA	-	0.0000	0.0000	0.0000	0.0000	1.0000	1.0000	SAS	0.0000	0.0000	0.0000	0.0000	1.0000	1.0000	SAS	1	0
HG03884	1KG	STU	NA	-	0.0000	0.0000	0.0000	0.0000	1.0000	1.0000	SAS	0.0000	0.0000	0.0000	0.0086	0.9913	0.9913	SAS	1	0
HG03743	1KG	STU	NA	-	0.0000	0.0000	0.0000	0.0000	1.0000	1.0000	SAS	0.0000	0.0000	0.0000	0.0000	1.0000	1.0000	SAS	1	0
HG03757	1KG	STU	NA	-	0.0000	0.0000	0.0000	0.0000	1.0000	1.0000	SAS	0.0000	0.0000	0.0000	0.0000	1.0000	1.0000	SAS	1	0
HG03746	1KG	STU	NA	-	0.0000	0.0000	0.0000	0.0787	0.9212	0.9212	SAS	0.0000	0.0000	0.0000	0.1392	0.8608	0.8608	SAS	1	0
HG03888	1KG	STU	NA	-	0.0000	0.0000	0.0000	0.0755	0.9245	0.9245	SAS	0.0000	0.0000	0.0000	0.1369	0.8631	0.8631	SAS	1	0
HG03754	1KG	STU	NA	-	0.0000	0.0000	0.0000	0.0000	1.0000	1.0000	SAS	0.0000	0.0000	0.0000	0.0189	0.9810	0.9810	SAS	1	0
HG03756	1KG	STU	NA	-	0.0000	0.0000	0.0000	0.0000	1.0000	1.0000	SAS	0.0000	0.0000	0.0000	0.0316	0.9684	0.9684	SAS	1	0
HG03844	1KG	STU	NA	-	0.0000	0.0000	0.0126	0.0000	0.9874	0.9874	SAS	0.0000	0.0000	0.0095	0.0130	0.9776	0.9776	SAS	1	0
HG04006	1KG	STU	NA	-	0.0000	0.0000	0.0000	0.0000	1.0000	1.0000	SAS	0.0000	0.0000	0.0000	0.0000	1.0000	1.0000	SAS	1	0
HG03838	1KG	STU	NA	-	0.0000	0.0000	0.0000	0.0000	1.0000	1.0000	SAS	0.0000	0.0000	0.0000	0.0000	1.0000	1.0000	SAS	1	0
HG03849	1KG	STU	NA	-	0.0000	0.0000	0.0000	0.0000	1.0000	1.0000	SAS	0.0000	0.0000	0.0000	0.0008	0.9992	0.9992	SAS	1	0
HG03950	1KG	STU	NA	-	0.0000	0.0000	0.0073	0.0000	0.9927	0.9927	SAS	0.0000	0.0000	0.0000	0.0000	1.0000	1.0000	SAS	1	0
HG03858	1KG	STU	NA	-	0.0000	0.0000	0.0187	0.0000	0.9813	0.9813	SAS	0.0000	0.0000	0.0151	0.0000	0.9848	0.9848	SAS	1	0
HG03887	1KG	STU	NA	-	0.0000	0.0000	0.0000	0.0000	1.0000	1.0000	SAS	0.0000	0.0000	0.0000	0.0140	0.9860	0.9860	SAS	1	0
HG03986	1KG	STU	NA	-	0.0000	0.0000	0.0000	0.0000	1.0000	1.0000	SAS	0.0000	0.0000	0.0000	0.0268	0.9731	0.9731	SAS	1	0
HG03896	1KG	STU	NA	-	0.0000	0.0000	0.0000	0.0000	1.0000	1.0000	SAS	0.0000	0.0000	0.0000	0.0000	1.0000	1.0000	SAS	1	0
HG03898	1KG	STU	NA	-	0.0000	0.0000	0.0000	0.0000	1.0000	1.0000	SAS	0.0000	0.0000	0.0000	0.0094	0.9905	0.9905	SAS	1	0
HG03900	1KG	STU	NA	-	0.0000	0.0000	0.0000	0.0000	1.0000	1.0000	SAS	0.0000	0.0000	0.0000	0.0224	0.9776	0.9776	SAS	1	0
HG03943	1KG	STU	NA	-	0.0000	0.0000	0.0000	0.0000	1.0000	1.0000	SAS	0.0000	0.0000	0.0000	0.0000	1.0000	1.0000	SAS	1	0
HG03713	1KG	ITU	NA	-	0.0000	0.0000	0.0000	0.0722	0.9278	0.9278	SAS	0.0000	0.0000	0.0000	0.1332	0.8667	0.8667	SAS	1	0
HG03716	1KG	ITU	NA	-	0.0000	0.0000	0.0000	0.0709	0.9290	0.9290	SAS	0.0000	0.0000	0.0000	0.1307	0.8692	0.8692	SAS	1	0
HG03714	1KG	ITU	NA	-	0.0000	0.0000	0.0000	0.0770	0.9230	0.9230	SAS	0.0000	0.0000	0.0000	0.1382	0.8618	0.8618	SAS	1	0
HG03717	1KG	ITU	NA	-	0.0000	0.0000	0.0000	0.0000	1.0000	1.0000	SAS	0.0000	0.0000	0.0000	0.0000	1.0000	1.0000	SAS	1	0
HG03722	1KG	ITU	NA	-	0.0000	0.0000	0.0000	0.0000	1.0000	1.0000	SAS	0.0000	0.0000	0.0000	0.0000	1.0000	1.0000	SAS	1	0
HG03730	1KG	ITU	NA	-	0.0000	0.0000	0.0000	0.0000	1.0000	1.0000	SAS	0.0000	0.0000	0.0000	0.0000	1.0000	1.0000	SAS	1	0
HG03727	1KG	ITU	NA	-	0.0000	0.0000	0.0000	0.0000	1.0000	1.0000	SAS	0.0000	0.0000	0.0000	0.0418	0.9581	0.9581	SAS	1	0
HG03729	1KG	ITU	NA	-	0.0000	0.0000	0.0000	0.0000	1.0000	1.0000	SAS	0.0000	0.0000	0.0000	0.0164	0.9836	0.9836	SAS	1	0
HG03731	1KG	ITU	NA	-	0.0000	0.0000	0.0000	0.0000	1.0000	1.0000	SAS	0.0000	0.0000	0.0000	0.0423	0.9576	0.9576	SAS	1	0
HG03771	1KG	ITU	NA	-	0.0000	0.0000	0.0202	0.0000	0.9798	0.9798	SAS	0.0000	0.0000	0.0168	0.0000	0.9831	0.9831	SAS	1	0
HG03770	1KG	ITU	NA	-	0.0000	0.0000	0.0378	0.0000	0.9621	0.9621	SAS	0.0000	0.0000	0.0338	0.0000	0.9662	0.9662	SAS	1	0
HG03882	1KG	ITU	NA	-	0.0000	0.0000	0.0000	0.0000	1.0000	1.0000	SAS	0.0000	0.0000	0.0000	0.0314	0.9686	0.9686	SAS	1	0
HG03781	1KG	ITU	NA	-	0.0000	0.0000	0.0000	0.0000	1.0000	1.0000	SAS	0.0000	0.0000	0.0000	0.0398	0.9602	0.9602	SAS	1	0
HG03775	1KG	ITU	NA	-	0.0000	0.0000	0.0000	0.0000	1.0000	1.0000	SAS	0.0000	0.0000	0.0000	0.0255	0.9745	0.9745	SAS	1	0
HG03773	1KG	ITU	NA	-	0.0000	0.0000	0.0000	0.0000	1.0000	1.0000	SAS	0.0000	0.0000	0.0000	0.0000	1.0000	1.0000	SAS	1	0
HG03772	1KG	ITU	NA	-	0.0000	0.0000	0.0000	0.0000	1.0000	1.0000	SAS	0.0000	0.0000	0.0000	0.0000	1.0000	1.0000	SAS	1	0
HG03786	1KG	ITU	NA	-	0.0000	0.0000	0.0000	0.0000	1.0000	1.0000	SAS	0.0000	0.0000	0.0000	0.0000	1.0000	1.0000	SAS	1	0
HG03784	1KG	ITU	NA	-	0.0000	0.0000	0.0000	0.0000	1.0000	1.0000	SAS	0.0000	0.0000	0.0000	0.0000	1.0000	1.0000	SAS	1	0
HG03787	1KG	ITU	NA	-	0.0000	0.0000	0.0000	0.0000	1.0000	1.0000	SAS	0.0000	0.0000	0.0000	0.0000	1.0000	1.0000	SAS	1	0
HG03788	1KG	ITU	NA	-	0.0000	0.0000	0.0000	0.0000	1.0000	1.0000	SAS	0.0000	0.0000	0.0000	0.0594	0.9406	0.9406	SAS	1	0
HG03789	1KG	ITU	NA	-	0.0000	0.0000	0.0000	0.0459	0.9541	0.9541	SAS	0.0000	0.0000	0.0000	0.1074	0.8926	0.8926	SAS	1	0
HG03864	1KG	ITU	NA	-	0.0000	0.0000	0.0000	0.0000	1.0000	1.0000	SAS	0.0000	0.0000	0.0000	0.0369	0.9630	0.9630	SAS	1	0
HG03869	1KG	ITU	NA	-	0.0000	0.0000	0.0000	0.0000	1.0000	1.0000	SAS	0.0000	0.0000	0.0000	0.0289	0.9711	0.9711	SAS	1	0
HG03862	1KG	ITU	NA	-	0.0000	0.0000	0.0000	0.0000	1.0000	1.0000	SAS	0.0000	0.0000	0.0000	0.0256	0.9743	0.9743	SAS	1	0
HG03874	1KG	ITU	NA	-	0.0000	0.0000	0.0091	0.0000	0.9909	0.9909	SAS	0.0000	0.0000	0.0062	0.0389	0.9548	0.9548	SAS	1	0
HG03978	1KG	ITU	NA	-	0.0000	0.0000	0.0244	0.0000	0.9755	0.9755	SAS	0.0000	0.0000	0.0216	0.0000	0.9784	0.9784	SAS	1	0
HG03971	1KG	ITU	NA	-	0.0000	0.0000	0.0000	0.0000	1.0000	1.0000	SAS	0.0000	0.0000	0.0000	0.0379	0.9621	0.9621	SAS	1	0
HG03974	1KG	ITU	NA	-	0.0000	0.0000	0.0000	0.0000	1.0000	1.0000	SAS	0.0000	0.0000	0.0000	0.0292	0.9708	0.9708	SAS	1	0
HG03976	1KG	ITU	NA	-	0.0000	0.0000	0.0000	0.0000	1.0000	1.0000	SAS	0.0000	0.0000	0.0000	0.0364	0.9636	0.9636	SAS	1	0
HG03973	1KG	ITU	NA	-	0.0000	0.0000	0.0000	0.0000	1.0000	1.0000	SAS	0.0000	0.0000	0.0000	0.0310	0.9690	0.9690	SAS	1	0
HG04002	1KG	ITU	NA	-	0.0000	0.0000	0.0000	0.0000	1.0000	1.0000	SAS	0.0000	0.0000	0.0000	0.0261	0.9739	0.9739	SAS	1	0
HG04017	1KG	ITU	NA	-	0.0000	0.0000	0.0000	0.0000	1.0000	1.0000	SAS	0.0000	0.0000	0.0000	0.0000	1.0000	1.0000	SAS	1	0
HG04026	1KG	ITU	NA	-	0.0000	0.0000	0.0000	0.0000	1.0000	1.0000	SAS	0.0000	0.0000	0.0000	0.0000	1.0000	1.0000	SAS	1	0
HG02439	1KG	ACB	AFR	-	0.9443	0.0000	0.0000	0.0556	0.0000	0.9443	AFR	0.9443	0.0000	0.0000	0.0557	0.0000	0.9443	AFR	1	1
HG02455	1KG	ACB	AFR	-	0.8575	0.0000	0.0000	0.1425	0.0000	0.8575	AFR	0.8575	0.0000	0.0000	0.1425	0.0000	0.8575	AFR	1	0
HG02476	1KG	ACB	AFR	-	0.8431	0.0000	0.0000	0.1568	0.0000	0.8431	AFR	0.8432	0.0000	0.0000	0.1568	0.0000	0.8432	AFR	1	0
HG02477	1KG	ACB	AFR	-	0.8674	0.0000	0.0000	0.1325	0.0000	0.8674	AFR	0.8675	0.0000	0.0000	0.1325	0.0000	0.8675	AFR	1	0
HG02481	1KG	ACB	AFR	-	0.9071	0.0000	0.0074	0.0816	0.0038	0.9071	AFR	0.9071	0.0000	0.0074	0.0821	0.0033	0.9071	AFR	1	0
HG02501	1KG	ACB	AFR	-	0.7854	0.0000	0.0000	0.2146	0.0000	0.7854	AFR	0.7854	0.0000	0.0000	0.2146	0.0000	0.7854	AFR	1	0
HG02502	1KG	ACB	AFR	-	0.8267	0.0000	0.0000	0.1732	0.0000	0.8267	AFR	0.8268	0.0000	0.0000	0.1732	0.0000	0.8268	AFR	1	0
HG02505	1KG	ACB	AFR	-	0.9044	0.0000	0.0000	0.0956	0.0000	0.9044	AFR	0.9044	0.0000	0.0000	0.0956	0.0000	0.9044	AFR	1	0
HG02536	1KG	ACB	AFR	-	0.8160	0.0000	0.0000	0.1840	0.0000	0.8160	AFR	0.8160	0.0000	0.0000	0.1840	0.0000	0.8160	AFR	1	0
HG02541	1KG	ACB	AFR	-	0.8103	0.0000	0.0000	0.1897	0.0000	0.8103	AFR	0.8103	0.0000	0.0000	0.1897	0.0000	0.8103	AFR	1	0
HG02545	1KG	ACB	AFR	-	0.9158	0.0000	0.0000	0.0842	0.0000	0.9158	AFR	0.9158	0.0000	0.0000	0.0842	0.0000	0.9158	AFR	1	0
HG02546	1KG	ACB	AFR	-	0.9251	0.0030	0.0000	0.0701	0.0018	0.9251	AFR	0.9252	0.0030	0.0000	0.0704	0.0014	0.9252	AFR	1	0
HG02549	1KG	ACB	AFR	-	0.9657	0.0000	0.0000	0.0343	0.0000	0.9657	AFR	0.9655	0.0000	0.0000	0.0345	0.0000	0.9655	AFR	1	1
HG02554	1KG	ACB	AFR	-	0.8972	0.0000	0.0000	0.1027	0.0000	0.8972	AFR	0.8972	0.0000	0.0000	0.1028	0.0000	0.8972	AFR	1	0
HG02555	1KG	ACB	AFR	-	0.8939	0.0000	0.0000	0.1061	0.0000	0.8939	AFR	0.8938	0.0000	0.0000	0.1062	0.0000	0.8938	AFR	1	0
HG02557	1KG	ACB	AFR	-	0.9401	0.0000	0.0000	0.0555	0.0043	0.9401	AFR	0.9401	0.0000	0.0000	0.0559	0.0040	0.9401	AFR	1	1
HG02558	1KG	ACB	AFR	-	0.9046	0.0000	0.0000	0.0953	0.0000	0.9046	AFR	0.9045	0.0000	0.0000	0.0954	0.0000	0.9045	AFR	1	0
HG02577	1KG	ACB	AFR	-	0.7947	0.0000	0.0000	0.2053	0.0000	0.7947	AFR	0.7947	0.0000	0.0000	0.2053	0.0000	0.7947	AFR	1	0
HG02580	1KG	ACB	AFR	-	0.8563	0.0000	0.0000	0.1436	0.0000	0.8563	AFR	0.8563	0.0000	0.0000	0.1437	0.0000	0.8563	AFR	1	0
HG01088	1KG	PUR	AMR	-	0.1841	0.0895	0.0000	0.7263	0.0000	0.7263	EUR	0.1843	0.0901	0.0000	0.7256	0.0000	0.7256	EUR	1	0
HG01089	1KG	PUR	AMR	-	0.1530	0.1147	0.0000	0.7324	0.0000	0.7324	EUR	0.1531	0.1152	0.0000	0.7316	0.0000	0.7316	EUR	1	0
HG01302	1KG	PUR	AMR	-	0.1193	0.1493	0.0000	0.7314	0.0000	0.7314	EUR	0.1195	0.1499	0.0000	0.7306	0.0000	0.7306	EUR	1	0
HG01303	1KG	PUR	AMR	-	0.1201	0.1483	0.0000	0.7316	0.0000	0.7316	EUR	0.1203	0.1489	0.0000	0.7307	0.0000	0.7307	EUR	1	0
HG01311	1KG	PUR	AMR	-	0.0930	0.0710	0.0000	0.8360	0.0000	0.8360	EUR	0.0932	0.0715	0.0000	0.8353	0.0000	0.8353	EUR	1	0
HG01312	1KG	PUR	AMR	-	0.1326	0.1054	0.0000	0.7620	0.0000	0.7620	EUR	0.1328	0.1060	0.0000	0.7612	0.0000	0.7612	EUR	1	0
HG01323	1KG	PUR	AMR	-	0.1132	0.1261	0.0000	0.7607	0.0000	0.7607	EUR	0.1134	0.1267	0.0000	0.7599	0.0000	0.7599	EUR	1	0
HG01325	1KG	PUR	AMR	-	0.1356	0.0717	0.0000	0.7926	0.0000	0.7926	EUR	0.1358	0.0723	0.0000	0.7919	0.0000	0.7919	EUR	1	0
HG01326	1KG	PUR	AMR	-	0.1104	0.1449	0.0000	0.7446	0.0000	0.7446	EUR	0.1106	0.1455	0.0000	0.7439	0.0000	0.7439	EUR	1	0
HG01392	1KG	PUR	AMR	-	0.1718	0.1452	0.0000	0.6830	0.0000	0.6830	EUR	0.1719	0.1458	0.0000	0.6822	0.0000	0.6822	EUR	1	0
HG01393	1KG	PUR	AMR	-	0.2170	0.1077	0.0000	0.6753	0.0000	0.6753	EUR	0.2171	0.1081	0.0000	0.6747	0.0000	0.6747	EUR	1	0
HG01395	1KG	PUR	AMR	-	0.0816	0.0917	0.0000	0.8267	0.0000	0.8267	EUR	0.0818	0.0922	0.0000	0.8259	0.0000	0.8259	EUR	1	0
HG01396	1KG	PUR	AMR	-	0.1826	0.1623	0.0000	0.6551	0.0000	0.6551	EUR	0.1827	0.1629	0.0000	0.6544	0.0000	0.6544	EUR	1	0
HG01402	1KG	PUR	AMR	-	0.1685	0.1487	0.0000	0.6828	0.0000	0.6828	EUR	0.1687	0.1492	0.0000	0.6821	0.0000	0.6821	EUR	1	0
HG01403	1KG	PUR	AMR	-	0.1784	0.1424	0.0000	0.6792	0.0000	0.6792	EUR	0.1785	0.1431	0.0000	0.6784	0.0000	0.6784	EUR	1	0
HG01413	1KG	PUR	AMR	-	0.1444	0.1507	0.0000	0.7049	0.0000	0.7049	EUR	0.1445	0.1512	0.0000	0.7042	0.0000	0.7042	EUR	1	0
HG01414	1KG	PUR	AMR	-	0.1411	0.1293	0.0000	0.7296	0.0000	0.7296	EUR	0.1413	0.1299	0.0000	0.7288	0.0000	0.7288	EUR	1	0
HG00742	1KG	PUR	AMR	-	0.0559	0.0381	0.0000	0.9060	0.0000	0.9060	EUR	0.0562	0.0385	0.0000	0.9052	0.0000	0.9052	EUR	1	0
HG00743	1KG	PUR	AMR	-	0.0907	0.1828	0.0000	0.7264	0.0000	0.7264	EUR	0.0910	0.1834	0.0000	0.7256	0.0000	0.7256	EUR	1	0
HG01058	1KG	PUR	AMR	-	0.1271	0.1193	0.0000	0.7536	0.0000	0.7536	EUR	0.1273	0.1199	0.0000	0.7528	0.0000	0.7528	EUR	1	0
HG01063	1KG	PUR	AMR	-	0.3582	0.0973	0.0000	0.5445	0.0000	0.5445	EUR	0.3583	0.0977	0.0000	0.5440	0.0000	0.5440	EUR	1	0
HG01064	1KG	PUR	AMR	-	0.1791	0.0936	0.0000	0.7273	0.0000	0.7273	EUR	0.1793	0.0941	0.0000	0.7266	0.0000	0.7266	EUR	1	0
HG01077	1KG	PUR	AMR	-	0.1972	0.1409	0.0000	0.6619	0.0000	0.6619	EUR	0.1973	0.1414	0.0000	0.6612	0.0000	0.6612	EUR	1	0
HG01092	1KG	PUR	AMR	-	0.2530	0.1007	0.0000	0.6460	0.0003	0.6460	EUR	0.2532	0.1011	0.0000	0.6456	0.0001	0.6456	EUR	1	0
HG01161	1KG	PUR	AMR	-	0.1888	0.1316	0.0000	0.6796	0.0000	0.6796	EUR	0.1890	0.1321	0.0000	0.6789	0.0000	0.6789	EUR	1	0
HG01162	1KG	PUR	AMR	-	0.1026	0.1254	0.0000	0.7720	0.0000	0.7720	EUR	0.1028	0.1260	0.0000	0.7712	0.0000	0.7712	EUR	1	0
HG01164	1KG	PUR	AMR	-	0.1012	0.0962	0.0000	0.8025	0.0000	0.8025	EUR	0.1015	0.0967	0.0000	0.8019	0.0000	0.8019	EUR	1	0
HG01200	1KG	PUR	AMR	-	0.0453	0.0678	0.0000	0.8868	0.0000	0.8868	EUR	0.0456	0.0684	0.0000	0.8861	0.0000	0.8861	EUR	1	0
HG01286	1KG	PUR	AMR	-	0.2390	0.1051	0.0000	0.6559	0.0000	0.6559	EUR	0.2392	0.1056	0.0000	0.6552	0.0000	0.6552	EUR	1	0
HG01305	1KG	PUR	AMR	-	0.1541	0.1410	0.0000	0.7049	0.0000	0.7049	EUR	0.1542	0.1416	0.0000	0.7042	0.0000	0.7042	EUR	1	0
HG01308	1KG	PUR	AMR	-	0.2360	0.1195	0.0000	0.6444	0.0000	0.6444	EUR	0.2362	0.1200	0.0000	0.6437	0.0000	0.6437	EUR	1	0
HG01398	1KG	PUR	AMR	-	0.1698	0.1246	0.0000	0.7056	0.0000	0.7056	EUR	0.1700	0.1252	0.0000	0.7047	0.0000	0.7047	EUR	1	0
HG01405	1KG	PUR	AMR	-	0.1037	0.0898	0.0000	0.8065	0.0000	0.8065	EUR	0.1039	0.0903	0.0000	0.8058	0.0000	0.8058	EUR	1	0
HG01412	1KG	PUR	AMR	-	0.0938	0.1764	0.0000	0.7298	0.0000	0.7298	EUR	0.0940	0.1770	0.0000	0.7290	0.0000	0.7290	EUR	1	0
HG01119	1KG	CLM	AMR	-	0.0237	0.1004	0.0000	0.8759	0.0000	0.8759	EUR	0.0238	0.1010	0.0000	0.8752	0.0000	0.8752	EUR	1	0
HG01121	1KG	CLM	AMR	-	0.0442	0.2439	0.0000	0.7061	0.0059	0.7061	EUR	0.0444	0.2446	0.0000	0.7060	0.0049	0.7060	EUR	1	0
HG01122	1KG	CLM	AMR	-	0.0702	0.1765	0.0000	0.7532	0.0000	0.7532	EUR	0.0704	0.1773	0.0000	0.7523	0.0000	0.7523	EUR	1	0
HG01130	1KG	CLM	AMR	-	0.0661	0.2016	0.0000	0.7323	0.0000	0.7323	EUR	0.0663	0.2023	0.0000	0.7314	0.0000	0.7314	EUR	1	0
HG01131	1KG	CLM	AMR	-	0.0630	0.2152	0.0000	0.7218	0.0000	0.7218	EUR	0.0632	0.2158	0.0000	0.7209	0.0000	0.7209	EUR	1	0
HG01142	1KG	CLM	AMR	-	0.1902	0.3060	0.0000	0.5038	0.0000	0.5038	EUR	0.1903	0.3066	0.0000	0.5031	0.0000	0.5031	EUR	1	0
HG01269	1KG	CLM	AMR	-	0.0754	0.2112	0.0000	0.7134	0.0000	0.7134	EUR	0.0756	0.2120	0.0000	0.7124	0.0000	0.7124	EUR	1	0
HG01280	1KG	CLM	AMR	-	0.0204	0.2195	0.0000	0.7601	0.0000	0.7601	EUR	0.0207	0.2202	0.0000	0.7592	0.0000	0.7592	EUR	1	0
HG01281	1KG	CLM	AMR	-	0.0281	0.2089	0.0000	0.7629	0.0000	0.7629	EUR	0.0283	0.2096	0.0000	0.7620	0.0000	0.7620	EUR	1	0
HG01284	1KG	CLM	AMR	-	0.0678	0.1791	0.0000	0.7530	0.0000	0.7530	EUR	0.0680	0.1799	0.0000	0.7521	0.0000	0.7521	EUR	1	0
HG01362	1KG	CLM	AMR	-	0.1250	0.1912	0.0000	0.6838	0.0000	0.6838	EUR	0.1252	0.1919	0.0000	0.6830	0.0000	0.6830	EUR	1	0
HG01363	1KG	CLM	AMR	-	0.1782	0.2646	0.0000	0.5572	0.0000	0.5572	EUR	0.1784	0.2651	0.0000	0.5565	0.0000	0.5565	EUR	1	0
HG01369	1KG	CLM	AMR	-	0.1337	0.4394	0.0000	0.4269	0.0000	0.4394	AMR	0.1338	0.4399	0.0000	0.4263	0.0000	0.4399	AMR	1	0
HG01372	1KG	CLM	AMR	-	0.0402	0.2590	0.0000	0.7008	0.0000	0.7008	EUR	0.0403	0.2598	0.0000	0.6999	0.0000	0.6999	EUR	1	0
HG01431	1KG	CLM	AMR	-	0.1175	0.2244	0.0000	0.6581	0.0000	0.6581	EUR	0.1176	0.2250	0.0000	0.6573	0.0000	0.6573	EUR	1	0
HG01432	1KG	CLM	AMR	-	0.0324	0.1947	0.0000	0.7728	0.0000	0.7728	EUR	0.0326	0.1954	0.0000	0.7720	0.0000	0.7720	EUR	1	0
HG01435	1KG	CLM	AMR	-	0.0451	0.4427	0.0000	0.5121	0.0000	0.5121	EUR	0.0453	0.4434	0.0000	0.5114	0.0000	0.5114	EUR	1	0
HG01443	1KG	CLM	AMR	-	0.0538	0.4958	0.0000	0.4504	0.0000	0.4958	AMR	0.0539	0.4965	0.0000	0.4496	0.0000	0.4965	AMR	1	0
HG01444	1KG	CLM	AMR	-	0.1034	0.2302	0.0000	0.6664	0.0000	0.6664	EUR	0.1035	0.2309	0.0000	0.6656	0.0000	0.6656	EUR	1	0
HG01447	1KG	CLM	AMR	-	0.0737	0.2019	0.0000	0.7244	0.0000	0.7244	EUR	0.0738	0.2025	0.0000	0.7236	0.0000	0.7236	EUR	1	0
HG01459	1KG	CLM	AMR	-	0.0359	0.3463	0.0000	0.6178	0.0000	0.6178	EUR	0.0361	0.3469	0.0000	0.6170	0.0000	0.6170	EUR	1	0
HG01468	1KG	CLM	AMR	-	0.0215	0.1390	0.0000	0.8395	0.0000	0.8395	EUR	0.0217	0.1397	0.0000	0.8386	0.0000	0.8386	EUR	1	0
HG01474	1KG	CLM	AMR	-	0.0170	0.1187	0.0000	0.8642	0.0000	0.8642	EUR	0.0173	0.1194	0.0000	0.8634	0.0000	0.8634	EUR	1	0
HG01479	1KG	CLM	AMR	-	0.0269	0.0890	0.0000	0.8841	0.0000	0.8841	EUR	0.0271	0.0896	0.0000	0.8833	0.0000	0.8833	EUR	1	0
HG01485	1KG	CLM	AMR	-	0.3778	0.2150	0.0000	0.4058	0.0013	0.4058	EUR	0.3779	0.2155	0.0000	0.4058	0.0008	0.4058	EUR	1	0
HG01486	1KG	CLM	AMR	-	0.0386	0.3060	0.0000	0.6554	0.0000	0.6554	EUR	0.0387	0.3066	0.0000	0.6547	0.0000	0.6547	EUR	1	0
HG01556	1KG	CLM	AMR	-	0.2452	0.2744	0.0000	0.4804	0.0000	0.4804	EUR	0.2452	0.2749	0.0000	0.4798	0.0000	0.4798	EUR	1	0
HG01961	1KG	PEL	AMR	-	0.0000	0.9844	0.0000	0.0114	0.0042	0.9844	AMR	0.0000	0.9842	0.0000	0.0101	0.0057	0.9842	AMR	1	1
HG01965	1KG	PEL	AMR	-	0.0898	0.5364	0.0000	0.3738	0.0000	0.5364	AMR	0.0899	0.5369	0.0000	0.3731	0.0000	0.5369	AMR	1	0
HG02006	1KG	PEL	AMR	-	0.3980	0.2755	0.0000	0.3265	0.0000	0.3980	AFR	0.3980	0.2759	0.0000	0.3261	0.0000	0.3980	AFR	1	0
HG02102	1KG	PEL	AMR	-	0.0027	0.7792	0.0000	0.2181	0.0000	0.7792	AMR	0.0030	0.7796	0.0000	0.2174	0.0000	0.7796	AMR	1	0
HG02150	1KG	PEL	AMR	-	0.0000	0.9054	0.0000	0.0946	0.0000	0.9054	AMR	0.0000	0.9056	0.0000	0.0944	0.0000	0.9056	AMR	1	0
HG02252	1KG	PEL	AMR	-	0.0174	0.5921	0.0000	0.3904	0.0000	0.5921	AMR	0.0176	0.5927	0.0000	0.3897	0.0000	0.5927	AMR	1	0
HG02253	1KG	PEL	AMR	-	0.0047	0.4842	0.0000	0.5093	0.0018	0.5093	EUR	0.0049	0.4849	0.0000	0.5089	0.0013	0.5089	EUR	1	0
HG02262	1KG	PEL	AMR	-	0.0000	0.7232	0.0000	0.2767	0.0000	0.7232	AMR	0.0000	0.7238	0.0000	0.2762	0.0000	0.7238	AMR	1	0
HG02265	1KG	PEL	AMR	-	0.0000	0.8924	0.0000	0.1075	0.0000	0.8924	AMR	0.0000	0.8927	0.0000	0.1073	0.0000	0.8927	AMR	1	0
HG02266	1KG	PEL	AMR	-	0.0000	0.8939	0.0000	0.1061	0.0000	0.8939	AMR	0.0000	0.8942	0.0000	0.1058	0.0000	0.8942	AMR	1	0
HG02274	1KG	PEL	AMR	-	0.2663	0.5470	0.0000	0.1867	0.0000	0.5470	AMR	0.2662	0.5474	0.0000	0.1864	0.0000	0.5474	AMR	1	0
HG02275	1KG	PEL	AMR	-	0.0000	0.9133	0.0000	0.0867	0.0000	0.9133	AMR	0.0000	0.9136	0.0000	0.0863	0.0000	0.9136	AMR	1	0
HG02304	1KG	PEL	AMR	-	0.0572	0.7146	0.0000	0.2217	0.0065	0.7146	AMR	0.0572	0.7151	0.0000	0.2216	0.0060	0.7151	AMR	1	0
HG02312	1KG	PEL	AMR	-	0.0000	0.5581	0.0000	0.4419	0.0000	0.5581	AMR	0.0000	0.5587	0.0000	0.4412	0.0000	0.5587	AMR	1	0
HG02345	1KG	PEL	AMR	-	0.0718	0.3689	0.1482	0.4111	0.0000	0.4111	EUR	0.0719	0.3695	0.1479	0.4107	0.0000	0.4107	EUR	1	0
HG02348	1KG	PEL	AMR	-	0.0000	0.7794	0.0000	0.2206	0.0000	0.7794	AMR	0.0000	0.7799	0.0000	0.2201	0.0000	0.7799	AMR	1	0
HG02425	1KG	PEL	AMR	-	0.0598	0.5070	0.0000	0.4330	0.0001	0.5070	AMR	0.0599	0.5076	0.0000	0.4325	0.0000	0.5076	AMR	1	0
HG02408	1KG	CDX	EAS	-	0.0000	0.0000	1.0000	0.0000	0.0000	1.0000	EAS	0.0000	0.0000	1.0000	0.0000	0.0000	1.0000	EAS	1	1
HG02410	1KG	CDX	EAS	-	0.0000	0.0000	1.0000	0.0000	0.0000	1.0000	EAS	0.0000	0.0000	1.0000	0.0000	0.0000	1.0000	EAS	1	1
HG03237	1KG	PJL	NA	-	0.0000	0.0000	0.0000	0.2249	0.7750	0.7750	SAS	0.0000	0.0000	0.0000	0.2822	0.7177	0.7177	SAS	1	0
HG03238	1KG	PJL	NA	-	0.0000	0.0000	0.0000	0.2508	0.7492	0.7492	SAS	0.0000	0.0000	0.0000	0.3062	0.6938	0.6938	SAS	1	0
HG03607	1KG	BEB	NA	-	0.0000	0.0000	0.1159	0.0066	0.8775	0.8775	SAS	0.0000	0.0000	0.1138	0.0611	0.8251	0.8251	SAS	1	0
HG03805	1KG	BEB	NA	-	0.0000	0.0000	0.1059	0.0000	0.8941	0.8941	SAS	0.0000	0.0000	0.1033	0.0519	0.8448	0.8448	SAS	1	0
HG03908	1KG	BEB	NA	-	0.0000	0.0000	0.0963	0.0000	0.9036	0.9036	SAS	0.0000	0.0000	0.0938	0.0501	0.8561	0.8561	SAS	1	0
HG03907	1KG	BEB	NA	-	0.0000	0.0000	0.1098	0.0000	0.8902	0.8902	SAS	0.0000	0.0000	0.1070	0.0485	0.8445	0.8445	SAS	1	0
HG03926	1KG	BEB	NA	-	0.0000	0.0000	0.1429	0.0191	0.8380	0.8380	SAS	0.0000	0.0000	0.1399	0.0670	0.7931	0.7931	SAS	1	0
HG03925	1KG	BEB	NA	-	0.0000	0.0000	0.1188	0.0049	0.8762	0.8762	SAS	0.0000	0.0000	0.1163	0.0578	0.8259	0.8259	SAS	1	0
HG03594	1KG	BEB	NA	-	0.0000	0.0000	0.1187	0.0000	0.8813	0.8813	SAS	0.0000	0.0000	0.1157	0.0461	0.8382	0.8382	SAS	1	0
HG03595	1KG	BEB	NA	-	0.0000	0.0000	0.1294	0.0137	0.8569	0.8569	SAS	0.0000	0.0000	0.1269	0.0664	0.8067	0.8067	SAS	1	0
HG03809	1KG	BEB	NA	-	0.0000	0.0000	0.1042	0.0000	0.8957	0.8957	SAS	0.0000	0.0000	0.1019	0.0553	0.8427	0.8427	SAS	1	0
HG03808	1KG	BEB	NA	-	0.0000	0.0000	0.1341	0.0000	0.8659	0.8659	SAS	0.0000	0.0000	0.1315	0.0541	0.8144	0.8144	SAS	1	0
HG03009	1KG	BEB	NA	-	0.0000	0.0000	0.0922	0.0098	0.8980	0.8980	SAS	0.0000	0.0000	0.0896	0.0613	0.8491	0.8491	SAS	1	0
HG03812	1KG	BEB	NA	-	0.0000	0.0000	0.1277	0.0194	0.8529	0.8529	SAS	0.0000	0.0000	0.1252	0.0724	0.8023	0.8023	SAS	1	0
HG03817	1KG	BEB	NA	-	0.0000	0.0000	0.1022	0.0000	0.8977	0.8977	SAS	0.0000	0.0000	0.0994	0.0512	0.8494	0.8494	SAS	1	0
HG03902	1KG	BEB	NA	-	0.0000	0.0000	0.0932	0.0000	0.9068	0.9068	SAS	0.0000	0.0000	0.0910	0.0547	0.8543	0.8543	SAS	1	0
HG03012	1KG	BEB	NA	-	0.0000	0.0000	0.0999	0.0000	0.9000	0.9000	SAS	0.0000	0.0000	0.0976	0.0485	0.8539	0.8539	SAS	1	0
HG03905	1KG	BEB	NA	-	0.0000	0.0000	0.1187	0.0111	0.8701	0.8701	SAS	0.0000	0.0001	0.1161	0.0617	0.8221	0.8221	SAS	1	0
HG03911	1KG	BEB	NA	-	0.0000	0.0000	0.0874	0.0000	0.9126	0.9126	SAS	0.0000	0.0000	0.0850	0.0480	0.8669	0.8669	SAS	1	0
HG03910	1KG	BEB	NA	-	0.0000	0.0000	0.1288	0.0000	0.8712	0.8712	SAS	0.0000	0.0000	0.1263	0.0505	0.8231	0.8231	SAS	1	0
HG03916	1KG	BEB	NA	-	0.0000	0.0000	0.1235	0.0000	0.8764	0.8764	SAS	0.0000	0.0000	0.1203	0.0430	0.8367	0.8367	SAS	1	0
HG03919	1KG	BEB	NA	-	0.0000	0.0000	0.0280	0.0407	0.9313	0.9313	SAS	0.0000	0.0000	0.0269	0.0987	0.8743	0.8743	SAS	1	0
HG03928	1KG	BEB	NA	-	0.0000	0.0000	0.1053	0.0000	0.8947	0.8947	SAS	0.0000	0.0000	0.1024	0.0404	0.8572	0.8572	SAS	1	0
HG03931	1KG	BEB	NA	-	0.0000	0.0000	0.1435	0.0032	0.8533	0.8533	SAS	0.0000	0.0000	0.1407	0.0540	0.8052	0.8052	SAS	1	0
HG03585	1KG	BEB	NA	-	0.0000	0.0000	0.1109	0.0079	0.8812	0.8812	SAS	0.0000	0.0000	0.1084	0.0607	0.8309	0.8309	SAS	1	0
HG03937	1KG	BEB	NA	-	0.0000	0.0000	0.1142	0.0000	0.8858	0.8858	SAS	0.0000	0.0000	0.1115	0.0476	0.8409	0.8409	SAS	1	0
HG03934	1KG	BEB	NA	-	0.0000	0.0000	0.1183	0.0000	0.8816	0.8816	SAS	0.0000	0.0000	0.1154	0.0448	0.8398	0.8398	SAS	1	0
HG04146	1KG	BEB	NA	-	0.0000	0.0000	0.1268	0.0040	0.8692	0.8692	SAS	0.0000	0.0000	0.1241	0.0558	0.8201	0.8201	SAS	1	0
HG03589	1KG	BEB	NA	-	0.0000	0.0000	0.0875	0.0000	0.9124	0.9124	SAS	0.0000	0.0000	0.0848	0.0458	0.8694	0.8694	SAS	1	0
HG04159	1KG	BEB	NA	-	0.0000	0.0000	0.0952	0.0029	0.9019	0.9019	SAS	0.0000	0.0000	0.0930	0.0596	0.8474	0.8474	SAS	1	0
HG03593	1KG	BEB	NA	-	0.0000	0.0000	0.1134	0.0000	0.8866	0.8866	SAS	0.0000	0.0000	0.1105	0.0472	0.8423	0.8423	SAS	1	0
HG04186	1KG	BEB	NA	-	0.0000	0.0000	0.0000	0.0000	1.0000	1.0000	SAS	0.0000	0.0000	0.0000	0.0000	1.0000	1.0000	SAS	1	0
HG03598	1KG	BEB	NA	-	0.0000	0.0000	0.1089	0.0046	0.8865	0.8865	SAS	0.0000	0.0000	0.1064	0.0587	0.8349	0.8349	SAS	1	0
HG03755	1KG	STU	NA	-	0.0000	0.0000	0.0000	0.0000	1.0000	1.0000	SAS	0.0000	0.0000	0.0000	0.0000	1.0000	1.0000	SAS	1	0
HG03850	1KG	STU	NA	-	0.0000	0.0000	0.0000	0.0000	1.0000	1.0000	SAS	0.0000	0.0000	0.0000	0.0241	0.9758	0.9758	SAS	1	0
HG03894	1KG	STU	NA	-	0.0000	0.0000	0.0000	0.0000	1.0000	1.0000	SAS	0.0000	0.0000	0.0000	0.0000	1.0000	1.0000	SAS	1	0
HG03897	1KG	STU	NA	-	0.0000	0.0000	0.0000	0.0000	1.0000	1.0000	SAS	0.0000	0.0000	0.0000	0.0379	0.9620	0.9620	SAS	1	0
HG03944	1KG	STU	NA	-	0.0000	0.0000	0.0000	0.0000	1.0000	1.0000	SAS	0.0000	0.0000	0.0000	0.0230	0.9770	0.9770	SAS	1	0
HG03646	1KG	STU	NA	-	0.0000	0.0000	0.0000	0.0000	1.0000	1.0000	SAS	0.0000	0.0000	0.0000	0.0212	0.9788	0.9788	SAS	1	0
HG03645	1KG	STU	NA	-	0.0000	0.0000	0.0153	0.0000	0.9847	0.9847	SAS	0.0000	0.0000	0.0126	0.0080	0.9794	0.9794	SAS	1	0
HG03999	1KG	STU	NA	-	0.0000	0.0000	0.0000	0.0000	1.0000	1.0000	SAS	0.0000	0.0000	0.0000	0.0126	0.9874	0.9874	SAS	1	0
HG03672	1KG	STU	NA	-	0.0000	0.0000	0.0000	0.0000	1.0000	1.0000	SAS	0.0000	0.0000	0.0000	0.0133	0.9867	0.9867	SAS	1	0
HG03680	1KG	STU	NA	-	0.0000	0.0000	0.0000	0.0000	1.0000	1.0000	SAS	0.0000	0.0000	0.0000	0.0134	0.9866	0.9866	SAS	1	0
HG03681	1KG	STU	NA	-	0.0000	0.0000	0.0000	0.0000	1.0000	1.0000	SAS	0.0000	0.0000	0.0000	0.0292	0.9707	0.9707	SAS	1	0
HG03685	1KG	STU	NA	-	0.0000	0.0000	0.0000	0.0000	1.0000	1.0000	SAS	0.0000	0.0000	0.0000	0.0057	0.9943	0.9943	SAS	1	0
HG03686	1KG	STU	NA	-	0.0000	0.0000	0.0000	0.0000	1.0000	1.0000	SAS	0.0000	0.0000	0.0000	0.0000	1.0000	1.0000	SAS	1	0
HG03687	1KG	STU	NA	-	0.0000	0.0000	0.0000	0.0000	1.0000	1.0000	SAS	0.0000	0.0000	0.0000	0.0071	0.9929	0.9929	SAS	1	0
HG03689	1KG	STU	NA	-	0.0000	0.0000	0.0000	0.0000	1.0000	1.0000	SAS	0.0000	0.0000	0.0000	0.0042	0.9958	0.9958	SAS	1	0
HG03690	1KG	STU	NA	-	0.0000	0.0000	0.0000	0.0000	1.0000	1.0000	SAS	0.0000	0.0000	0.0000	0.0066	0.9934	0.9934	SAS	1	0
HG03691	1KG	STU	NA	-	0.0000	0.0000	0.0000	0.0000	1.0000	1.0000	SAS	0.0000	0.0000	0.0000	0.0000	1.0000	1.0000	SAS	1	0
HG03694	1KG	STU	NA	-	0.0000	0.0000	0.0726	0.1053	0.8222	0.8222	SAS	0.0000	0.0000	0.0710	0.1569	0.7721	0.7721	SAS	1	0
HG03695	1KG	STU	NA	-	0.0000	0.0000	0.0000	0.0000	1.0000	1.0000	SAS	0.0000	0.0000	0.0000	0.0068	0.9931	0.9931	SAS	1	0
HG03696	1KG	STU	NA	-	0.0000	0.0000	0.0000	0.0000	1.0000	1.0000	SAS	0.0000	0.0000	0.0000	0.0123	0.9877	0.9877	SAS	1	0
HG03697	1KG	STU	NA	-	0.0000	0.0000	0.0000	0.0000	1.0000	1.0000	SAS	0.0000	0.0000	0.0000	0.0193	0.9806	0.9806	SAS	1	0
HG03698	1KG	STU	NA	-	0.0000	0.0000	0.0000	0.0000	1.0000	1.0000	SAS	0.0000	0.0000	0.0000	0.0262	0.9738	0.9738	SAS	1	0
HG03711	1KG	STU	NA	-	0.0000	0.0000	0.0000	0.0000	1.0000	1.0000	SAS	0.0000	0.0000	0.0000	0.0193	0.9807	0.9807	SAS	1	0
HG03733	1KG	STU	NA	-	0.0000	0.0000	0.0000	0.0000	1.0000	1.0000	SAS	0.0000	0.0000	0.0000	0.0064	0.9936	0.9936	SAS	1	0
HG03736	1KG	STU	NA	-	0.0000	0.0000	0.0000	0.0000	1.0000	1.0000	SAS	0.0000	0.0000	0.0000	0.0115	0.9885	0.9885	SAS	1	0
HG03738	1KG	STU	NA	-	0.0000	0.0000	0.0000	0.0000	1.0000	1.0000	SAS	0.0000	0.0000	0.0000	0.0203	0.9796	0.9796	SAS	1	0
HG03744	1KG	STU	NA	-	0.0000	0.0000	0.0160	0.0000	0.9840	0.9840	SAS	0.0000	0.0000	0.0126	0.0032	0.9841	0.9841	SAS	1	0
HG03745	1KG	STU	NA	-	0.0000	0.0000	0.0000	0.0000	1.0000	1.0000	SAS	0.0000	0.0000	0.0000	0.0204	0.9796	0.9796	SAS	1	0
HG03752	1KG	STU	NA	-	0.0000	0.0000	0.0000	0.0000	1.0000	1.0000	SAS	0.0000	0.0000	0.0000	0.0090	0.9909	0.9909	SAS	1	0
HG03753	1KG	STU	NA	-	0.0000	0.0000	0.0000	0.0000	1.0000	1.0000	SAS	0.0000	0.0000	0.0000	0.0154	0.9846	0.9846	SAS	1	0
HG03760	1KG	STU	NA	-	0.0000	0.0000	0.0000	0.0000	1.0000	1.0000	SAS	0.0000	0.0000	0.0000	0.0153	0.9847	0.9847	SAS	1	0
HG03836	1KG	STU	NA	-	0.0000	0.0000	0.0000	0.0000	1.0000	1.0000	SAS	0.0000	0.0000	0.0000	0.0217	0.9783	0.9783	SAS	1	0
HG03837	1KG	STU	NA	-	0.0000	0.0000	0.0000	0.0000	1.0000	1.0000	SAS	0.0000	0.0000	0.0000	0.0117	0.9883	0.9883	SAS	1	0
HG03846	1KG	STU	NA	-	0.0000	0.0000	0.0000	0.0000	1.0000	1.0000	SAS	0.0000	0.0000	0.0000	0.0000	1.0000	1.0000	SAS	1	0
HG03848	1KG	STU	NA	-	0.0000	0.0000	0.0000	0.0000	1.0000	1.0000	SAS	0.0000	0.0000	0.0000	0.0030	0.9969	0.9969	SAS	1	0
HG03851	1KG	STU	NA	-	0.0000	0.0000	0.0000	0.0000	1.0000	1.0000	SAS	0.0000	0.0000	0.0000	0.0213	0.9786	0.9786	SAS	1	0
HG03856	1KG	STU	NA	-	0.0000	0.0000	0.0141	0.0000	0.9858	0.9858	SAS	0.0000	0.0000	0.0082	0.0000	0.9918	0.9918	SAS	1	0
HG03895	1KG	STU	NA	-	0.0000	0.0000	0.0000	0.0000	1.0000	1.0000	SAS	0.0000	0.0000	0.0000	0.0228	0.9771	0.9771	SAS	1	0
HG03890	1KG	STU	NA	-	0.0000	0.0000	0.0000	0.0000	1.0000	1.0000	SAS	0.0000	0.0000	0.0000	0.0145	0.9855	0.9855	SAS	1	0
HG04033	1KG	STU	NA	-	0.0000	0.0000	0.0000	0.0000	1.0000	1.0000	SAS	0.0000	0.0000	0.0000	0.0000	1.0000	1.0000	SAS	1	0
HG03947	1KG	STU	NA	-	0.0000	0.0000	0.0000	0.0000	1.0000	1.0000	SAS	0.0000	0.0000	0.0000	0.0000	1.0000	1.0000	SAS	1	0
HG03953	1KG	STU	NA	-	0.0000	0.0000	0.0000	0.0000	1.0000	1.0000	SAS	0.0000	0.0000	0.0000	0.0180	0.9820	0.9820	SAS	1	0
HG03949	1KG	STU	NA	-	0.0000	0.0000	0.0000	0.0000	1.0000	1.0000	SAS	0.0000	0.0000	0.0000	0.0248	0.9752	0.9752	SAS	1	0
HG04035	1KG	STU	NA	-	0.0000	0.0000	0.0000	0.0000	1.0000	1.0000	SAS	0.0000	0.0000	0.0000	0.0238	0.9761	0.9761	SAS	1	0
HG04029	1KG	STU	NA	-	0.0000	0.0000	0.0000	0.0000	1.0000	1.0000	SAS	0.0000	0.0000	0.0000	0.0254	0.9745	0.9745	SAS	1	0
HG04042	1KG	STU	NA	-	0.0000	0.0000	0.0000	0.0000	1.0000	1.0000	SAS	0.0000	0.0000	0.0000	0.0084	0.9916	0.9916	SAS	1	0
HG04099	1KG	STU	NA	-	0.0000	0.0000	0.0000	0.0000	1.0000	1.0000	SAS	0.0000	0.0000	0.0000	0.0265	0.9735	0.9735	SAS	1	0
HG03977	1KG	ITU	NA	-	0.0000	0.0000	0.0000	0.0000	1.0000	1.0000	SAS	0.0000	0.0000	0.0000	0.0000	1.0000	1.0000	SAS	1	0
HG03780	1KG	ITU	NA	-	0.0000	0.0000	0.0000	0.0000	1.0000	1.0000	SAS	0.0000	0.0000	0.0000	0.0360	0.9639	0.9639	SAS	1	0
HG03718	1KG	ITU	NA	-	0.0000	0.0000	0.0000	0.0000	1.0000	1.0000	SAS	0.0000	0.0000	0.0000	0.0000	1.0000	1.0000	SAS	1	0
HG04018	1KG	ITU	NA	-	0.0000	0.0000	0.0000	0.0000	1.0000	1.0000	SAS	0.0000	0.0000	0.0000	0.0267	0.9733	0.9733	SAS	1	0
HG03742	1KG	ITU	NA	-	0.0000	0.0000	0.0128	0.0000	0.9872	0.9872	SAS	0.0000	0.0000	0.0099	0.0157	0.9744	0.9744	SAS	1	0
HG03779	1KG	ITU	NA	-	0.0000	0.0000	0.0000	0.0000	1.0000	1.0000	SAS	0.0000	0.0000	0.0000	0.0339	0.9661	0.9661	SAS	1	0
HG03777	1KG	ITU	NA	-	0.0000	0.0000	0.0000	0.0000	1.0000	1.0000	SAS	0.0000	0.0000	0.0000	0.0382	0.9618	0.9618	SAS	1	0
HG03785	1KG	ITU	NA	-	0.0000	0.0000	0.0000	0.0000	1.0000	1.0000	SAS	0.0000	0.0000	0.0000	0.0000	1.0000	1.0000	SAS	1	0
HG03790	1KG	ITU	NA	-	0.0000	0.0000	0.0000	0.0000	1.0000	1.0000	SAS	0.0000	0.0000	0.0000	0.0230	0.9770	0.9770	SAS	1	0
HG03792	1KG	ITU	NA	-	0.0000	0.0000	0.0000	0.0000	1.0000	1.0000	SAS	0.0000	0.0000	0.0000	0.0332	0.9668	0.9668	SAS	1	0
HG03782	1KG	ITU	NA	-	0.0000	0.0000	0.0000	0.0000	1.0000	1.0000	SAS	0.0000	0.0000	0.0000	0.0379	0.9621	0.9621	SAS	1	0
HG03873	1KG	ITU	NA	-	0.0000	0.0000	0.0000	0.0000	1.0000	1.0000	SAS	0.0000	0.0000	0.0000	0.0000	1.0000	1.0000	SAS	1	0
HG03861	1KG	ITU	NA	-	0.0000	0.0000	0.0000	0.0000	1.0000	1.0000	SAS	0.0000	0.0000	0.0000	0.0000	1.0000	1.0000	SAS	1	0
HG03863	1KG	ITU	NA	-	0.0000	0.0000	0.0000	0.0000	1.0000	1.0000	SAS	0.0000	0.0000	0.0000	0.0188	0.9811	0.9811	SAS	1	0
HG03872	1KG	ITU	NA	-	0.0000	0.0000	0.0000	0.0000	1.0000	1.0000	SAS	0.0000	0.0000	0.0000	0.0249	0.9751	0.9751	SAS	1	0
HG03870	1KG	ITU	NA	-	0.0000	0.0000	0.0000	0.0000	1.0000	1.0000	SAS	0.0000	0.0000	0.0000	0.0270	0.9729	0.9729	SAS	1	0
HG03867	1KG	ITU	NA	-	0.0000	0.0000	0.0047	0.0000	0.9953	0.9953	SAS	0.0000	0.0000	0.0000	0.0000	1.0000	1.0000	SAS	1	0
HG03963	1KG	ITU	NA	-	0.0000	0.0000	0.0000	0.0000	1.0000	1.0000	SAS	0.0000	0.0000	0.0000	0.0074	0.9926	0.9926	SAS	1	0
HG03960	1KG	ITU	NA	-	0.0000	0.0000	0.0000	0.0000	1.0000	1.0000	SAS	0.0000	0.0000	0.0000	0.0167	0.9833	0.9833	SAS	1	0
HG03968	1KG	ITU	NA	-	0.0000	0.0000	0.0000	0.0000	1.0000	1.0000	SAS	0.0000	0.0000	0.0000	0.0139	0.9861	0.9861	SAS	1	0
HG03720	1KG	ITU	NA	-	0.0000	0.0000	0.0000	0.0000	1.0000	1.0000	SAS	0.0000	0.0000	0.0000	0.0099	0.9901	0.9901	SAS	1	0
HG04019	1KG	ITU	NA	-	0.0000	0.0000	0.0000	0.0000	1.0000	1.0000	SAS	0.0000	0.0000	0.0000	0.0314	0.9686	0.9686	SAS	1	0
HG04025	1KG	ITU	NA	-	0.0000	0.0000	0.0000	0.0000	1.0000	1.0000	SAS	0.0000	0.0000	0.0000	0.0000	1.0000	1.0000	SAS	1	0
HG04020	1KG	ITU	NA	-	0.0000	0.0000	0.0174	0.0277	0.9548	0.9548	SAS	0.0000	0.0000	0.0164	0.0851	0.8985	0.8985	SAS	1	0
HG04014	1KG	ITU	NA	-	0.0000	0.0000	0.0228	0.0000	0.9772	0.9772	SAS	0.0000	0.0000	0.0204	0.0180	0.9615	0.9615	SAS	1	0
HG04015	1KG	ITU	NA	-	0.0000	0.0000	0.0000	0.0000	1.0000	1.0000	SAS	0.0000	0.0000	0.0000	0.0186	0.9814	0.9814	SAS	1	0
HG04022	1KG	ITU	NA	-	0.0000	0.0000	0.0000	0.0000	1.0000	1.0000	SAS	0.0000	0.0000	0.0000	0.0221	0.9779	0.9779	SAS	1	0
HG04063	1KG	ITU	NA	-	0.0000	0.0000	0.0000	0.0000	1.0000	1.0000	SAS	0.0000	0.0000	0.0000	0.0000	1.0000	1.0000	SAS	1	0
HG04093	1KG	ITU	NA	-	0.0000	0.0000	0.0000	0.0000	1.0000	1.0000	SAS	0.0000	0.0000	0.0000	0.0117	0.9882	0.9882	SAS	1	0
HG04118	1KG	ITU	NA	-	0.0000	0.0000	0.0000	0.0000	1.0000	1.0000	SAS	0.0000	0.0000	0.0000	0.0180	0.9820	0.9820	SAS	1	0
HG02759	1KG	GWD	AFR	-	1.0000	0.0000	0.0000	0.0000	0.0000	1.0000	AFR	1.0000	0.0000	0.0000	0.0000	0.0000	1.0000	AFR	1	1
HG02760	1KG	GWD	AFR	-	0.9932	0.0000	0.0000	0.0068	0.0000	0.9932	AFR	0.9931	0.0000	0.0000	0.0069	0.0000	0.9931	AFR	1	1
HG02763	1KG	GWD	AFR	-	1.0000	0.0000	0.0000	0.0000	0.0000	1.0000	AFR	1.0000	0.0000	0.0000	0.0000	0.0000	1.0000	AFR	1	1
HG02870	1KG	GWD	AFR	-	1.0000	0.0000	0.0000	0.0000	0.0000	1.0000	AFR	1.0000	0.0000	0.0000	0.0000	0.0000	1.0000	AFR	1	1
HG02878	1KG	GWD	AFR	-	1.0000	0.0000	0.0000	0.0000	0.0000	1.0000	AFR	1.0000	0.0000	0.0000	0.0000	0.0000	1.0000	AFR	1	1
HG02879	1KG	GWD	AFR	-	1.0000	0.0000	0.0000	0.0000	0.0000	1.0000	AFR	1.0000	0.0000	0.0000	0.0000	0.0000	1.0000	AFR	1	1
HG02881	1KG	GWD	AFR	-	1.0000	0.0000	0.0000	0.0000	0.0000	1.0000	AFR	1.0000	0.0000	0.0000	0.0000	0.0000	1.0000	AFR	1	1
HG02882	1KG	GWD	AFR	-	1.0000	0.0000	0.0000	0.0000	0.0000	1.0000	AFR	1.0000	0.0000	0.0000	0.0000	0.0000	1.0000	AFR	1	1
HG02982	1KG	GWD	AFR	-	1.0000	0.0000	0.0000	0.0000	0.0000	1.0000	AFR	1.0000	0.0000	0.0000	0.0000	0.0000	1.0000	AFR	1	1
HG02983	1KG	GWD	AFR	-	1.0000	0.0000	0.0000	0.0000	0.0000	1.0000	AFR	1.0000	0.0000	0.0000	0.0000	0.0000	1.0000	AFR	1	1
HG03054	1KG	MSL	AFR	-	1.0000	0.0000	0.0000	0.0000	0.0000	1.0000	AFR	1.0000	0.0000	0.0000	0.0000	0.0000	1.0000	AFR	1	1
HG03060	1KG	MSL	AFR	-	1.0000	0.0000	0.0000	0.0000	0.0000	1.0000	AFR	1.0000	0.0000	0.0000	0.0000	0.0000	1.0000	AFR	1	1
HG03063	1KG	MSL	AFR	-	1.0000	0.0000	0.0000	0.0000	0.0000	1.0000	AFR	1.0000	0.0000	0.0000	0.0000	0.0000	1.0000	AFR	1	1
HG03064	1KG	MSL	AFR	-	1.0000	0.0000	0.0000	0.0000	0.0000	1.0000	AFR	1.0000	0.0000	0.0000	0.0000	0.0000	1.0000	AFR	1	1
HG03073	1KG	MSL	AFR	-	1.0000	0.0000	0.0000	0.0000	0.0000	1.0000	AFR	1.0000	0.0000	0.0000	0.0000	0.0000	1.0000	AFR	1	1
HG03074	1KG	MSL	AFR	-	1.0000	0.0000	0.0000	0.0000	0.0000	1.0000	AFR	1.0000	0.0000	0.0000	0.0000	0.0000	1.0000	AFR	1	1
HG03077	1KG	MSL	AFR	-	1.0000	0.0000	0.0000	0.0000	0.0000	1.0000	AFR	1.0000	0.0000	0.0000	0.0000	0.0000	1.0000	AFR	1	1
HG03079	1KG	MSL	AFR	-	1.0000	0.0000	0.0000	0.0000	0.0000	1.0000	AFR	1.0000	0.0000	0.0000	0.0000	0.0000	1.0000	AFR	1	1
HG03082	1KG	MSL	AFR	-	1.0000	0.0000	0.0000	0.0000	0.0000	1.0000	AFR	1.0000	0.0000	0.0000	0.0000	0.0000	1.0000	AFR	1	1
HG03086	1KG	MSL	AFR	-	1.0000	0.0000	0.0000	0.0000	0.0000	1.0000	AFR	1.0000	0.0000	0.0000	0.0000	0.0000	1.0000	AFR	1	1
HG03091	1KG	MSL	AFR	-	1.0000	0.0000	0.0000	0.0000	0.0000	1.0000	AFR	1.0000	0.0000	0.0000	0.0000	0.0000	1.0000	AFR	1	1
HG03095	1KG	MSL	AFR	-	1.0000	0.0000	0.0000	0.0000	0.0000	1.0000	AFR	1.0000	0.0000	0.0000	0.0000	0.0000	1.0000	AFR	1	1
HG03224	1KG	MSL	AFR	-	1.0000	0.0000	0.0000	0.0000	0.0000	1.0000	AFR	1.0000	0.0000	0.0000	0.0000	0.0000	1.0000	AFR	1	1
HG03225	1KG	MSL	AFR	-	1.0000	0.0000	0.0000	0.0000	0.0000	1.0000	AFR	1.0000	0.0000	0.0000	0.0000	0.0000	1.0000	AFR	1	1
HG03378	1KG	MSL	AFR	-	1.0000	0.0000	0.0000	0.0000	0.0000	1.0000	AFR	1.0000	0.0000	0.0000	0.0000	0.0000	1.0000	AFR	1	1
HG03382	1KG	MSL	AFR	-	1.0000	0.0000	0.0000	0.0000	0.0000	1.0000	AFR	1.0000	0.0000	0.0000	0.0000	0.0000	1.0000	AFR	1	1
HG03394	1KG	MSL	AFR	-	1.0000	0.0000	0.0000	0.0000	0.0000	1.0000	AFR	1.0000	0.0000	0.0000	0.0000	0.0000	1.0000	AFR	1	1
HG03432	1KG	MSL	AFR	-	1.0000	0.0000	0.0000	0.0000	0.0000	1.0000	AFR	1.0000	0.0000	0.0000	0.0000	0.0000	1.0000	AFR	1	1
HG03558	1KG	MSL	AFR	-	1.0000	0.0000	0.0000	0.0000	0.0000	1.0000	AFR	1.0000	0.0000	0.0000	0.0000	0.0000	1.0000	AFR	1	1
HG03567	1KG	MSL	AFR	-	1.0000	0.0000	0.0000	0.0000	0.0000	1.0000	AFR	1.0000	0.0000	0.0000	0.0000	0.0000	1.0000	AFR	1	1
HG02938	1KG	ESN	AFR	-	1.0000	0.0000	0.0000	0.0000	0.0000	1.0000	AFR	1.0000	0.0000	0.0000	0.0000	0.0000	1.0000	AFR	1	1
HG02941	1KG	ESN	AFR	-	1.0000	0.0000	0.0000	0.0000	0.0000	1.0000	AFR	1.0000	0.0000	0.0000	0.0000	0.0000	1.0000	AFR	1	1
HG02968	1KG	ESN	AFR	-	1.0000	0.0000	0.0000	0.0000	0.0000	1.0000	AFR	1.0000	0.0000	0.0000	0.0000	0.0000	1.0000	AFR	1	1
HG02979	1KG	ESN	AFR	-	1.0000	0.0000	0.0000	0.0000	0.0000	1.0000	AFR	1.0000	0.0000	0.0000	0.0000	0.0000	1.0000	AFR	1	1
HG02981	1KG	ESN	AFR	-	1.0000	0.0000	0.0000	0.0000	0.0000	1.0000	AFR	1.0000	0.0000	0.0000	0.0000	0.0000	1.0000	AFR	1	1
HG03103	1KG	ESN	AFR	-	1.0000	0.0000	0.0000	0.0000	0.0000	1.0000	AFR	1.0000	0.0000	0.0000	0.0000	0.0000	1.0000	AFR	1	1
HG03105	1KG	ESN	AFR	-	1.0000	0.0000	0.0000	0.0000	0.0000	1.0000	AFR	1.0000	0.0000	0.0000	0.0000	0.0000	1.0000	AFR	1	1
HG03111	1KG	ESN	AFR	-	1.0000	0.0000	0.0000	0.0000	0.0000	1.0000	AFR	1.0000	0.0000	0.0000	0.0000	0.0000	1.0000	AFR	1	1
HG03112	1KG	ESN	AFR	-	1.0000	0.0000	0.0000	0.0000	0.0000	1.0000	AFR	1.0000	0.0000	0.0000	0.0000	0.0000	1.0000	AFR	1	1
HG03126	1KG	ESN	AFR	-	1.0000	0.0000	0.0000	0.0000	0.0000	1.0000	AFR	1.0000	0.0000	0.0000	0.0000	0.0000	1.0000	AFR	1	1
HG03127	1KG	ESN	AFR	-	1.0000	0.0000	0.0000	0.0000	0.0000	1.0000	AFR	1.0000	0.0000	0.0000	0.0000	0.0000	1.0000	AFR	1	1
HG03139	1KG	ESN	AFR	-	1.0000	0.0000	0.0000	0.0000	0.0000	1.0000	AFR	1.0000	0.0000	0.0000	0.0000	0.0000	1.0000	AFR	1	1
HG03157	1KG	ESN	AFR	-	1.0000	0.0000	0.0000	0.0000	0.0000	1.0000	AFR	1.0000	0.0000	0.0000	0.0000	0.0000	1.0000	AFR	1	1
HG03166	1KG	ESN	AFR	-	1.0000	0.0000	0.0000	0.0000	0.0000	1.0000	AFR	1.0000	0.0000	0.0000	0.0000	0.0000	1.0000	AFR	1	1
HG03175	1KG	ESN	AFR	-	1.0000	0.0000	0.0000	0.0000	0.0000	1.0000	AFR	1.0000	0.0000	0.0000	0.0000	0.0000	1.0000	AFR	1	1
HG03189	1KG	ESN	AFR	-	1.0000	0.0000	0.0000	0.0000	0.0000	1.0000	AFR	1.0000	0.0000	0.0000	0.0000	0.0000	1.0000	AFR	1	1
HG03190	1KG	ESN	AFR	-	1.0000	0.0000	0.0000	0.0000	0.0000	1.0000	AFR	1.0000	0.0000	0.0000	0.0000	0.0000	1.0000	AFR	1	1
HG03193	1KG	ESN	AFR	-	1.0000	0.0000	0.0000	0.0000	0.0000	1.0000	AFR	1.0000	0.0000	0.0000	0.0000	0.0000	1.0000	AFR	1	1
HG03202	1KG	ESN	AFR	-	1.0000	0.0000	0.0000	0.0000	0.0000	1.0000	AFR	1.0000	0.0000	0.0000	0.0000	0.0000	1.0000	AFR	1	1
HG03265	1KG	ESN	AFR	-	1.0000	0.0000	0.0000	0.0000	0.0000	1.0000	AFR	1.0000	0.0000	0.0000	0.0000	0.0000	1.0000	AFR	1	1
HG03297	1KG	ESN	AFR	-	1.0000	0.0000	0.0000	0.0000	0.0000	1.0000	AFR	1.0000	0.0000	0.0000	0.0000	0.0000	1.0000	AFR	1	1
HG03298	1KG	ESN	AFR	-	1.0000	0.0000	0.0000	0.0000	0.0000	1.0000	AFR	1.0000	0.0000	0.0000	0.0000	0.0000	1.0000	AFR	1	1
HG03303	1KG	ESN	AFR	-	1.0000	0.0000	0.0000	0.0000	0.0000	1.0000	AFR	1.0000	0.0000	0.0000	0.0000	0.0000	1.0000	AFR	1	1
HG03304	1KG	ESN	AFR	-	1.0000	0.0000	0.0000	0.0000	0.0000	1.0000	AFR	1.0000	0.0000	0.0000	0.0000	0.0000	1.0000	AFR	1	1
HG03311	1KG	ESN	AFR	-	1.0000	0.0000	0.0000	0.0000	0.0000	1.0000	AFR	1.0000	0.0000	0.0000	0.0000	0.0000	1.0000	AFR	1	1
HG03313	1KG	ESN	AFR	-	1.0000	0.0000	0.0000	0.0000	0.0000	1.0000	AFR	1.0000	0.0000	0.0000	0.0000	0.0000	1.0000	AFR	1	1
HG03354	1KG	ESN	AFR	-	1.0000	0.0000	0.0000	0.0000	0.0000	1.0000	AFR	1.0000	0.0000	0.0000	0.0000	0.0000	1.0000	AFR	1	1
HG03363	1KG	ESN	AFR	-	1.0000	0.0000	0.0000	0.0000	0.0000	1.0000	AFR	1.0000	0.0000	0.0000	0.0000	0.0000	1.0000	AFR	1	1
HG03372	1KG	ESN	AFR	-	1.0000	0.0000	0.0000	0.0000	0.0000	1.0000	AFR	1.0000	0.0000	0.0000	0.0000	0.0000	1.0000	AFR	1	1
HG03499	1KG	ESN	AFR	-	1.0000	0.0000	0.0000	0.0000	0.0000	1.0000	AFR	1.0000	0.0000	0.0000	0.0000	0.0000	1.0000	AFR	1	1
HG03517	1KG	ESN	AFR	-	1.0000	0.0000	0.0000	0.0000	0.0000	1.0000	AFR	1.0000	0.0000	0.0000	0.0000	0.0000	1.0000	AFR	1	1
HG03518	1KG	ESN	AFR	-	1.0000	0.0000	0.0000	0.0000	0.0000	1.0000	AFR	1.0000	0.0000	0.0000	0.0000	0.0000	1.0000	AFR	1	1
HG03520	1KG	ESN	AFR	-	1.0000	0.0000	0.0000	0.0000	0.0000	1.0000	AFR	1.0000	0.0000	0.0000	0.0000	0.0000	1.0000	AFR	1	1
HG03521	1KG	ESN	AFR	-	1.0000	0.0000	0.0000	0.0000	0.0000	1.0000	AFR	1.0000	0.0000	0.0000	0.0000	0.0000	1.0000	AFR	1	1
HG02493	1KG	PJL	NA	-	0.0000	0.0000	0.0000	0.1603	0.8397	0.8397	SAS	0.0000	0.0000	0.0000	0.2208	0.7791	0.7791	SAS	1	0
HG02494	1KG	PJL	NA	-	0.0000	0.0006	0.0133	0.2256	0.7605	0.7605	SAS	0.0000	0.0006	0.0133	0.2813	0.7048	0.7048	SAS	1	0
HG02648	1KG	PJL	NA	-	0.0000	0.0015	0.0066	0.2304	0.7616	0.7616	SAS	0.0000	0.0015	0.0070	0.2860	0.7055	0.7055	SAS	1	0
HG02649	1KG	PJL	NA	-	0.0000	0.0004	0.0036	0.2296	0.7664	0.7664	SAS	0.0000	0.0004	0.0032	0.2857	0.7107	0.7107	SAS	1	0
HG02651	1KG	PJL	NA	-	0.0000	0.0000	0.0000	0.1624	0.8376	0.8376	SAS	0.0000	0.0000	0.0000	0.2201	0.7798	0.7798	SAS	1	0
HG02652	1KG	PJL	NA	-	0.0000	0.0000	0.0017	0.1625	0.8357	0.8357	SAS	0.0000	0.0000	0.0011	0.2206	0.7783	0.7783	SAS	1	0
HG02690	1KG	PJL	NA	-	0.0000	0.0000	0.0000	0.2198	0.7802	0.7802	SAS	0.0000	0.0000	0.0000	0.2767	0.7232	0.7232	SAS	1	0
HG02691	1KG	PJL	NA	-	0.0000	0.0000	0.0000	0.2151	0.7849	0.7849	SAS	0.0000	0.0000	0.0000	0.2723	0.7277	0.7277	SAS	1	0
HG02699	1KG	PJL	NA	-	0.0000	0.0000	0.0055	0.2049	0.7896	0.7896	SAS	0.0000	0.0000	0.0051	0.2600	0.7349	0.7349	SAS	1	0
HG02700	1KG	PJL	NA	-	0.0000	0.0000	0.0031	0.2074	0.7895	0.7895	SAS	0.0000	0.0000	0.0030	0.2634	0.7336	0.7336	SAS	1	0
HG02736	1KG	PJL	NA	-	0.0000	0.0000	0.0049	0.2047	0.7904	0.7904	SAS	0.0000	0.0000	0.0050	0.2597	0.7353	0.7353	SAS	1	0
HG02737	1KG	PJL	NA	-	0.0000	0.0000	0.0000	0.2158	0.7842	0.7842	SAS	0.0000	0.0000	0.0000	0.2719	0.7281	0.7281	SAS	1	0
HG02774	1KG	PJL	NA	-	0.0000	0.0000	0.0000	0.0751	0.9249	0.9249	SAS	0.0000	0.0000	0.0000	0.1362	0.8638	0.8638	SAS	1	0
HG02775	1KG	PJL	NA	-	0.0000	0.0000	0.0000	0.0022	0.9977	0.9977	SAS	0.0000	0.0000	0.0000	0.0646	0.9353	0.9353	SAS	1	0
HG02792	1KG	PJL	NA	-	0.0000	0.0000	0.0000	0.0000	1.0000	1.0000	SAS	0.0000	0.0000	0.0000	0.0551	0.9449	0.9449	SAS	1	0
HG02793	1KG	PJL	NA	-	0.0000	0.0000	0.0000	0.0000	1.0000	1.0000	SAS	0.0000	0.0000	0.0000	0.0487	0.9513	0.9513	SAS	1	0
HG03228	1KG	PJL	NA	-	0.0000	0.0001	0.0044	0.0144	0.9811	0.9811	SAS	0.0000	0.0004	0.0030	0.0777	0.9190	0.9190	SAS	1	0
HG03229	1KG	PJL	NA	-	0.0000	0.0000	0.0000	0.0260	0.9740	0.9740	SAS	0.0000	0.0000	0.0000	0.0862	0.9138	0.9138	SAS	1	0
HG03624	1KG	PJL	NA	-	0.0000	0.0000	0.0000	0.2108	0.7892	0.7892	SAS	0.0000	0.0000	0.0000	0.2701	0.7299	0.7299	SAS	1	0
HG03625	1KG	PJL	NA	-	0.0000	0.0000	0.0000	0.2396	0.7604	0.7604	SAS	0.0000	0.0000	0.0000	0.2960	0.7039	0.7039	SAS	1	0
HG03640	1KG	PJL	NA	-	0.0000	0.0000	0.0000	0.0000	1.0000	1.0000	SAS	0.0000	0.0000	0.0000	0.0563	0.9437	0.9437	SAS	1	0
HG03649	1KG	PJL	NA	-	0.0000	0.0000	0.0247	0.1222	0.8531	0.8531	SAS	0.0000	0.0000	0.0241	0.1778	0.7981	0.7981	SAS	1	0
HG03652	1KG	PJL	NA	-	0.0000	0.0000	0.0094	0.0615	0.9290	0.9290	SAS	0.0000	0.0000	0.0083	0.1202	0.8715	0.8715	SAS	1	0
HG03653	1KG	PJL	NA	-	0.0000	0.0000	0.0000	0.0753	0.9247	0.9247	SAS	0.0000	0.0000	0.0000	0.1345	0.8655	0.8655	SAS	1	0
HG03705	1KG	PJL	NA	-	0.0000	0.0000	0.0000	0.0007	0.9992	0.9992	SAS	0.0000	0.0000	0.0000	0.0648	0.9351	0.9351	SAS	1	0
HG03706	1KG	PJL	NA	-	0.0000	0.0000	0.0000	0.0079	0.9921	0.9921	SAS	0.0000	0.0000	0.0000	0.0706	0.9294	0.9294	SAS	1	0
HG03762	1KG	PJL	NA	-	0.0000	0.0000	0.0113	0.0098	0.9789	0.9789	SAS	0.0037	0.0000	0.0094	0.0681	0.9188	0.9188	SAS	1	0
HG01593	1KG	PJL	NA	-	0.0000	0.0000	0.0000	0.1958	0.8041	0.8041	SAS	0.0000	0.0000	0.0000	0.2543	0.7456	0.7456	SAS	1	0
HG02597	1KG	PJL	NA	-	0.0000	0.0000	0.0000	0.1865	0.8135	0.8135	SAS	0.0000	0.0000	0.0000	0.2451	0.7549	0.7549	SAS	1	0
HG02778	1KG	PJL	NA	-	0.0000	0.0000	0.0000	0.0014	0.9986	0.9986	SAS	0.0000	0.0000	0.0000	0.0639	0.9360	0.9360	SAS	1	0
HG03021	1KG	PJL	NA	-	0.0000	0.0000	0.0000	0.0000	1.0000	1.0000	SAS	0.0000	0.0000	0.0000	0.0651	0.9349	0.9349	SAS	1	0
HG03636	1KG	PJL	NA	-	0.0000	0.0000	0.0211	0.1413	0.8376	0.8376	SAS	0.0000	0.0000	0.0205	0.1992	0.7802	0.7802	SAS	1	0
HG03765	1KG	PJL	NA	-	0.0000	0.0000	0.0194	0.1558	0.8248	0.8248	SAS	0.0000	0.0000	0.0190	0.2124	0.7686	0.7686	SAS	1	0
HG03767	1KG	PJL	NA	-	0.0000	0.0011	0.0000	0.2761	0.7228	0.7228	SAS	0.0000	0.0014	0.0000	0.3303	0.6683	0.6683	SAS	1	0
HG01583	1KG	PJL	NA	-	0.0000	0.0000	0.0000	0.1534	0.8465	0.8465	SAS	0.0000	0.0000	0.0000	0.2103	0.7897	0.7897	SAS	1	0
HG01586	1KG	PJL	NA	-	0.0000	0.0000	0.0000	0.1628	0.8371	0.8371	SAS	0.0000	0.0000	0.0000	0.2221	0.7778	0.7778	SAS	1	0
HG01589	1KG	PJL	NA	-	0.0000	0.0000	0.0000	0.1779	0.8221	0.8221	SAS	0.0000	0.0000	0.0000	0.2357	0.7643	0.7643	SAS	1	0
HG02694	1KG	PJL	NA	-	0.0000	0.0000	0.0000	0.2163	0.7837	0.7837	SAS	0.0000	0.0000	0.0000	0.2747	0.7253	0.7253	SAS	1	0
HG02731	1KG	PJL	NA	-	0.0000	0.0000	0.0000	0.1105	0.8894	0.8894	SAS	0.0000	0.0000	0.0000	0.1711	0.8288	0.8288	SAS	1	0
HG02780	1KG	PJL	NA	-	0.0000	0.0000	0.0000	0.0204	0.9796	0.9796	SAS	0.0000	0.0000	0.0000	0.0812	0.9187	0.9187	SAS	1	0
HG03018	1KG	PJL	NA	-	0.0000	0.0000	0.0000	0.0200	0.9799	0.9799	SAS	0.0000	0.0000	0.0000	0.0815	0.9185	0.9185	SAS	1	0
HG03022	1KG	PJL	NA	-	0.0000	0.0000	0.0000	0.0362	0.9638	0.9638	SAS	0.0000	0.0000	0.0000	0.0976	0.9024	0.9024	SAS	1	0
HG03629	1KG	PJL	NA	-	0.0000	0.0000	0.0104	0.1810	0.8086	0.8086	SAS	0.0000	0.0000	0.0105	0.2394	0.7500	0.7500	SAS	1	0
HG03631	1KG	PJL	NA	-	0.0000	0.0000	0.0069	0.1518	0.8413	0.8413	SAS	0.0000	0.0000	0.0060	0.2095	0.7845	0.7845	SAS	1	0
HG03660	1KG	PJL	NA	-	0.0000	0.0000	0.0000	0.0078	0.9922	0.9922	SAS	0.0000	0.0000	0.0000	0.0710	0.9290	0.9290	SAS	1	0
HG03663	1KG	PJL	NA	-	0.0000	0.0000	0.0039	0.0000	0.9960	0.9960	SAS	0.0000	0.0000	0.0013	0.0462	0.9525	0.9525	SAS	1	0
HG04158	1KG	BEB	NA	-	0.0000	0.0000	0.1201	0.0015	0.8784	0.8784	SAS	0.0000	0.0000	0.1178	0.0548	0.8274	0.8274	SAS	1	0
HG04185	1KG	BEB	NA	-	0.0000	0.0000	0.0000	0.0000	1.0000	1.0000	SAS	0.0000	0.0000	0.0000	0.0083	0.9916	0.9916	SAS	1	0
HG04131	1KG	BEB	NA	-	0.0000	0.0000	0.1249	0.0193	0.8558	0.8558	SAS	0.0000	0.0000	0.1224	0.0698	0.8078	0.8078	SAS	1	0
HG04134	1KG	BEB	NA	-	0.0000	0.0000	0.1216	0.0108	0.8677	0.8677	SAS	0.0000	0.0000	0.1193	0.0647	0.8160	0.8160	SAS	1	0
HG04140	1KG	BEB	NA	-	0.0000	0.0000	0.1504	0.0000	0.8495	0.8495	SAS	0.0000	0.0000	0.1468	0.0396	0.8136	0.8136	SAS	1	0
HG04141	1KG	BEB	NA	-	0.0000	0.0000	0.1342	0.0057	0.8601	0.8601	SAS	0.0000	0.0000	0.1312	0.0546	0.8142	0.8142	SAS	1	0
HG04173	1KG	BEB	NA	-	0.0000	0.0000	0.1047	0.0000	0.8953	0.8953	SAS	0.0000	0.0000	0.1023	0.0523	0.8454	0.8454	SAS	1	0
HG04182	1KG	BEB	NA	-	0.0000	0.0000	0.1210	0.0000	0.8790	0.8790	SAS	0.0000	0.0000	0.1181	0.0479	0.8340	0.8340	SAS	1	0
HG04183	1KG	BEB	NA	-	0.0000	0.0000	0.1273	0.0053	0.8675	0.8675	SAS	0.0000	0.0000	0.1245	0.0568	0.8187	0.8187	SAS	1	0
HG03821	1KG	BEB	NA	-	0.0000	0.0000	0.1031	0.0000	0.8969	0.8969	SAS	0.0000	0.0000	0.1006	0.0507	0.8486	0.8486	SAS	1	0
HG03922	1KG	BEB	NA	-	0.0000	0.0000	0.1327	0.0000	0.8672	0.8672	SAS	0.0000	0.0000	0.1299	0.0474	0.8227	0.8227	SAS	1	0
HG04180	1KG	BEB	NA	-	0.0000	0.0000	0.0895	0.0089	0.9015	0.9015	SAS	0.0000	0.0000	0.0873	0.0608	0.8518	0.8518	SAS	1	0
HG03600	1KG	BEB	NA	-	0.0000	0.0000	0.0087	0.0000	0.9912	0.9912	SAS	0.0000	0.0000	0.0016	0.0000	0.9984	0.9984	SAS	1	0
HG03603	1KG	BEB	NA	-	0.0000	0.0000	0.1142	0.0000	0.8858	0.8858	SAS	0.0000	0.0000	0.1105	0.0375	0.8520	0.8520	SAS	1	0
HG03604	1KG	BEB	NA	-	0.0000	0.0000	0.0955	0.0007	0.9039	0.9039	SAS	0.0000	0.0000	0.0932	0.0539	0.8529	0.8529	SAS	1	0
HG03611	1KG	BEB	NA	-	0.0000	0.0000	0.1153	0.0157	0.8690	0.8690	SAS	0.0000	0.0000	0.1131	0.0683	0.8186	0.8186	SAS	1	0
HG03917	1KG	BEB	NA	-	0.0000	0.0000	0.1270	0.0000	0.8730	0.8730	SAS	0.0000	0.0000	0.1240	0.0479	0.8281	0.8281	SAS	1	0
HG03920	1KG	BEB	NA	-	0.0000	0.0000	0.0895	0.0000	0.9105	0.9105	SAS	0.0000	0.0000	0.0868	0.0436	0.8696	0.8696	SAS	1	0
HG04144	1KG	BEB	NA	-	0.0000	0.0000	0.0583	0.0444	0.8972	0.8972	SAS	0.0000	0.0000	0.0570	0.1018	0.8411	0.8411	SAS	1	0
HG04152	1KG	BEB	NA	-	0.0000	0.0000	0.1276	0.0000	0.8724	0.8724	SAS	0.0000	0.0000	0.1247	0.0475	0.8278	0.8278	SAS	1	0
HG04153	1KG	BEB	NA	-	0.0000	0.0000	0.1118	0.0036	0.8846	0.8846	SAS	0.0000	0.0000	0.1095	0.0571	0.8334	0.8334	SAS	1	0
HG04161	1KG	BEB	NA	-	0.0000	0.0000	0.1514	0.0000	0.8485	0.8485	SAS	0.0000	0.0000	0.1485	0.0500	0.8015	0.8015	SAS	1	0
HG04164	1KG	BEB	NA	-	0.0000	0.0000	0.1014	0.0000	0.8986	0.8986	SAS	0.0000	0.0000	0.0990	0.0522	0.8488	0.8488	SAS	1	0
HG04171	1KG	BEB	NA	-	0.0000	0.0008	0.1093	0.0044	0.8855	0.8855	SAS	0.0000	0.0007	0.1070	0.0564	0.8359	0.8359	SAS	1	0
HG04176	1KG	BEB	NA	-	0.0000	0.0000	0.1112	0.0033	0.8855	0.8855	SAS	0.0000	0.0000	0.1090	0.0590	0.8320	0.8320	SAS	1	0
HG04177	1KG	BEB	NA	-	0.0000	0.0008	0.1224	0.0080	0.8688	0.8688	SAS	0.0000	0.0011	0.1196	0.0597	0.8195	0.8195	SAS	1	0
HG04188	1KG	BEB	NA	-	0.0000	0.0007	0.1101	0.0000	0.8892	0.8892	SAS	0.0000	0.0008	0.1074	0.0522	0.8395	0.8395	SAS	1	0
HG04189	1KG	BEB	NA	-	0.0000	0.0000	0.1066	0.0000	0.8934	0.8934	SAS	0.0000	0.0000	0.1033	0.0391	0.8575	0.8575	SAS	1	0
HG04194	1KG	BEB	NA	-	0.0000	0.0000	0.0965	0.0002	0.9033	0.9033	SAS	0.0000	0.0000	0.0944	0.0543	0.8513	0.8513	SAS	1	0
HG04195	1KG	BEB	NA	-	0.0000	0.0000	0.1289	0.0128	0.8583	0.8583	SAS	0.0000	0.0000	0.1262	0.0645	0.8093	0.8093	SAS	1	0
HG03995	1KG	STU	NA	-	0.0000	0.0000	0.0000	0.0000	1.0000	1.0000	SAS	0.0000	0.0000	0.0000	0.0000	1.0000	1.0000	SAS	1	0
HG03951	1KG	STU	NA	-	0.0000	0.0000	0.0000	0.0000	1.0000	1.0000	SAS	0.0000	0.0000	0.0000	0.0093	0.9906	0.9906	SAS	1	0
HG03857	1KG	STU	NA	-	0.0000	0.0000	0.0128	0.0000	0.9872	0.9872	SAS	0.0000	0.0000	0.0103	0.0247	0.9649	0.9649	SAS	1	0
HG03854	1KG	STU	NA	-	0.0000	0.0000	0.0000	0.0000	1.0000	1.0000	SAS	0.0000	0.0000	0.0000	0.0127	0.9873	0.9873	SAS	1	0
HG04100	1KG	STU	NA	-	0.0000	0.0000	0.0000	0.0000	1.0000	1.0000	SAS	0.0000	0.0000	0.0000	0.0000	1.0000	1.0000	SAS	1	0
HG04210	1KG	STU	NA	-	0.0000	0.0000	0.0000	0.0000	1.0000	1.0000	SAS	0.0000	0.0000	0.0000	0.0036	0.9964	0.9964	SAS	1	0
HG04075	1KG	STU	NA	-	0.0000	0.0000	0.0000	0.0000	1.0000	1.0000	SAS	0.0000	0.0000	0.0000	0.0158	0.9841	0.9841	SAS	1	0
HG04229	1KG	STU	NA	-	0.0000	0.0000	0.0000	0.0000	1.0000	1.0000	SAS	0.0000	0.0000	0.0000	0.0226	0.9773	0.9773	SAS	1	0
HG04227	1KG	STU	NA	-	0.0000	0.0000	0.0456	0.0000	0.9543	0.9543	SAS	0.0000	0.0000	0.0421	0.0000	0.9579	0.9579	SAS	1	0
HG03945	1KG	STU	NA	-	0.0000	0.0000	0.0000	0.0000	1.0000	1.0000	SAS	0.0000	0.0000	0.0000	0.0315	0.9685	0.9685	SAS	1	0
HG03955	1KG	STU	NA	-	0.0000	0.0000	0.0000	0.0000	1.0000	1.0000	SAS	0.0000	0.0000	0.0000	0.0264	0.9736	0.9736	SAS	1	0
HG03990	1KG	STU	NA	-	0.0000	0.0000	0.0119	0.0000	0.9881	0.9881	SAS	0.0000	0.0000	0.0069	0.0000	0.9931	0.9931	SAS	1	0
HG03991	1KG	STU	NA	-	0.0000	0.0000	0.0000	0.0000	1.0000	1.0000	SAS	0.0000	0.0000	0.0000	0.0096	0.9904	0.9904	SAS	1	0
HG03985	1KG	STU	NA	-	0.0000	0.0000	0.0000	0.0000	1.0000	1.0000	SAS	0.0000	0.0000	0.0000	0.0000	1.0000	1.0000	SAS	1	0
HG03989	1KG	STU	NA	-	0.0000	0.0000	0.0000	0.0000	1.0000	1.0000	SAS	0.0000	0.0000	0.0000	0.0115	0.9885	0.9885	SAS	1	0
HG04003	1KG	STU	NA	-	0.0000	0.0000	0.0000	0.0837	0.9162	0.9162	SAS	0.0000	0.0000	0.0000	0.1437	0.8563	0.8563	SAS	1	0
HG04038	1KG	STU	NA	-	0.0000	0.0000	0.0102	0.0000	0.9897	0.9897	SAS	0.0000	0.0000	0.0072	0.0122	0.9806	0.9806	SAS	1	0
HG04039	1KG	STU	NA	-	0.0000	0.0000	0.0071	0.0000	0.9928	0.9928	SAS	0.0000	0.0000	0.0005	0.0023	0.9972	0.9972	SAS	1	0
HG04047	1KG	STU	NA	-	0.0000	0.0000	0.0000	0.0000	1.0000	1.0000	SAS	0.0000	0.0000	0.0000	0.0000	1.0000	1.0000	SAS	1	0
HG04107	1KG	STU	NA	-	0.0000	0.0000	0.0000	0.0000	1.0000	1.0000	SAS	0.0000	0.0000	0.0000	0.0000	1.0000	1.0000	SAS	1	0
HG04106	1KG	STU	NA	-	0.0000	0.0000	0.0000	0.0000	1.0000	1.0000	SAS	0.0000	0.0000	0.0000	0.0156	0.9844	0.9844	SAS	1	0
HG03774	1KG	ITU	NA	-	0.0000	0.0000	0.0000	0.0000	1.0000	1.0000	SAS	0.0000	0.0000	0.0000	0.0327	0.9673	0.9673	SAS	1	0
HG04001	1KG	ITU	NA	-	0.0000	0.0000	0.0000	0.0000	1.0000	1.0000	SAS	0.0000	0.0000	0.0000	0.0220	0.9779	0.9779	SAS	1	0
HG03969	1KG	ITU	NA	-	0.0000	0.0000	0.0000	0.0000	1.0000	1.0000	SAS	0.0000	0.0000	0.0000	0.0171	0.9829	0.9829	SAS	1	0
HG04023	1KG	ITU	NA	-	0.0000	0.0000	0.0000	0.0000	1.0000	1.0000	SAS	0.0000	0.0000	0.0000	0.0000	1.0000	1.0000	SAS	1	0
HG04060	1KG	ITU	NA	-	0.0000	0.0000	0.0000	0.0496	0.9504	0.9504	SAS	0.0000	0.0000	0.0000	0.1096	0.8904	0.8904	SAS	1	0
HG04090	1KG	ITU	NA	-	0.0000	0.0000	0.0000	0.0000	1.0000	1.0000	SAS	0.0000	0.0000	0.0000	0.0212	0.9788	0.9788	SAS	1	0
HG04056	1KG	ITU	NA	-	0.0000	0.0000	0.0000	0.0000	1.0000	1.0000	SAS	0.0000	0.0000	0.0000	0.0000	1.0000	1.0000	SAS	1	0
HG04054	1KG	ITU	NA	-	0.0000	0.0000	0.0000	0.0000	1.0000	1.0000	SAS	0.0000	0.0000	0.0000	0.0000	1.0000	1.0000	SAS	1	0
HG04061	1KG	ITU	NA	-	0.0000	0.0000	0.0000	0.0000	1.0000	1.0000	SAS	0.0000	0.0000	0.0000	0.0000	1.0000	1.0000	SAS	1	0
HG04062	1KG	ITU	NA	-	0.0000	0.0000	0.0000	0.0000	1.0000	1.0000	SAS	0.0000	0.0000	0.0000	0.0000	1.0000	1.0000	SAS	1	0
HG04059	1KG	ITU	NA	-	0.0000	0.0000	0.0000	0.0000	1.0000	1.0000	SAS	0.0000	0.0000	0.0000	0.0520	0.9480	0.9480	SAS	1	0
HG04076	1KG	ITU	NA	-	0.0000	0.0000	0.0000	0.0000	1.0000	1.0000	SAS	0.0000	0.0000	0.0000	0.0359	0.9640	0.9640	SAS	1	0
HG04080	1KG	ITU	NA	-	0.0000	0.0000	0.0000	0.0425	0.9575	0.9575	SAS	0.0000	0.0000	0.0000	0.1009	0.8991	0.8991	SAS	1	0
HG04094	1KG	ITU	NA	-	0.0000	0.0000	0.0000	0.0000	1.0000	1.0000	SAS	0.0000	0.0000	0.0000	0.0242	0.9758	0.9758	SAS	1	0
HG04096	1KG	ITU	NA	-	0.0000	0.0000	0.0000	0.0000	1.0000	1.0000	SAS	0.0000	0.0000	0.0000	0.0000	1.0000	1.0000	SAS	1	0
HG04098	1KG	ITU	NA	-	0.0000	0.0000	0.0000	0.0000	1.0000	1.0000	SAS	0.0000	0.0000	0.0000	0.0233	0.9767	0.9767	SAS	1	0
HG03778	1KG	ITU	NA	-	0.0000	0.0000	0.0000	0.0000	1.0000	1.0000	SAS	0.0000	0.0000	0.0000	0.0106	0.9893	0.9893	SAS	1	0
HG04209	1KG	ITU	NA	-	0.0000	0.0000	0.0000	0.0000	1.0000	1.0000	SAS	0.0000	0.0000	0.0000	0.0056	0.9943	0.9943	SAS	1	0
HG04198	1KG	ITU	NA	-	0.0000	0.0000	0.0000	0.0000	1.0000	1.0000	SAS	0.0000	0.0000	0.0000	0.0432	0.9568	0.9568	SAS	1	0
HG04200	1KG	ITU	NA	-	0.0000	0.0000	0.0000	0.0000	1.0000	1.0000	SAS	0.0000	0.0000	0.0000	0.0419	0.9581	0.9581	SAS	1	0
HG04206	1KG	ITU	NA	-	0.0000	0.0000	0.0000	0.0000	1.0000	1.0000	SAS	0.0000	0.0000	0.0000	0.0455	0.9545	0.9545	SAS	1	0
HG04211	1KG	ITU	NA	-	0.0000	0.0000	0.0000	0.0000	1.0000	1.0000	SAS	0.0000	0.0000	0.0000	0.0019	0.9981	0.9981	SAS	1	0
HG04212	1KG	ITU	NA	-	0.0000	0.0000	0.0000	0.0000	1.0000	1.0000	SAS	0.0000	0.0000	0.0000	0.0204	0.9796	0.9796	SAS	1	0
HG04222	1KG	ITU	NA	-	0.0000	0.0000	0.0000	0.0000	1.0000	1.0000	SAS	0.0000	0.0000	0.0000	0.0135	0.9865	0.9865	SAS	1	0
HG04214	1KG	ITU	NA	-	0.0000	0.0000	0.0000	0.0000	1.0000	1.0000	SAS	0.0000	0.0000	0.0000	0.0460	0.9540	0.9540	SAS	1	0
HG04216	1KG	ITU	NA	-	0.0000	0.0000	0.0000	0.0000	1.0000	1.0000	SAS	0.0000	0.0000	0.0000	0.0514	0.9486	0.9486	SAS	1	0
HG04239	1KG	ITU	NA	-	0.0000	0.0000	0.0000	0.0000	1.0000	1.0000	SAS	0.0000	0.0000	0.0000	0.0000	1.0000	1.0000	SAS	1	0
HG04219	1KG	ITU	NA	-	0.0000	0.0000	0.0000	0.0000	1.0000	1.0000	SAS	0.0000	0.0000	0.0000	0.0315	0.9684	0.9684	SAS	1	0
HG04225	1KG	ITU	NA	-	0.0000	0.0000	0.0000	0.0000	1.0000	1.0000	SAS	0.0000	0.0000	0.0000	0.0331	0.9669	0.9669	SAS	1	0
HG04235	1KG	ITU	NA	-	0.0000	0.0000	0.0000	0.0000	1.0000	1.0000	SAS	0.0000	0.0000	0.0000	0.0270	0.9729	0.9729	SAS	1	0
HG04238	1KG	ITU	NA	-	0.0000	0.0000	0.0000	0.0000	1.0000	1.0000	SAS	0.0000	0.0000	0.0000	0.0313	0.9687	0.9687	SAS	1	0
HG03875	1KG	ITU	NA	-	0.0000	0.0000	0.0000	0.0859	0.9141	0.9141	SAS	0.0000	0.0000	0.0000	0.1462	0.8538	0.8538	SAS	1	0
HG03965	1KG	ITU	NA	-	0.0000	0.0000	0.0208	0.0000	0.9791	0.9791	SAS	0.0000	0.0000	0.0177	0.0000	0.9823	0.9823	SAS	1	0
HG04070	1KG	ITU	NA	-	0.0000	0.0000	0.0083	0.0000	0.9917	0.9917	SAS	0.0000	0.0000	0.0041	0.0204	0.9755	0.9755	SAS	1	0
HG03868	1KG	ITU	NA	-	0.0000	0.0000	0.0000	0.0000	1.0000	1.0000	SAS	0.0000	0.0000	0.0000	0.0337	0.9663	0.9663	SAS	1	0
HG03871	1KG	ITU	NA	-	0.0000	0.0000	0.0000	0.0000	1.0000	1.0000	SAS	0.0000	0.0000	0.0000	0.0284	0.9715	0.9715	SAS	1	0
HG03967	1KG	ITU	NA	-	0.0000	0.0000	0.0000	0.0000	1.0000	1.0000	SAS	0.0000	0.0000	0.0000	0.0345	0.9655	0.9655	SAS	1	0
HG00288	1KG	FIN	EUR	-	0.0000	0.0100	0.0491	0.9409	0.0000	0.9409	EUR	0.0000	0.0105	0.0510	0.9385	0.0000	0.9385	EUR	1	1
HG00290	1KG	FIN	EUR	-	0.0000	0.0110	0.0637	0.9253	0.0000	0.9253	EUR	0.0000	0.0116	0.0654	0.9229	0.0000	0.9229	EUR	1	0
HG00304	1KG	FIN	EUR	-	0.0000	0.0065	0.0505	0.9430	0.0000	0.9430	EUR	0.0000	0.0069	0.0525	0.9406	0.0000	0.9406	EUR	1	1
HG01765	1KG	IBS	EUR	-	0.0122	0.0000	0.0000	0.9878	0.0000	0.9878	EUR	0.0125	0.0000	0.0000	0.9875	0.0000	0.9875	EUR	1	1
HG01766	1KG	IBS	EUR	-	0.0166	0.0000	0.0000	0.9833	0.0000	0.9833	EUR	0.0169	0.0000	0.0000	0.9831	0.0000	0.9831	EUR	1	1
HG01767	1KG	IBS	EUR	-	0.0173	0.0000	0.0000	0.9827	0.0000	0.9827	EUR	0.0176	0.0000	0.0000	0.9824	0.0000	0.9824	EUR	1	1
HG01768	1KG	IBS	EUR	-	0.0221	0.0000	0.0000	0.9779	0.0000	0.9779	EUR	0.0223	0.0000	0.0000	0.9776	0.0000	0.9776	EUR	1	1
HG01785	1KG	IBS	EUR	-	0.0000	0.0000	0.0000	1.0000	0.0000	1.0000	EUR	0.0000	0.0000	0.0000	1.0000	0.0000	1.0000	EUR	1	1
HG01786	1KG	IBS	EUR	-	0.0000	0.0000	0.0000	1.0000	0.0000	1.0000	EUR	0.0000	0.0000	0.0000	1.0000	0.0000	1.0000	EUR	1	1
HG02219	1KG	IBS	EUR	-	0.0024	0.0000	0.0000	0.9976	0.0000	0.9976	EUR	0.0035	0.0000	0.0000	0.9965	0.0000	0.9965	EUR	1	1
MXB_10544	MXB	Nahua	AMR	AMR	0.0000	1.0000	0.0000	0.0000	0.0000	1.0000	AMR	0.0000	1.0000	0.0000	0.0000	0.0000	1.0000	AMR	1	1
MXB_10610	MXB	Tarahumara	AMR	AMR	0.0000	1.0000	0.0000	0.0000	0.0000	1.0000	AMR	0.0000	1.0000	0.0000	0.0000	0.0000	1.0000	AMR	1	1
MXB_11339	MXB	Nahua	AMR	AMR	0.0000	1.0000	0.0000	0.0000	0.0000	1.0000	AMR	0.0000	1.0000	0.0000	0.0000	0.0000	1.0000	AMR	1	1
MXB_11619	MXB	Tarahumara	AMR	AMR	0.0000	1.0000	0.0000	0.0000	0.0000	1.0000	AMR	0.0000	1.0000	0.0000	0.0000	0.0000	1.0000	AMR	1	1
MXB_12529	MXB	Nahua	AMR	AMR	0.0000	1.0000	0.0000	0.0000	0.0000	1.0000	AMR	0.0000	1.0000	0.0000	0.0000	0.0000	1.0000	AMR	1	1
MXB_13075	MXB	Nahua	AMR	AMR	0.0000	1.0000	0.0000	0.0000	0.0000	1.0000	AMR	0.0000	1.0000	0.0000	0.0000	0.0000	1.0000	AMR	1	1
MXB_13175	MXB	Tarahumara	AMR	AMR	0.0000	1.0000	0.0000	0.0000	0.0000	1.0000	AMR	0.0000	1.0000	0.0000	0.0000	0.0000	1.0000	AMR	1	1
MXB_15210	MXB	Maya	AMR	AMR	0.0000	1.0000	0.0000	0.0000	0.0000	1.0000	AMR	0.0000	1.0000	0.0000	0.0000	0.0000	1.0000	AMR	1	1
MXB_15727	MXB	Totonac	AMR	AMR	0.0000	1.0000	0.0000	0.0000	0.0000	1.0000	AMR	0.0000	1.0000	0.0000	0.0000	0.0000	1.0000	AMR	1	1
MXB_15887	MXB	Totonac	AMR	AMR	0.0000	1.0000	0.0000	0.0000	0.0000	1.0000	AMR	0.0000	1.0000	0.0000	0.0000	0.0000	1.0000	AMR	1	1
MXB_160	MXB	Nahua	AMR	AMR	0.0000	1.0000	0.0000	0.0000	0.0000	1.0000	AMR	0.0000	1.0000	0.0000	0.0000	0.0000	1.0000	AMR	1	1
MXB_1655	MXB	Nahua	AMR	AMR	0.0000	1.0000	0.0000	0.0000	0.0000	1.0000	AMR	0.0000	1.0000	0.0000	0.0000	0.0000	1.0000	AMR	1	1
MXB_19262	MXB	Zapotec/Mazatec	AMR	AMR	0.0000	1.0000	0.0000	0.0000	0.0000	1.0000	AMR	0.0000	1.0000	0.0000	0.0000	0.0000	1.0000	AMR	1	1
MXB_19369	MXB	Zapotec/Mazatec	AMR	AMR	0.0000	1.0000	0.0000	0.0000	0.0000	1.0000	AMR	0.0000	1.0000	0.0000	0.0000	0.0000	1.0000	AMR	1	1
MXB_20305	MXB	Maya	AMR	AMR	0.0000	1.0000	0.0000	0.0000	0.0000	1.0000	AMR	0.0000	1.0000	0.0000	0.0000	0.0000	1.0000	AMR	1	1
MXB_20306	MXB	Maya	AMR	AMR	0.0000	1.0000	0.0000	0.0000	0.0000	1.0000	AMR	0.0000	1.0000	0.0000	0.0000	0.0000	1.0000	AMR	1	1
MXB_22419	MXB	Maya	AMR	AMR	0.0000	1.0000	0.0000	0.0000	0.0000	1.0000	AMR	0.0000	1.0000	0.0000	0.0000	0.0000	1.0000	AMR	1	1
MXB_22998	MXB	Zapotec/Mazatec	AMR	AMR	0.0000	1.0000	0.0000	0.0000	0.0000	1.0000	AMR	0.0000	1.0000	0.0000	0.0000	0.0000	1.0000	AMR	1	1
MXB_23094	MXB	Nahua	AMR	AMR	0.0000	1.0000	0.0000	0.0000	0.0000	1.0000	AMR	0.0000	1.0000	0.0000	0.0000	0.0000	1.0000	AMR	1	1
MXB_23097	MXB	Nahua	AMR	AMR	0.0000	1.0000	0.0000	0.0000	0.0000	1.0000	AMR	0.0000	1.0000	0.0000	0.0000	0.0000	1.0000	AMR	1	1
MXB_24133	MXB	Maya	AMR	AMR	0.0000	1.0000	0.0000	0.0000	0.0000	1.0000	AMR	0.0000	1.0000	0.0000	0.0000	0.0000	1.0000	AMR	1	1
MXB_24186	MXB	Maya	AMR	AMR	0.0000	1.0000	0.0000	0.0000	0.0000	1.0000	AMR	0.0000	1.0000	0.0000	0.0000	0.0000	1.0000	AMR	1	1
MXB_24586	MXB	Huichol	AMR	AMR	0.0000	1.0000	0.0000	0.0000	0.0000	1.0000	AMR	0.0000	1.0000	0.0000	0.0000	0.0000	1.0000	AMR	1	1
MXB_2641	MXB	Nahua	AMR	AMR	0.0000	1.0000	0.0000	0.0000	0.0000	1.0000	AMR	0.0000	1.0000	0.0000	0.0000	0.0000	1.0000	AMR	1	1
MXB_28337	MXB	Zapotec/Mazatec	AMR	AMR	0.0000	1.0000	0.0000	0.0000	0.0000	1.0000	AMR	0.0000	1.0000	0.0000	0.0000	0.0000	1.0000	AMR	1	1
MXB_28339	MXB	Zapotec/Mazatec	AMR	AMR	0.0000	1.0000	0.0000	0.0000	0.0000	1.0000	AMR	0.0000	1.0000	0.0000	0.0000	0.0000	1.0000	AMR	1	1
MXB_28344	MXB	Zapotec/Mazatec	AMR	AMR	0.0000	1.0000	0.0000	0.0000	0.0000	1.0000	AMR	0.0000	1.0000	0.0000	0.0000	0.0000	1.0000	AMR	1	1
MXB_28452	MXB	Zapotec/Mazatec	AMR	AMR	0.0000	1.0000	0.0000	0.0000	0.0000	1.0000	AMR	0.0000	1.0000	0.0000	0.0000	0.0000	1.0000	AMR	1	1
MXB_28564	MXB	Zapotec/Mazatec	AMR	AMR	0.0000	1.0000	0.0000	0.0000	0.0000	1.0000	AMR	0.0000	1.0000	0.0000	0.0000	0.0000	1.0000	AMR	1	1
MXB_29762	MXB	Nahua	AMR	AMR	0.0000	1.0000	0.0000	0.0000	0.0000	1.0000	AMR	0.0000	1.0000	0.0000	0.0000	0.0000	1.0000	AMR	1	1
MXB_30112	MXB	Huichol	AMR	AMR	0.0000	1.0000	0.0000	0.0000	0.0000	1.0000	AMR	0.0000	1.0000	0.0000	0.0000	0.0000	1.0000	AMR	1	1
MXB_32325	MXB	Maya	AMR	AMR	0.0000	1.0000	0.0000	0.0000	0.0000	1.0000	AMR	0.0000	1.0000	0.0000	0.0000	0.0000	1.0000	AMR	1	1
MXB_33270	MXB	Nahua	AMR	AMR	0.0000	1.0000	0.0000	0.0000	0.0000	1.0000	AMR	0.0000	1.0000	0.0000	0.0000	0.0000	1.0000	AMR	1	1
MXB_35177	MXB	Nahua	AMR	AMR	0.0000	1.0000	0.0000	0.0000	0.0000	1.0000	AMR	0.0000	1.0000	0.0000	0.0000	0.0000	1.0000	AMR	1	1
MXB_35474	MXB	Tzotzil	AMR	AMR	0.0000	1.0000	0.0000	0.0000	0.0000	1.0000	AMR	0.0000	1.0000	0.0000	0.0000	0.0000	1.0000	AMR	1	1
MXB_35488	MXB	Tzotzil	AMR	AMR	0.0000	1.0000	0.0000	0.0000	0.0000	1.0000	AMR	0.0000	1.0000	0.0000	0.0000	0.0000	1.0000	AMR	1	1
MXB_3573	MXB	Nahua	AMR	AMR	0.0000	1.0000	0.0000	0.0000	0.0000	1.0000	AMR	0.0000	1.0000	0.0000	0.0000	0.0000	1.0000	AMR	1	1
MXB_36131	MXB	Tzotzil	AMR	AMR	0.0000	1.0000	0.0000	0.0000	0.0000	1.0000	AMR	0.0000	1.0000	0.0000	0.0000	0.0000	1.0000	AMR	1	1
MXB_37448	MXB	Zapotec/Mazatec	AMR	AMR	0.0000	1.0000	0.0000	0.0000	0.0000	1.0000	AMR	0.0000	1.0000	0.0000	0.0000	0.0000	1.0000	AMR	1	1
MXB_39462	MXB	Nahua	AMR	AMR	0.0000	1.0000	0.0000	0.0000	0.0000	1.0000	AMR	0.0000	1.0000	0.0000	0.0000	0.0000	1.0000	AMR	1	1
MXB_3990	MXB	Nahua	AMR	AMR	0.0000	1.0000	0.0000	0.0000	0.0000	1.0000	AMR	0.0000	1.0000	0.0000	0.0000	0.0000	1.0000	AMR	1	1
MXB_40340	MXB	Nahua	AMR	AMR	0.0000	1.0000	0.0000	0.0000	0.0000	1.0000	AMR	0.0000	1.0000	0.0000	0.0000	0.0000	1.0000	AMR	1	1
MXB_40376	MXB	Totonac	AMR	AMR	0.0000	1.0000	0.0000	0.0000	0.0000	1.0000	AMR	0.0000	1.0000	0.0000	0.0000	0.0000	1.0000	AMR	1	1
MXB_40870	MXB	Tzotzil	AMR	AMR	0.0000	1.0000	0.0000	0.0000	0.0000	1.0000	AMR	0.0000	1.0000	0.0000	0.0000	0.0000	1.0000	AMR	1	1
MXB_42639	MXB	Nahua	AMR	AMR	0.0000	1.0000	0.0000	0.0000	0.0000	1.0000	AMR	0.0000	1.0000	0.0000	0.0000	0.0000	1.0000	AMR	1	1
MXB_42990	MXB	Totonac	AMR	AMR	0.0000	1.0000	0.0000	0.0000	0.0000	1.0000	AMR	0.0000	1.0000	0.0000	0.0000	0.0000	1.0000	AMR	1	1
MXB_42994	MXB	Totonac	AMR	AMR	0.0000	1.0000	0.0000	0.0000	0.0000	1.0000	AMR	0.0000	1.0000	0.0000	0.0000	0.0000	1.0000	AMR	1	1
MXB_5576	MXB	Nahua	AMR	AMR	0.0000	1.0000	0.0000	0.0000	0.0000	1.0000	AMR	0.0000	1.0000	0.0000	0.0000	0.0000	1.0000	AMR	1	1
MXB_9395	MXB	Totonac	AMR	AMR	0.0000	1.0000	0.0000	0.0000	0.0000	1.0000	AMR	0.0000	1.0000	0.0000	0.0000	0.0000	1.0000	AMR	1	1
MXB_9855	MXB	Zapotec/Mazatec	AMR	AMR	0.0000	1.0000	0.0000	0.0000	0.0000	1.0000	AMR	0.0000	1.0000	0.0000	0.0000	0.0000	1.0000	AMR	1	1
